FIPS_NAME,SEASON,FIRE_YEAR,total_fires,severe_fires,lat,lon,mean_fire_size,severe_rate,lag1_severe,lag2_severe,rolling3_severe,log_total_fires,cum_severe,cum_fires,hist_severe_rate,enso_score,enso_jja,enso_score_lag1,enso_score_lag2,season_Winter,season_Spring,season_Summer,season_Fall,county_enc
Alameda,Fall,1999,1,0,37.584989,-121.886869,0.3,0.0,,,,0.6931471805599453,,,0.0,-2.0,-1.1,-2.0,3.0,0,0,0,1,0
Alameda,Fall,2005,1,0,37.595778,-121.889683,0.1,0.0,0.0,,0.0,0.6931471805599453,0.0,1.0,0.0,-0.5,-0.06,0.5,0.0,0,0,0,1,0
Alameda,Fall,2006,1,0,37.5944,-121.8888,0.1,0.0,0.0,0.0,0.0,0.6931471805599453,0.0,2.0,0.0,0.5,0.1,-0.5,0.5,0,0,0,1,0
Alameda,Fall,2011,25,0,37.62869424,-121.87305392,3.6164,0.0,0.0,0.0,0.0,3.258096538021482,0.0,3.0,0.0,-1.0,-0.43,-2.0,1.0,0,0,0,1,0
Alameda,Fall,2012,1,0,37.576533,-121.879317,1.0,0.0,0.0,0.0,0.0,0.6931471805599453,0.0,28.0,0.0,0.0,0.3,-1.0,-2.0,0,0,0,1,0
Alameda,Fall,2013,4,0,37.7258585,-121.7250835,38.4,0.0,0.0,0.0,0.0,1.6094379124341003,0.0,29.0,0.0,0.0,-0.35,0.0,-1.0,0,0,0,1,0
Alameda,Fall,2014,2,0,37.619775,-121.84967499999999,0.125,0.0,0.0,0.0,0.0,1.0986122886681098,0.0,33.0,0.0,0.5,0.1,0.0,0.0,0,0,0,1,0
Alameda,Fall,2015,4,0,37.712033500000004,-121.63369975,2.8125,0.0,0.0,0.0,0.0,1.6094379124341003,0.0,35.0,0.0,3.0,1.57,0.5,0.0,0,0,0,1,0
Alameda,Spring,2001,2,0,37.599531,-121.886981,0.1,0.0,,,,1.0986122886681098,0.0,39.0,0.0,0.0,-0.08,-0.5,-2.0,0,1,0,0,0
Alameda,Spring,2002,1,0,37.599531,-121.886981,0.2,0.0,0.0,,0.0,0.6931471805599453,0.0,2.0,0.0,1.0,0.79,0.0,-0.5,0,1,0,0,0
Alameda,Spring,2004,1,0,37.672539,-121.760431,10.0,0.0,0.0,0.0,0.0,0.6931471805599453,0.0,3.0,0.0,0.5,0.47,0.0,1.0,0,1,0,0,0
Alameda,Spring,2005,1,0,37.59265,-121.884728,1.0,0.0,0.0,0.0,0.0,0.6931471805599453,0.0,4.0,0.0,-0.5,-0.06,0.5,0.0,0,1,0,0,0
Alameda,Spring,2007,1,0,37.595869,-121.8864,0.1,0.0,0.0,0.0,0.0,0.6931471805599453,0.0,5.0,0.0,-2.0,-0.56,0.5,-0.5,0,1,0,0,0
Alameda,Spring,2011,22,0,37.67185790909091,-121.94664886363636,0.3868181818181818,0.0,0.0,0.0,0.0,3.1354942159291497,0.0,6.0,0.0,-1.0,-0.43,-2.0,1.0,0,1,0,0,0
Alameda,Spring,2012,5,0,37.6210132,-121.82258120000002,12.324,0.0,0.0,0.0,0.0,1.791759469228055,0.0,28.0,0.0,0.0,0.3,-1.0,-2.0,0,1,0,0,0
Alameda,Spring,2013,18,0,37.745383555555556,-121.7939363888889,26.168333333333333,0.0,0.0,0.0,0.0,2.9444389791664403,0.0,33.0,0.0,0.0,-0.35,0.0,-1.0,0,1,0,0,0
Alameda,Spring,2014,13,0,37.72082569230769,-121.68720384615384,4.2930769230769235,0.0,0.0,0.0,0.0,2.6390573296152584,0.0,51.0,0.0,0.5,0.1,0.0,0.0,0,1,0,0,0
Alameda,Spring,2015,18,0,37.71586105555556,-121.66508611111112,23.226666666666667,0.0,0.0,0.0,0.0,2.9444389791664403,0.0,64.0,0.0,3.0,1.57,0.5,0.0,0,1,0,0,0
Alameda,Summer,1998,1,0,37.599669,-121.923561,0.1,0.0,,,,0.6931471805599453,0.0,82.0,0.0,-2.0,-0.78,3.0,0.0,0,0,1,0,0
Alameda,Summer,1999,1,0,37.599669,-121.923561,0.1,0.0,0.0,,0.0,0.6931471805599453,0.0,1.0,0.0,-2.0,-1.1,-2.0,3.0,0,0,1,0,0
Alameda,Summer,2002,1,0,37.599489,-121.905261,0.1,0.0,0.0,0.0,0.0,0.6931471805599453,0.0,2.0,0.0,1.0,0.79,0.0,-0.5,0,0,1,0,0
Alameda,Summer,2003,3,0,37.599577000000004,-121.89917433333335,0.4000000000000001,0.0,0.0,0.0,0.0,1.3862943611198906,0.0,3.0,0.0,0.0,0.08,1.0,0.0,0,0,1,0,0
Alameda,Summer,2004,1,0,37.599489,-121.905261,0.1,0.0,0.0,0.0,0.0,0.6931471805599453,0.0,6.0,0.0,0.5,0.47,0.0,1.0,0,0,1,0,0
Alameda,Summer,2005,4,1,37.621694999999995,-121.840247,107.8,0.25,0.0,0.0,0.0,1.6094379124341003,0.0,7.0,0.0,-0.5,-0.06,0.5,0.0,0,0,1,0,0
Alameda,Summer,2006,3,0,37.61886466666667,-121.850512,0.5333333333333333,0.0,1.0,0.0,0.3333333333333333,1.3862943611198906,1.0,11.0,0.09090909090909091,0.5,0.1,-0.5,0.5,0,0,1,0,0
Alameda,Summer,2007,1,0,37.592608,-121.8847,0.1,0.0,0.0,1.0,0.3333333333333333,0.6931471805599453,1.0,14.0,0.07142857142857142,-2.0,-0.56,0.5,-0.5,0,0,1,0,0
Alameda,Summer,2011,65,2,37.66304510769231,-121.86303547692307,21.927999999999997,0.03076923076923077,0.0,0.0,0.3333333333333333,4.189654742026425,1.0,15.0,0.06666666666666667,-1.0,-0.43,-2.0,1.0,0,0,1,0,0
Alameda,Summer,2012,7,0,37.68109871428572,-121.71982414285715,7.1571428571428575,0.0,2.0,0.0,0.6666666666666666,2.0794415416798357,3.0,80.0,0.0375,0.0,0.3,-1.0,-2.0,0,0,1,0,0
Alameda,Summer,2013,25,0,37.70428596,-121.68663792,8.790799999999999,0.0,0.0,2.0,0.6666666666666666,3.258096538021482,3.0,87.0,0.034482758620689655,0.0,-0.35,0.0,-1.0,0,0,1,0,0
Alameda,Summer,2014,18,0,37.67668416666666,-121.95306783333334,4.113333333333333,0.0,0.0,0.0,0.6666666666666666,2.9444389791664403,3.0,112.0,0.026785714285714284,0.5,0.1,0.0,0.0,0,0,1,0,0
Alameda,Summer,2015,18,0,37.66527722222222,-121.80206883333332,9.135,0.0,0.0,0.0,0.0,2.9444389791664403,3.0,130.0,0.023076923076923078,3.0,1.57,0.5,0.0,0,0,1,0,0
Alameda,Winter,2011,10,0,37.561973,-121.9185753,0.09,0.0,,,,2.3978952727983707,3.0,148.0,0.02027027027027027,-1.0,-0.43,-2.0,1.0,1,0,0,0,0
Alameda,Winter,2012,5,0,37.6794498,-121.77037720000001,0.12000000000000002,0.0,0.0,,0.0,1.791759469228055,0.0,10.0,0.0,0.0,0.3,-1.0,-2.0,1,0,0,0,0
Alameda,Winter,2013,13,0,37.73503723076923,-122.03417146153846,0.10307692307692308,0.0,0.0,0.0,0.0,2.6390573296152584,0.0,15.0,0.0,0.0,-0.35,0.0,-1.0,1,0,0,0,0
Alameda,Winter,2014,4,0,37.676007,-121.7579055,0.2375,0.0,0.0,0.0,0.0,1.6094379124341003,0.0,28.0,0.0,0.5,0.1,0.0,0.0,1,0,0,0,0
Alpine,Fall,2005,4,0,38.7359833325,-119.8151472225,0.2,0.0,,,,1.6094379124341003,0.0,32.0,0.0,-0.5,-0.06,0.5,0.0,0,0,0,1,1
Alpine,Fall,2006,4,0,38.6241611125,-119.88355,2.55,0.0,0.0,,0.0,1.6094379124341003,0.0,4.0,0.0,0.5,0.1,-0.5,0.5,0,0,0,1,1
Alpine,Fall,2007,3,0,38.54620370333333,-119.94425926000001,0.3333333333333333,0.0,0.0,0.0,0.0,1.3862943611198906,0.0,8.0,0.0,-2.0,-0.56,0.5,-0.5,0,0,0,1,1
Alpine,Fall,2008,5,0,38.565666666,-119.905782222,0.064,0.0,0.0,0.0,0.0,1.791759469228055,0.0,11.0,0.0,-0.5,-0.37,-2.0,0.5,0,0,0,1,1
Alpine,Fall,2009,1,0,38.66555556,-119.73305556,0.1,0.0,0.0,0.0,0.0,0.6931471805599453,0.0,16.0,0.0,1.0,0.45,-0.5,-2.0,0,0,0,1,1
Alpine,Fall,2010,8,0,38.6357638875,-119.918507,0.12625,0.0,0.0,0.0,0.0,2.1972245773362196,0.0,17.0,0.0,-2.0,-1.05,1.0,-0.5,0,0,0,1,1
Alpine,Fall,2012,2,0,38.489722224999994,-120.00319444499999,0.875,0.0,0.0,0.0,0.0,1.0986122886681098,0.0,25.0,0.0,0.0,0.3,-1.0,-2.0,0,0,0,1,1
Alpine,Fall,2013,7,0,38.419444444285716,-120.00873015857142,0.6485714285714286,0.0,0.0,0.0,0.0,2.0794415416798357,0.0,27.0,0.0,0.0,-0.35,0.0,-1.0,0,0,0,1,1
Alpine,Fall,2014,6,0,38.37699074166667,-119.98986111166666,0.12,0.0,0.0,0.0,0.0,1.9459101490553132,0.0,34.0,0.0,0.5,0.1,0.0,0.0,0,0,0,1,1
Alpine,Spring,2004,2,0,38.757777775,-119.799166665,0.55,0.0,,,,1.0986122886681098,0.0,40.0,0.0,0.5,0.47,0.0,1.0,0,1,0,0,1
Alpine,Spring,2005,2,0,38.769999999999996,-119.86347222500001,0.3,0.0,0.0,,0.0,1.0986122886681098,0.0,2.0,0.0,-0.5,-0.06,0.5,0.0,0,1,0,0,1
Alpine,Spring,2006,1,0,38.81888889,-119.75027778,0.1,0.0,0.0,0.0,0.0,0.6931471805599453,0.0,4.0,0.0,0.5,0.1,-0.5,0.5,0,1,0,0,1
Alpine,Spring,2007,5,0,38.686277778,-119.74310889,0.19,0.0,0.0,0.0,0.0,1.791759469228055,0.0,5.0,0.0,-2.0,-0.56,0.5,-0.5,0,1,0,0,1
Alpine,Spring,2008,2,0,38.80513889,-119.780694445,0.1,0.0,0.0,0.0,0.0,1.0986122886681098,0.0,10.0,0.0,-0.5,-0.37,-2.0,0.5,0,1,0,0,1
Alpine,Spring,2009,1,0,38.72,-119.69555556,0.3,0.0,0.0,0.0,0.0,0.6931471805599453,0.0,12.0,0.0,1.0,0.45,-0.5,-2.0,0,1,0,0,1
Alpine,Spring,2013,7,0,38.663412699999995,-119.81452380857142,0.12,0.0,0.0,0.0,0.0,2.0794415416798357,0.0,13.0,0.0,0.0,-0.35,0.0,-1.0,0,1,0,0,1
Alpine,Spring,2014,6,0,38.617824074999994,-119.82754629666668,0.3016666666666667,0.0,0.0,0.0,0.0,1.9459101490553132,0.0,20.0,0.0,0.5,0.1,0.0,0.0,0,1,0,0,1
Alpine,Spring,2015,5,1,38.624333334,-119.83661111199999,3558.352,0.2,0.0,0.0,0.0,1.791759469228055,0.0,26.0,0.0,3.0,1.57,0.5,0.0,0,1,0,0,1
Alpine,Summer,1999,2,0,38.75835,-119.63499999999999,0.55,0.0,,,,1.0986122886681098,1.0,31.0,0.03225806451612903,-2.0,-1.1,-2.0,3.0,0,0,1,0,1
Alpine,Summer,2000,3,0,38.76460370666667,-119.90839999999999,0.10000000000000002,0.0,0.0,,0.0,1.3862943611198906,0.0,2.0,0.0,-0.5,-0.55,-2.0,-2.0,0,0,1,0,1
Alpine,Summer,2001,2,0,38.6853,-119.69115,0.2,0.0,0.0,0.0,0.0,1.0986122886681098,0.0,5.0,0.0,0.0,-0.08,-0.5,-2.0,0,0,1,0,1
Alpine,Summer,2002,2,1,38.65575,-119.70105,301.5,0.5,0.0,0.0,0.0,1.0986122886681098,0.0,7.0,0.0,1.0,0.79,0.0,-0.5,0,0,1,0,1
Alpine,Summer,2003,1,0,38.7418,-119.7688,0.1,0.0,1.0,0.0,0.3333333333333333,0.6931471805599453,1.0,9.0,0.1111111111111111,0.0,0.08,1.0,0.0,0,0,1,0,1
Alpine,Summer,2004,32,0,38.6073986103125,-119.7970694446875,0.6296875000000001,0.0,0.0,1.0,0.3333333333333333,3.4965075614664802,1.0,10.0,0.1,0.5,0.47,0.0,1.0,0,0,1,0,1
Alpine,Summer,2005,14,1,38.703941269285714,-119.79210317357142,42.27499999999999,0.07142857142857142,0.0,0.0,0.3333333333333333,2.70805020110221,1.0,42.0,0.023809523809523808,-0.5,-0.06,0.5,0.0,0,0,1,0,1
Alpine,Summer,2006,43,0,38.6303294572093,-119.8289795860465,2.0879069767441862,0.0,1.0,0.0,0.3333333333333333,3.784189633918261,2.0,56.0,0.03571428571428571,0.5,0.1,-0.5,0.5,0,0,1,0,1
Alpine,Summer,2007,11,0,38.6754798,-119.8549242418182,6.955454545454546,0.0,0.0,1.0,0.3333333333333333,2.4849066497880004,2.0,99.0,0.020202020202020204,-2.0,-0.56,0.5,-0.5,0,0,1,0,1
Alpine,Summer,2008,11,0,38.575126262727274,-119.7878787890909,20.21909090909091,0.0,0.0,0.0,0.3333333333333333,2.4849066497880004,2.0,110.0,0.01818181818181818,-0.5,-0.37,-2.0,0.5,0,0,1,0,1
Alpine,Summer,2009,16,0,38.641964583749996,-119.800053471875,0.606875,0.0,0.0,0.0,0.0,2.833213344056216,2.0,121.0,0.01652892561983471,1.0,0.45,-0.5,-2.0,0,0,1,0,1
Alpine,Summer,2010,15,1,38.64653333333333,-119.73384006666667,76.23866666666666,0.06666666666666667,0.0,0.0,0.0,2.772588722239781,2.0,137.0,0.014598540145985401,-2.0,-1.05,1.0,-0.5,0,0,1,0,1
Alpine,Summer,2011,2,0,38.76655,-119.75720000000001,40.55,0.0,1.0,0.0,0.3333333333333333,1.0986122886681098,3.0,152.0,0.019736842105263157,-1.0,-0.43,-2.0,1.0,0,0,1,0,1
Alpine,Summer,2012,17,0,38.63362418411765,-119.79460849588236,0.601764705882353,0.0,0.0,1.0,0.3333333333333333,2.8903717578961645,3.0,154.0,0.01948051948051948,0.0,0.3,-1.0,-2.0,0,0,1,0,1
Alpine,Summer,2013,31,0,38.63297992903226,-119.81892161225807,0.9561290322580646,0.0,0.0,0.0,0.3333333333333333,3.4657359027997265,3.0,171.0,0.017543859649122806,0.0,-0.35,0.0,-1.0,0,0,1,0,1
Alpine,Summer,2014,44,0,38.58500555590909,-119.82683712022727,0.7295454545454546,0.0,0.0,0.0,0.0,3.8066624897703196,3.0,202.0,0.01485148514851485,0.5,0.1,0.0,0.0,0,0,1,0,1
Alpine,Summer,2015,17,0,38.54056666588235,-119.76475032588235,0.27117647058823524,0.0,0.0,0.0,0.0,2.8903717578961645,3.0,246.0,0.012195121951219513,3.0,1.57,0.5,0.0,0,0,1,0,1
Alpine,Winter,2006,1,0,38.775,-119.82388889,0.25,0.0,,,,0.6931471805599453,3.0,263.0,0.011406844106463879,0.5,0.1,-0.5,0.5,1,0,0,0,1
Alpine,Winter,2007,1,0,38.83027778,-119.77027778,9.0,0.0,0.0,,0.0,0.6931471805599453,0.0,1.0,0.0,-2.0,-0.56,0.5,-0.5,1,0,0,0,1
Alpine,Winter,2012,1,0,38.81222222,-119.78027778,0.01,0.0,0.0,0.0,0.0,0.6931471805599453,0.0,2.0,0.0,0.0,0.3,-1.0,-2.0,1,0,0,0,1
Amador,Fall,1998,2,0,38.352035,-120.798311,0.3,0.0,,,,1.0986122886681098,0.0,3.0,0.0,-2.0,-0.78,3.0,0.0,0,0,0,1,2
Amador,Fall,1999,2,0,38.45275,-120.660289,0.3,0.0,0.0,,0.0,1.0986122886681098,0.0,2.0,0.0,-2.0,-1.1,-2.0,3.0,0,0,0,1,2
Amador,Fall,2000,7,0,38.448128571428576,-120.63859342857143,0.31428571428571433,0.0,0.0,0.0,0.0,2.0794415416798357,0.0,4.0,0.0,-0.5,-0.55,-2.0,-2.0,0,0,0,1,2
Amador,Fall,2001,6,0,38.49714242666667,-120.48779311166668,0.26666666666666666,0.0,0.0,0.0,0.0,1.9459101490553132,0.0,11.0,0.0,0.0,-0.08,-0.5,-2.0,0,0,0,1,2
Amador,Fall,2002,7,0,38.43779842857143,-120.61543571428571,0.5,0.0,0.0,0.0,0.0,2.0794415416798357,0.0,17.0,0.0,1.0,0.79,0.0,-0.5,0,0,0,1,2
Amador,Fall,2003,7,0,38.40501871428571,-120.71337328571428,1.3285714285714285,0.0,0.0,0.0,0.0,2.0794415416798357,0.0,24.0,0.0,0.0,0.08,1.0,0.0,0,0,0,1,2
Amador,Fall,2004,4,1,38.508919415,-120.46288275,4207.3,0.25,0.0,0.0,0.0,1.6094379124341003,0.0,31.0,0.0,0.5,0.47,0.0,1.0,0,0,0,1,2
Amador,Fall,2005,5,0,38.4257068,-120.7424648,0.48,0.0,1.0,0.0,0.3333333333333333,1.791759469228055,1.0,35.0,0.02857142857142857,-0.5,-0.06,0.5,0.0,0,0,0,1,2
Amador,Fall,2006,1,0,38.473103,-120.62565,0.1,0.0,0.0,1.0,0.3333333333333333,0.6931471805599453,1.0,40.0,0.025,0.5,0.1,-0.5,0.5,0,0,0,1,2
Amador,Fall,2007,15,0,38.499364162666666,-120.46456507333333,0.44000000000000006,0.0,0.0,0.0,0.3333333333333333,2.772588722239781,1.0,41.0,0.024390243902439025,-2.0,-0.56,0.5,-0.5,0,0,0,1,2
Amador,Fall,2008,4,0,38.5552083325,-120.32215277750001,0.8250000000000001,0.0,0.0,0.0,0.0,1.6094379124341003,1.0,56.0,0.017857142857142856,-0.5,-0.37,-2.0,0.5,0,0,0,1,2
Amador,Fall,2009,5,0,38.590833332,-120.18077777799999,0.1,0.0,0.0,0.0,0.0,1.791759469228055,1.0,60.0,0.016666666666666666,1.0,0.45,-0.5,-2.0,0,0,0,1,2
Amador,Fall,2011,10,0,38.420833099999996,-120.82171639999999,2.316,0.0,0.0,0.0,0.0,2.3978952727983707,1.0,65.0,0.015384615384615385,-1.0,-0.43,-2.0,1.0,0,0,0,1,2
Amador,Fall,2012,15,0,38.449622911333336,-120.68035906666667,1.6766666666666667,0.0,0.0,0.0,0.0,2.772588722239781,1.0,75.0,0.013333333333333334,0.0,0.3,-1.0,-2.0,0,0,0,1,2
Amador,Fall,2013,23,0,38.438030830869565,-120.63076017391305,0.3347826086956522,0.0,0.0,0.0,0.0,3.1780538303479458,1.0,90.0,0.011111111111111112,0.0,-0.35,0.0,-1.0,0,0,0,1,2
Amador,Fall,2014,4,0,38.5223914175,-120.373851945,5.075,0.0,0.0,0.0,0.0,1.6094379124341003,1.0,113.0,0.008849557522123894,0.5,0.1,0.0,0.0,0,0,0,1,2
Amador,Fall,2015,6,0,38.36971416666667,-120.83073300000001,0.5833333333333334,0.0,0.0,0.0,0.0,1.9459101490553132,1.0,117.0,0.008547008547008548,3.0,1.57,0.5,0.0,0,0,0,1,2
Amador,Spring,1998,1,0,38.432119,-120.567561,0.1,0.0,,,,0.6931471805599453,1.0,123.0,0.008130081300813009,-2.0,-0.78,3.0,0.0,0,1,0,0,2
Amador,Spring,1999,7,0,38.44819257142858,-120.73379142857142,0.17142857142857143,0.0,0.0,,0.0,2.0794415416798357,0.0,1.0,0.0,-2.0,-1.1,-2.0,3.0,0,1,0,0,2
Amador,Spring,2000,7,0,38.417359857142856,-120.66524342857143,0.32857142857142857,0.0,0.0,0.0,0.0,2.0794415416798357,0.0,8.0,0.0,-0.5,-0.55,-2.0,-2.0,0,1,0,0,2
Amador,Spring,2001,6,0,38.388670499999996,-120.66030983333333,0.19999999999999998,0.0,0.0,0.0,0.0,1.9459101490553132,0.0,15.0,0.0,0.0,-0.08,-0.5,-2.0,0,1,0,0,2
Amador,Spring,2002,9,0,38.44473744444444,-120.59422066666667,0.18888888888888888,0.0,0.0,0.0,0.0,2.302585092994046,0.0,21.0,0.0,1.0,0.79,0.0,-0.5,0,1,0,0,2
Amador,Spring,2003,3,0,38.37397333333333,-120.72811433333334,0.3333333333333333,0.0,0.0,0.0,0.0,1.3862943611198906,0.0,30.0,0.0,0.0,0.08,1.0,0.0,0,1,0,0,2
Amador,Spring,2004,14,0,38.42038278571429,-120.63775592857142,0.5642857142857143,0.0,0.0,0.0,0.0,2.70805020110221,0.0,33.0,0.0,0.5,0.47,0.0,1.0,0,1,0,0,2
Amador,Spring,2005,1,0,38.451828,-120.706425,0.1,0.0,0.0,0.0,0.0,0.6931471805599453,0.0,47.0,0.0,-0.5,-0.06,0.5,0.0,0,1,0,0,2
Amador,Spring,2006,7,0,38.49716474714286,-120.53979615857143,0.1,0.0,0.0,0.0,0.0,2.0794415416798357,0.0,48.0,0.0,0.5,0.1,-0.5,0.5,0,1,0,0,2
Amador,Spring,2007,11,0,38.49011325181818,-120.59864754545455,5.507272727272727,0.0,0.0,0.0,0.0,2.4849066497880004,0.0,55.0,0.0,-2.0,-0.56,0.5,-0.5,0,1,0,0,2
Amador,Spring,2008,1,1,38.331944,-120.670278,400.0,1.0,0.0,0.0,0.0,0.6931471805599453,0.0,66.0,0.0,-0.5,-0.37,-2.0,0.5,0,1,0,0,2
Amador,Spring,2010,1,0,38.5275,-120.434167,0.5,0.0,1.0,0.0,0.3333333333333333,0.6931471805599453,1.0,67.0,0.014925373134328358,-2.0,-1.05,1.0,-0.5,0,1,0,0,2
Amador,Spring,2011,7,0,38.374820285714286,-120.82871871428571,2.615714285714286,0.0,0.0,1.0,0.3333333333333333,2.0794415416798357,1.0,68.0,0.014705882352941176,-1.0,-0.43,-2.0,1.0,0,1,0,0,2
Amador,Spring,2012,12,0,38.403681148333334,-120.73784027750001,0.63,0.0,0.0,0.0,0.3333333333333333,2.5649493574615367,1.0,75.0,0.013333333333333334,0.0,0.3,-1.0,-2.0,0,1,0,0,2
Amador,Spring,2013,16,0,38.4067405625,-120.69773075,12.810625,0.0,0.0,0.0,0.0,2.833213344056216,1.0,87.0,0.011494252873563218,0.0,-0.35,0.0,-1.0,0,1,0,0,2
Amador,Spring,2014,24,0,38.38614855541667,-120.74961620375001,5.105833333333334,0.0,0.0,0.0,0.0,3.2188758248682006,1.0,103.0,0.009708737864077669,0.5,0.1,0.0,0.0,0,1,0,0,2
Amador,Spring,2015,20,0,38.39963435,-120.8009738,0.39249999999999996,0.0,0.0,0.0,0.0,3.044522437723423,1.0,127.0,0.007874015748031496,3.0,1.57,0.5,0.0,0,1,0,0,2
Amador,Summer,1998,12,0,38.41618458333333,-120.69739575,0.9583333333333334,0.0,,,,2.5649493574615367,1.0,147.0,0.006802721088435374,-2.0,-0.78,3.0,0.0,0,0,1,0,2
Amador,Summer,1999,33,0,38.31199742424242,-120.55437357575758,3.1303030303030304,0.0,0.0,,0.0,3.5263605246161616,0.0,12.0,0.0,-2.0,-1.1,-2.0,3.0,0,0,1,0,2
Amador,Summer,2000,12,0,38.45377804666666,-120.73041146333333,12.424999999999999,0.0,0.0,0.0,0.0,2.5649493574615367,0.0,45.0,0.0,-0.5,-0.55,-2.0,-2.0,0,0,1,0,2
Amador,Summer,2001,10,0,38.4580215,-120.7078264,1.0699999999999998,0.0,0.0,0.0,0.0,2.3978952727983707,0.0,57.0,0.0,0.0,-0.08,-0.5,-2.0,0,0,1,0,2
Amador,Summer,2002,13,0,38.478006914615385,-120.6283736153846,4.523076923076923,0.0,0.0,0.0,0.0,2.6390573296152584,0.0,67.0,0.0,1.0,0.79,0.0,-0.5,0,0,1,0,2
Amador,Summer,2003,8,0,38.4392295,-120.634574125,13.0875,0.0,0.0,0.0,0.0,2.1972245773362196,0.0,80.0,0.0,0.0,0.08,1.0,0.0,0,0,1,0,2
Amador,Summer,2004,19,0,38.552976608421055,-120.36299497052632,0.6631578947368421,0.0,0.0,0.0,0.0,2.995732273553991,0.0,88.0,0.0,0.5,0.47,0.0,1.0,0,0,1,0,2
Amador,Summer,2005,9,0,38.40029511111111,-120.6513161111111,4.944444444444445,0.0,0.0,0.0,0.0,2.302585092994046,0.0,107.0,0.0,-0.5,-0.06,0.5,0.0,0,0,1,0,2
Amador,Summer,2006,15,0,38.420990599999996,-120.62192389666666,10.020666666666667,0.0,0.0,0.0,0.0,2.772588722239781,0.0,116.0,0.0,0.5,0.1,-0.5,0.5,0,0,1,0,2
Amador,Summer,2007,25,0,38.560572404,-120.4292955732,0.3968,0.0,0.0,0.0,0.0,3.258096538021482,0.0,131.0,0.0,-2.0,-0.56,0.5,-0.5,0,0,1,0,2
Amador,Summer,2008,2,0,38.92638889,-120.74375,0.1,0.0,0.0,0.0,0.0,1.0986122886681098,0.0,156.0,0.0,-0.5,-0.37,-2.0,0.5,0,0,1,0,2
Amador,Summer,2009,1,0,38.58388889,-120.09388889,0.01,0.0,0.0,0.0,0.0,0.6931471805599453,0.0,158.0,0.0,1.0,0.45,-0.5,-2.0,0,0,1,0,2
Amador,Summer,2010,5,0,38.65311112,-120.15950000000001,0.11400000000000002,0.0,0.0,0.0,0.0,1.791759469228055,0.0,159.0,0.0,-2.0,-1.05,1.0,-0.5,0,0,1,0,2
Amador,Summer,2011,28,0,38.38331017857143,-120.77377039285714,2.628571428571429,0.0,0.0,0.0,0.0,3.367295829986474,0.0,164.0,0.0,-1.0,-0.43,-2.0,1.0,0,0,1,0,2
Amador,Summer,2012,18,0,38.419535870555556,-120.68714708055556,3.881111111111111,0.0,0.0,0.0,0.0,2.9444389791664403,0.0,192.0,0.0,0.0,0.3,-1.0,-2.0,0,0,1,0,2
Amador,Summer,2013,25,0,38.48399536,-120.54836505760001,1.3319999999999999,0.0,0.0,0.0,0.0,3.258096538021482,0.0,210.0,0.0,0.0,-0.35,0.0,-1.0,0,0,1,0,2
Amador,Summer,2014,27,0,38.46425857962963,-120.53520718518519,4.3314814814814815,0.0,0.0,0.0,0.0,3.332204510175204,0.0,235.0,0.0,0.5,0.1,0.0,0.0,0,0,1,0,2
Amador,Summer,2015,20,0,38.498904816999996,-120.579567361,0.713,0.0,0.0,0.0,0.0,3.044522437723423,0.0,262.0,0.0,3.0,1.57,0.5,0.0,0,0,1,0,2
Amador,Winter,1999,3,0,38.455406333333336,-120.61689733333333,1.0333333333333334,0.0,,,,1.3862943611198906,0.0,282.0,0.0,-2.0,-1.1,-2.0,3.0,1,0,0,0,2
Amador,Winter,2000,1,0,38.431069,-120.715331,0.1,0.0,0.0,,0.0,0.6931471805599453,0.0,3.0,0.0,-0.5,-0.55,-2.0,-2.0,1,0,0,0,2
Amador,Winter,2001,2,0,38.410106,-120.641796,0.3,0.0,0.0,0.0,0.0,1.0986122886681098,0.0,4.0,0.0,0.0,-0.08,-0.5,-2.0,1,0,0,0,2
Amador,Winter,2002,1,0,38.402931,-120.642089,1.0,0.0,0.0,0.0,0.0,0.6931471805599453,0.0,6.0,0.0,1.0,0.79,0.0,-0.5,1,0,0,0,2
Amador,Winter,2003,1,0,38.431889,-120.549269,0.4,0.0,0.0,0.0,0.0,0.6931471805599453,0.0,7.0,0.0,0.0,0.08,1.0,0.0,1,0,0,0,2
Amador,Winter,2004,5,0,38.41984,-120.6604656,0.33999999999999997,0.0,0.0,0.0,0.0,1.791759469228055,0.0,8.0,0.0,0.5,0.47,0.0,1.0,1,0,0,0,2
Amador,Winter,2006,2,0,38.374556999999996,-120.75815700000001,0.2,0.0,0.0,0.0,0.0,1.0986122886681098,0.0,13.0,0.0,0.5,0.1,-0.5,0.5,1,0,0,0,2
Amador,Winter,2007,2,0,38.421903,-120.7376945,50.05,0.0,0.0,0.0,0.0,1.0986122886681098,0.0,15.0,0.0,-2.0,-0.56,0.5,-0.5,1,0,0,0,2
Amador,Winter,2011,3,0,38.39990366666667,-120.70920666666666,0.12,0.0,0.0,0.0,0.0,1.3862943611198906,0.0,17.0,0.0,-1.0,-0.43,-2.0,1.0,1,0,0,0,2
Amador,Winter,2012,8,0,38.392437,-120.80114075,0.35125,0.0,0.0,0.0,0.0,2.1972245773362196,0.0,20.0,0.0,0.0,0.3,-1.0,-2.0,1,0,0,0,2
Amador,Winter,2013,2,0,38.4443585,-120.6907085,0.1,0.0,0.0,0.0,0.0,1.0986122886681098,0.0,28.0,0.0,0.0,-0.35,0.0,-1.0,1,0,0,0,2
Amador,Winter,2014,8,0,38.405975749999996,-120.758132125,0.34375,0.0,0.0,0.0,0.0,2.1972245773362196,0.0,30.0,0.0,0.5,0.1,0.0,0.0,1,0,0,0,2
Amador,Winter,2015,1,0,38.496003,-120.759706,1.0,0.0,0.0,0.0,0.0,0.6931471805599453,0.0,38.0,0.0,3.0,1.57,0.5,0.0,1,0,0,0,2
Butte,Fall,1998,5,0,39.7696046,-121.58176800000001,1.2600000000000002,0.0,,,,1.791759469228055,0.0,39.0,0.0,-2.0,-0.78,3.0,0.0,0,0,0,1,3
Butte,Fall,1999,14,0,39.69267871428571,-121.53097357142858,20.25714285714286,0.0,0.0,,0.0,2.70805020110221,0.0,5.0,0.0,-2.0,-1.1,-2.0,3.0,0,0,0,1,3
Butte,Fall,2000,5,0,39.6715762,-121.532134,0.72,0.0,0.0,0.0,0.0,1.791759469228055,0.0,19.0,0.0,-0.5,-0.55,-2.0,-2.0,0,0,0,1,3
Butte,Fall,2001,8,1,39.706405,-121.502884,214.4375,0.125,0.0,0.0,0.0,2.1972245773362196,0.0,24.0,0.0,0.0,-0.08,-0.5,-2.0,0,0,0,1,3
Butte,Fall,2002,9,0,39.772288555555555,-121.56875477777778,54.955555555555556,0.0,1.0,0.0,0.3333333333333333,2.302585092994046,1.0,32.0,0.03125,1.0,0.79,0.0,-0.5,0,0,0,1,3
Butte,Fall,2003,17,0,39.76294935294118,-121.57229623529413,0.3764705882352941,0.0,0.0,1.0,0.3333333333333333,2.8903717578961645,1.0,41.0,0.024390243902439025,0.0,0.08,1.0,0.0,0,0,0,1,3
Butte,Fall,2004,10,0,39.6961817,-121.62028649999999,21.65,0.0,0.0,0.0,0.3333333333333333,2.3978952727983707,1.0,58.0,0.017241379310344827,0.5,0.47,0.0,1.0,0,0,0,1,3
Butte,Fall,2005,11,0,39.78689552545455,-121.45614371727274,0.16363636363636364,0.0,0.0,0.0,0.0,2.4849066497880004,1.0,68.0,0.014705882352941176,-0.5,-0.06,0.5,0.0,0,0,0,1,3
Butte,Fall,2006,4,0,39.839450695000004,-121.2332813075,0.05500000000000001,0.0,0.0,0.0,0.0,1.6094379124341003,1.0,79.0,0.012658227848101266,0.5,0.1,-0.5,0.5,0,0,0,1,3
Butte,Fall,2007,29,0,39.76666782758621,-121.56093479310344,0.22413793103448276,0.0,0.0,0.0,0.0,3.4011973816621555,1.0,83.0,0.012048192771084338,-2.0,-0.56,0.5,-0.5,0,0,0,1,3
Butte,Fall,2008,1,0,40.16861111,-121.49305556,1.0,0.0,0.0,0.0,0.0,0.6931471805599453,1.0,112.0,0.008928571428571428,-0.5,-0.37,-2.0,0.5,0,0,0,1,3
Butte,Fall,2009,4,0,39.8938194475,-121.405,0.09,0.0,0.0,0.0,0.0,1.6094379124341003,1.0,113.0,0.008849557522123894,1.0,0.45,-0.5,-2.0,0,0,0,1,3
Butte,Fall,2010,1,0,40.0166667,-121.466944,0.1,0.0,0.0,0.0,0.0,0.6931471805599453,1.0,117.0,0.008547008547008548,-2.0,-1.05,1.0,-0.5,0,0,0,1,3
Butte,Fall,2011,39,0,39.647602897435895,-121.52045002564101,5.045641025641026,0.0,0.0,0.0,0.0,3.6888794541139363,1.0,118.0,0.00847457627118644,-1.0,-0.43,-2.0,1.0,0,0,0,1,3
Butte,Fall,2012,16,0,39.577950708125,-121.618515840625,4.933125,0.0,0.0,0.0,0.0,2.833213344056216,1.0,157.0,0.006369426751592357,0.0,0.3,-1.0,-2.0,0,0,0,1,3
Butte,Fall,2013,94,1,39.60535254021276,-121.58188551297873,8.170212765957446,0.010638297872340425,0.0,0.0,0.0,4.553876891600541,1.0,173.0,0.005780346820809248,0.0,-0.35,0.0,-1.0,0,0,0,1,3
Butte,Fall,2014,14,0,39.62888121428572,-121.63900892857143,8.121428571428572,0.0,1.0,0.0,0.3333333333333333,2.70805020110221,2.0,267.0,0.00749063670411985,0.5,0.1,0.0,0.0,0,0,0,1,3
Butte,Fall,2015,53,1,39.605685880566035,-121.62008723264151,23.43075471698113,0.018867924528301886,0.0,1.0,0.3333333333333333,3.9889840465642745,2.0,281.0,0.0071174377224199285,3.0,1.57,0.5,0.0,0,0,0,1,3
Butte,Spring,1998,2,0,39.654255500000005,-121.718025,1.05,0.0,,,,1.0986122886681098,3.0,334.0,0.008982035928143712,-2.0,-0.78,3.0,0.0,0,1,0,0,3
Butte,Spring,1999,18,0,39.73270605555555,-121.565592,0.7888888888888889,0.0,0.0,,0.0,2.9444389791664403,0.0,2.0,0.0,-2.0,-1.1,-2.0,3.0,0,1,0,0,3
Butte,Spring,2000,20,0,39.731628549999996,-121.59947534999999,1.5699999999999998,0.0,0.0,0.0,0.0,3.044522437723423,0.0,20.0,0.0,-0.5,-0.55,-2.0,-2.0,0,1,0,0,3
Butte,Spring,2001,21,0,39.70927957142857,-121.55137,0.7095238095238096,0.0,0.0,0.0,0.0,3.091042453358316,0.0,40.0,0.0,0.0,-0.08,-0.5,-2.0,0,1,0,0,3
Butte,Spring,2002,15,0,39.721226933333334,-121.56166466666667,1.12,0.0,0.0,0.0,0.0,2.772588722239781,0.0,61.0,0.0,1.0,0.79,0.0,-0.5,0,1,0,0,3
Butte,Spring,2003,6,0,39.69166466666667,-121.52625466666666,0.13333333333333333,0.0,0.0,0.0,0.0,1.9459101490553132,0.0,76.0,0.0,0.0,0.08,1.0,0.0,0,1,0,0,3
Butte,Spring,2004,22,0,39.764667227272724,-121.56068290909091,0.7454545454545454,0.0,0.0,0.0,0.0,3.1354942159291497,0.0,82.0,0.0,0.5,0.47,0.0,1.0,0,1,0,0,3
Butte,Spring,2005,10,0,39.7630305,-121.5584556,0.52,0.0,0.0,0.0,0.0,2.3978952727983707,0.0,104.0,0.0,-0.5,-0.06,0.5,0.0,0,1,0,0,3
Butte,Spring,2006,15,0,39.61708506666666,-121.52568473333334,1.6,0.0,0.0,0.0,0.0,2.772588722239781,0.0,114.0,0.0,0.5,0.1,-0.5,0.5,0,1,0,0,3
Butte,Spring,2007,32,1,39.7638103471875,-121.57886363875,21.9971875,0.03125,0.0,0.0,0.0,3.4965075614664802,0.0,129.0,0.0,-2.0,-0.56,0.5,-0.5,0,1,0,0,3
Butte,Spring,2008,1,1,39.464722,-121.573333,1600.0,1.0,1.0,0.0,0.3333333333333333,0.6931471805599453,1.0,161.0,0.006211180124223602,-0.5,-0.37,-2.0,0.5,0,1,0,0,3
Butte,Spring,2011,37,0,39.57912327027027,-121.61645329729731,1.0667567567567566,0.0,1.0,1.0,0.6666666666666666,3.6375861597263857,2.0,162.0,0.012345679012345678,-1.0,-0.43,-2.0,1.0,0,1,0,0,3
Butte,Spring,2012,59,0,39.56851048220339,-121.62558866288136,4.7145762711864405,0.0,0.0,1.0,0.6666666666666666,4.0943445622221,2.0,199.0,0.010050251256281407,0.0,0.3,-1.0,-2.0,0,1,0,0,3
Butte,Spring,2013,73,0,39.590677694109594,-121.59037884328765,7.98054794520548,0.0,0.0,0.0,0.3333333333333333,4.30406509320417,2.0,258.0,0.007751937984496124,0.0,-0.35,0.0,-1.0,0,1,0,0,3
Butte,Spring,2014,79,0,39.57579533050633,-121.61003792544304,2.102151898734177,0.0,0.0,0.0,0.0,4.382026634673881,2.0,331.0,0.006042296072507553,0.5,0.1,0.0,0.0,0,1,0,0,3
Butte,Spring,2015,66,0,39.596535845,-121.58737092757576,0.941060606060606,0.0,0.0,0.0,0.0,4.204692619390966,2.0,410.0,0.004878048780487805,3.0,1.57,0.5,0.0,0,1,0,0,3
Butte,Summer,1998,21,0,39.627707666666666,-121.58331785714286,0.8761904761904761,0.0,,,,3.091042453358316,2.0,476.0,0.004201680672268907,-2.0,-0.78,3.0,0.0,0,0,1,0,3
Butte,Summer,1999,50,7,39.69315358,-121.5486061,357.46200000000005,0.14,0.0,,0.0,3.9318256327243257,0.0,21.0,0.0,-2.0,-1.1,-2.0,3.0,0,0,1,0,3
Butte,Summer,2000,24,1,39.73157766666667,-121.57571670833333,78.30833333333334,0.041666666666666664,7.0,0.0,3.5,3.2188758248682006,7.0,71.0,0.09859154929577464,-0.5,-0.55,-2.0,-2.0,0,0,1,0,3
Butte,Summer,2001,35,1,39.72497548571429,-121.54409899999999,240.93428571428572,0.02857142857142857,1.0,7.0,2.6666666666666665,3.58351893845611,8.0,95.0,0.08421052631578947,0.0,-0.08,-0.5,-2.0,0,0,1,0,3
Butte,Summer,2002,43,0,39.70792569767442,-121.55175067441861,2.830232558139535,0.0,1.0,1.0,3.0,3.784189633918261,9.0,130.0,0.06923076923076923,1.0,0.79,0.0,-0.5,0,0,1,0,3
Butte,Summer,2003,33,0,39.77585487878788,-121.5960959090909,2.754545454545455,0.0,0.0,1.0,0.6666666666666666,3.5263605246161616,9.0,173.0,0.05202312138728324,0.0,0.08,1.0,0.0,0,0,1,0,3
Butte,Summer,2004,30,2,39.76949186666666,-121.60846856666667,78.55999999999999,0.06666666666666667,0.0,0.0,0.3333333333333333,3.4339872044851463,9.0,206.0,0.043689320388349516,0.5,0.47,0.0,1.0,0,0,1,0,3
Butte,Summer,2005,16,0,39.69903463875,-121.53658367375,0.8,0.0,2.0,0.0,0.6666666666666666,2.833213344056216,11.0,236.0,0.046610169491525424,-0.5,-0.06,0.5,0.0,0,0,1,0,3
Butte,Summer,2006,21,0,39.77449572523809,-121.51278641761904,4.423809523809523,0.0,0.0,2.0,0.6666666666666666,3.091042453358316,11.0,252.0,0.04365079365079365,0.5,0.1,-0.5,0.5,0,0,1,0,3
Butte,Summer,2007,43,2,39.69553165627907,-121.52647665627907,35.334883720930236,0.046511627906976744,0.0,0.0,0.6666666666666666,3.784189633918261,11.0,273.0,0.040293040293040296,-2.0,-0.56,0.5,-0.5,0,0,1,0,3
Butte,Summer,2008,16,4,39.7488939175,-121.354896049375,166.644375,0.25,2.0,0.0,0.6666666666666666,2.833213344056216,13.0,316.0,0.04113924050632911,-0.5,-0.37,-2.0,0.5,0,0,1,0,3
Butte,Summer,2009,4,0,39.85632222,-121.7390194425,1.45,0.0,4.0,2.0,2.0,1.6094379124341003,17.0,332.0,0.05120481927710843,1.0,0.45,-0.5,-2.0,0,0,1,0,3
Butte,Summer,2010,2,0,39.8508333,-121.390833,0.155,0.0,0.0,4.0,2.0,1.0986122886681098,17.0,336.0,0.050595238095238096,-2.0,-1.05,1.0,-0.5,0,0,1,0,3
Butte,Summer,2011,119,0,39.62724028571429,-121.60118431932774,1.4388235294117646,0.0,0.0,0.0,1.3333333333333333,4.787491742782046,17.0,338.0,0.05029585798816568,-1.0,-0.43,-2.0,1.0,0,0,1,0,3
Butte,Summer,2012,82,0,39.538481616585365,-121.62034320597562,2.7720731707317072,0.0,0.0,0.0,0.0,4.418840607796598,17.0,457.0,0.037199124726477024,0.0,0.3,-1.0,-2.0,0,0,1,0,3
Butte,Summer,2013,70,0,39.60562689528572,-121.61892817457142,7.253857142857143,0.0,0.0,0.0,0.0,4.2626798770413155,17.0,539.0,0.03153988868274583,0.0,-0.35,0.0,-1.0,0,0,1,0,3
Butte,Summer,2014,114,0,39.57200716166667,-121.58907138307018,2.116052631578947,0.0,0.0,0.0,0.0,4.74493212836325,17.0,609.0,0.027914614121510674,0.5,0.1,0.0,0.0,0,0,1,0,3
Butte,Summer,2015,100,2,39.599858905699996,-121.5579287267,16.352,0.02,0.0,0.0,0.0,4.61512051684126,17.0,723.0,0.02351313969571231,3.0,1.57,0.5,0.0,0,0,1,0,3
Butte,Winter,1998,1,0,39.9083,-121.607231,1.0,0.0,,,,0.6931471805599453,19.0,823.0,0.023086269744835967,-2.0,-0.78,3.0,0.0,1,0,0,0,3
Butte,Winter,1999,1,0,39.534169,-121.342939,0.1,0.0,0.0,,0.0,0.6931471805599453,0.0,1.0,0.0,-2.0,-1.1,-2.0,3.0,1,0,0,0,3
Butte,Winter,2000,1,0,39.647519,-121.495839,0.1,0.0,0.0,0.0,0.0,0.6931471805599453,0.0,2.0,0.0,-0.5,-0.55,-2.0,-2.0,1,0,0,0,3
Butte,Winter,2001,1,0,39.621,-121.288011,0.1,0.0,0.0,0.0,0.0,0.6931471805599453,0.0,3.0,0.0,0.0,-0.08,-0.5,-2.0,1,0,0,0,3
Butte,Winter,2002,6,0,39.5935835,-121.40005633333334,0.5666666666666668,0.0,0.0,0.0,0.0,1.9459101490553132,0.0,4.0,0.0,1.0,0.79,0.0,-0.5,1,0,0,0,3
Butte,Winter,2003,4,0,39.72417725,-121.52780675,0.325,0.0,0.0,0.0,0.0,1.6094379124341003,0.0,10.0,0.0,0.0,0.08,1.0,0.0,1,0,0,0,3
Butte,Winter,2004,4,0,39.821745,-121.64124525,0.9,0.0,0.0,0.0,0.0,1.6094379124341003,0.0,14.0,0.0,0.5,0.47,0.0,1.0,1,0,0,0,3
Butte,Winter,2005,2,0,39.562133,-121.32992899999999,1.6,0.0,0.0,0.0,0.0,1.0986122886681098,0.0,18.0,0.0,-0.5,-0.06,0.5,0.0,1,0,0,0,3
Butte,Winter,2006,2,0,39.8101305,-121.6023515,1.8,0.0,0.0,0.0,0.0,1.0986122886681098,0.0,20.0,0.0,0.5,0.1,-0.5,0.5,1,0,0,0,3
Butte,Winter,2007,25,0,39.7538204356,-121.54037743999999,0.2644,0.0,0.0,0.0,0.0,3.258096538021482,0.0,22.0,0.0,-2.0,-0.56,0.5,-0.5,1,0,0,0,3
Butte,Winter,2011,11,0,39.62488427272727,-121.53245354545456,1.4463636363636363,0.0,0.0,0.0,0.0,2.4849066497880004,0.0,47.0,0.0,-1.0,-0.43,-2.0,1.0,1,0,0,0,3
Butte,Winter,2012,11,0,39.58411654545454,-121.59921254545453,0.890909090909091,0.0,0.0,0.0,0.0,2.4849066497880004,0.0,58.0,0.0,0.0,0.3,-1.0,-2.0,1,0,0,0,3
Butte,Winter,2013,18,0,39.58443344444444,-121.56338516666668,0.3133333333333333,0.0,0.0,0.0,0.0,2.9444389791664403,0.0,69.0,0.0,0.0,-0.35,0.0,-1.0,1,0,0,0,3
Butte,Winter,2014,45,0,39.63422364444445,-121.6086596,1.8244444444444443,0.0,0.0,0.0,0.0,3.828641396489095,0.0,87.0,0.0,0.5,0.1,0.0,0.0,1,0,0,0,3
Butte,Winter,2015,3,0,39.947676,-121.67539,1.0,0.0,0.0,0.0,0.0,1.3862943611198906,0.0,132.0,0.0,3.0,1.57,0.5,0.0,1,0,0,0,3
Calaveras,Fall,1998,14,0,38.159844500000005,-120.53738378571428,0.8785714285714287,0.0,,,,2.70805020110221,0.0,135.0,0.0,-2.0,-0.78,3.0,0.0,0,0,0,1,4
Calaveras,Fall,1999,10,0,38.178105,-120.59126160000001,4.82,0.0,0.0,,0.0,2.3978952727983707,0.0,14.0,0.0,-2.0,-1.1,-2.0,3.0,0,0,0,1,4
Calaveras,Fall,2000,8,0,38.17991525,-120.53232525,4.1375,0.0,0.0,0.0,0.0,2.1972245773362196,0.0,24.0,0.0,-0.5,-0.55,-2.0,-2.0,0,0,0,1,4
Calaveras,Fall,2001,14,0,38.21525892857143,-120.61375064285714,0.9571428571428572,0.0,0.0,0.0,0.0,2.70805020110221,0.0,32.0,0.0,0.0,-0.08,-0.5,-2.0,0,0,0,1,4
Calaveras,Fall,2002,9,0,38.174421333333335,-120.5084078888889,1.2333333333333334,0.0,0.0,0.0,0.0,2.302585092994046,0.0,46.0,0.0,1.0,0.79,0.0,-0.5,0,0,0,1,4
Calaveras,Fall,2003,11,0,38.190506,-120.57746372727273,2.0727272727272728,0.0,0.0,0.0,0.0,2.4849066497880004,0.0,55.0,0.0,0.0,0.08,1.0,0.0,0,0,0,1,4
Calaveras,Fall,2004,7,0,38.24337657142858,-120.546823,0.6571428571428571,0.0,0.0,0.0,0.0,2.0794415416798357,0.0,66.0,0.0,0.5,0.47,0.0,1.0,0,0,0,1,4
Calaveras,Fall,2005,26,0,38.23538396153846,-120.57432634615384,1.4153846153846152,0.0,0.0,0.0,0.0,3.295836866004329,0.0,73.0,0.0,-0.5,-0.06,0.5,0.0,0,0,0,1,4
Calaveras,Fall,2006,3,0,38.41601852,-120.12,0.04,0.0,0.0,0.0,0.0,1.3862943611198906,0.0,99.0,0.0,0.5,0.1,-0.5,0.5,0,0,0,1,4
Calaveras,Fall,2007,15,0,38.270955874,-120.49287091133333,0.58,0.0,0.0,0.0,0.0,2.772588722239781,0.0,102.0,0.0,-2.0,-0.56,0.5,-0.5,0,0,0,1,4
Calaveras,Fall,2008,1,0,38.43055556,-120.02472222,0.1,0.0,0.0,0.0,0.0,0.6931471805599453,0.0,117.0,0.0,-0.5,-0.37,-2.0,0.5,0,0,0,1,4
Calaveras,Fall,2009,2,0,38.452083335,-120.22777778,6.1,0.0,0.0,0.0,0.0,1.0986122886681098,0.0,118.0,0.0,1.0,0.45,-0.5,-2.0,0,0,0,1,4
Calaveras,Fall,2010,1,0,38.4541667,-120.145556,0.1,0.0,0.0,0.0,0.0,0.6931471805599453,0.0,120.0,0.0,-2.0,-1.05,1.0,-0.5,0,0,0,1,4
Calaveras,Fall,2011,30,1,38.224144333333335,-120.5848673,25.48,0.03333333333333333,0.0,0.0,0.0,3.4339872044851463,0.0,121.0,0.0,-1.0,-0.43,-2.0,1.0,0,0,0,1,4
Calaveras,Fall,2012,12,0,38.13821025,-120.63718541666667,0.5925,0.0,1.0,0.0,0.3333333333333333,2.5649493574615367,1.0,151.0,0.006622516556291391,0.0,0.3,-1.0,-2.0,0,0,0,1,4
Calaveras,Fall,2013,17,0,38.23362349,-120.57649477117647,0.8235294117647058,0.0,0.0,1.0,0.3333333333333333,2.8903717578961645,1.0,163.0,0.006134969325153374,0.0,-0.35,0.0,-1.0,0,0,0,1,4
Calaveras,Fall,2014,15,0,38.243714903999994,-120.57838072599999,0.6946666666666667,0.0,0.0,0.0,0.3333333333333333,2.772588722239781,1.0,180.0,0.005555555555555556,0.5,0.1,0.0,0.0,0,0,0,1,4
Calaveras,Fall,2015,14,0,38.20302788071428,-120.52762868285716,0.9707142857142858,0.0,0.0,0.0,0.0,2.70805020110221,1.0,195.0,0.005128205128205128,3.0,1.57,0.5,0.0,0,0,0,1,4
Calaveras,Spring,1999,21,0,38.19845552380952,-120.60625238095238,1.0142857142857142,0.0,,,,3.091042453358316,1.0,209.0,0.004784688995215311,-2.0,-1.1,-2.0,3.0,0,1,0,0,4
Calaveras,Spring,2000,15,0,38.2761124,-120.57675726666666,8.08,0.0,0.0,,0.0,2.772588722239781,0.0,21.0,0.0,-0.5,-0.55,-2.0,-2.0,0,1,0,0,4
Calaveras,Spring,2001,12,0,38.148001083333334,-120.54755275000001,1.0666666666666667,0.0,0.0,0.0,0.0,2.5649493574615367,0.0,36.0,0.0,0.0,-0.08,-0.5,-2.0,0,1,0,0,4
Calaveras,Spring,2002,11,0,38.28845163636363,-120.5980889090909,2.409090909090909,0.0,0.0,0.0,0.0,2.4849066497880004,0.0,48.0,0.0,1.0,0.79,0.0,-0.5,0,1,0,0,4
Calaveras,Spring,2003,7,0,38.208455428571426,-120.62508842857143,1.5714285714285714,0.0,0.0,0.0,0.0,2.0794415416798357,0.0,59.0,0.0,0.0,0.08,1.0,0.0,0,1,0,0,4
Calaveras,Spring,2004,26,0,38.20725688461538,-120.53106976923075,0.8923076923076922,0.0,0.0,0.0,0.0,3.295836866004329,0.0,66.0,0.0,0.5,0.47,0.0,1.0,0,1,0,0,4
Calaveras,Spring,2005,7,0,38.21865171428572,-120.54718728571429,2.2285714285714286,0.0,0.0,0.0,0.0,2.0794415416798357,0.0,92.0,0.0,-0.5,-0.06,0.5,0.0,0,1,0,0,4
Calaveras,Spring,2006,7,0,38.15525281,-120.51119317428571,19.521428571428572,0.0,0.0,0.0,0.0,2.0794415416798357,0.0,99.0,0.0,0.5,0.1,-0.5,0.5,0,1,0,0,4
Calaveras,Spring,2007,22,0,38.21265069681818,-120.57321142409091,11.582272727272727,0.0,0.0,0.0,0.0,3.1354942159291497,0.0,106.0,0.0,-2.0,-0.56,0.5,-0.5,0,1,0,0,4
Calaveras,Spring,2008,2,0,38.15307222,-120.439844445,1.5,0.0,0.0,0.0,0.0,1.0986122886681098,0.0,128.0,0.0,-0.5,-0.37,-2.0,0.5,0,1,0,0,4
Calaveras,Spring,2009,4,0,38.474444445,-120.1170833325,0.055,0.0,0.0,0.0,0.0,1.6094379124341003,0.0,130.0,0.0,1.0,0.45,-0.5,-2.0,0,1,0,0,4
Calaveras,Spring,2011,20,0,38.189234549999995,-120.66887679999999,1.35,0.0,0.0,0.0,0.0,3.044522437723423,0.0,134.0,0.0,-1.0,-0.43,-2.0,1.0,0,1,0,0,4
Calaveras,Spring,2012,48,0,38.181479805416664,-120.54553783083333,1.86,0.0,0.0,0.0,0.0,3.8918202981106265,0.0,154.0,0.0,0.0,0.3,-1.0,-2.0,0,1,0,0,4
Calaveras,Spring,2013,27,0,38.028645473333334,-120.5916065225926,2.2925925925925927,0.0,0.0,0.0,0.0,3.332204510175204,0.0,202.0,0.0,0.0,-0.35,0.0,-1.0,0,1,0,0,4
Calaveras,Spring,2014,22,0,38.18408368181818,-120.69399636363637,7.820454545454546,0.0,0.0,0.0,0.0,3.1354942159291497,0.0,229.0,0.0,0.5,0.1,0.0,0.0,0,1,0,0,4
Calaveras,Spring,2015,35,0,38.16963115257143,-120.60138928571429,1.288,0.0,0.0,0.0,0.0,3.58351893845611,0.0,251.0,0.0,3.0,1.57,0.5,0.0,0,1,0,0,4
Calaveras,Summer,1998,19,0,38.17462515789474,-120.58799968421052,10.026315789473685,0.0,,,,2.995732273553991,0.0,286.0,0.0,-2.0,-0.78,3.0,0.0,0,0,1,0,4
Calaveras,Summer,1999,41,0,38.1800577804878,-120.59243612195121,8.814634146341463,0.0,0.0,,0.0,3.7376696182833684,0.0,19.0,0.0,-2.0,-1.1,-2.0,3.0,0,0,1,0,4
Calaveras,Summer,2000,28,0,38.14447639285714,-120.58101239285715,1.9357142857142855,0.0,0.0,0.0,0.0,3.367295829986474,0.0,60.0,0.0,-0.5,-0.55,-2.0,-2.0,0,0,1,0,4
Calaveras,Summer,2001,22,0,38.22166195454545,-120.61411663636363,1.2090909090909092,0.0,0.0,0.0,0.0,3.1354942159291497,0.0,88.0,0.0,0.0,-0.08,-0.5,-2.0,0,0,1,0,4
Calaveras,Summer,2002,25,0,38.205917840000005,-120.5683564,1.248,0.0,0.0,0.0,0.0,3.258096538021482,0.0,110.0,0.0,1.0,0.79,0.0,-0.5,0,0,1,0,4
Calaveras,Summer,2003,22,0,38.186710772727274,-120.56730240909091,9.627272727272727,0.0,0.0,0.0,0.0,3.1354942159291497,0.0,135.0,0.0,0.0,0.08,1.0,0.0,0,0,1,0,4
Calaveras,Summer,2004,22,0,38.22179504545455,-120.56144968181819,4.4363636363636365,0.0,0.0,0.0,0.0,3.1354942159291497,0.0,157.0,0.0,0.5,0.47,0.0,1.0,0,0,1,0,4
Calaveras,Summer,2005,30,0,38.203975033333336,-120.59060816666667,4.6899999999999995,0.0,0.0,0.0,0.0,3.4339872044851463,0.0,179.0,0.0,-0.5,-0.06,0.5,0.0,0,0,1,0,4
Calaveras,Summer,2006,22,0,38.23085378318182,-120.48520749545455,7.702272727272728,0.0,0.0,0.0,0.0,3.1354942159291497,0.0,209.0,0.0,0.5,0.1,-0.5,0.5,0,0,1,0,4
Calaveras,Summer,2007,46,0,38.28275720304348,-120.4505500502174,4.210217391304347,0.0,0.0,0.0,0.0,3.8501476017100584,0.0,231.0,0.0,-2.0,-0.56,0.5,-0.5,0,0,1,0,4
Calaveras,Summer,2008,6,0,38.197677776666666,-120.30986111166668,4.576666666666667,0.0,0.0,0.0,0.0,1.9459101490553132,0.0,277.0,0.0,-0.5,-0.37,-2.0,0.5,0,0,1,0,4
Calaveras,Summer,2009,6,0,38.38282222,-120.28555370333333,0.38666666666666666,0.0,0.0,0.0,0.0,1.9459101490553132,0.0,283.0,0.0,1.0,0.45,-0.5,-2.0,0,0,1,0,4
Calaveras,Summer,2010,2,0,38.35361115,-120.23055550000001,0.060000000000000005,0.0,0.0,0.0,0.0,1.0986122886681098,0.0,289.0,0.0,-2.0,-1.05,1.0,-0.5,0,0,1,0,4
Calaveras,Summer,2011,61,0,38.16535349180327,-120.66088532786885,8.39344262295082,0.0,0.0,0.0,0.0,4.127134385045092,0.0,291.0,0.0,-1.0,-0.43,-2.0,1.0,0,0,1,0,4
Calaveras,Summer,2012,65,1,38.174414902461535,-120.56232967000001,25.70830769230769,0.015384615384615385,0.0,0.0,0.0,4.189654742026425,0.0,352.0,0.0,0.0,0.3,-1.0,-2.0,0,0,1,0,4
Calaveras,Summer,2013,46,0,38.1392745023913,-120.62562755065218,2.0367391304347824,0.0,1.0,0.0,0.3333333333333333,3.8501476017100584,1.0,417.0,0.002398081534772182,0.0,-0.35,0.0,-1.0,0,0,1,0,4
Calaveras,Summer,2014,39,0,38.22842160974359,-120.55430111128204,1.428974358974359,0.0,0.0,1.0,0.3333333333333333,3.6888794541139363,1.0,463.0,0.0021598272138228943,0.5,0.1,0.0,0.0,0,0,1,0,4
Calaveras,Summer,2015,34,0,38.24001422852941,-120.50159719588234,1.4532352941176472,0.0,0.0,0.0,0.3333333333333333,3.5553480614894135,1.0,502.0,0.00199203187250996,3.0,1.57,0.5,0.0,0,0,1,0,4
Calaveras,Winter,1998,2,0,38.1857195,-120.5756195,0.1,0.0,,,,1.0986122886681098,1.0,536.0,0.0018656716417910447,-2.0,-0.78,3.0,0.0,1,0,0,0,4
Calaveras,Winter,1999,3,0,38.14699366666667,-120.59813333333334,1.7333333333333334,0.0,0.0,,0.0,1.3862943611198906,0.0,2.0,0.0,-2.0,-1.1,-2.0,3.0,1,0,0,0,4
Calaveras,Winter,2000,2,0,38.213625,-120.546675,0.1,0.0,0.0,0.0,0.0,1.0986122886681098,0.0,5.0,0.0,-0.5,-0.55,-2.0,-2.0,1,0,0,0,4
Calaveras,Winter,2002,1,0,38.157389,-120.437339,0.3,0.0,0.0,0.0,0.0,0.6931471805599453,0.0,7.0,0.0,1.0,0.79,0.0,-0.5,1,0,0,0,4
Calaveras,Winter,2003,2,0,38.1857945,-120.456479,0.2,0.0,0.0,0.0,0.0,1.0986122886681098,0.0,8.0,0.0,0.0,0.08,1.0,0.0,1,0,0,0,4
Calaveras,Winter,2004,7,0,38.289193000000004,-120.52312071428571,0.2571428571428572,0.0,0.0,0.0,0.0,2.0794415416798357,0.0,10.0,0.0,0.5,0.47,0.0,1.0,1,0,0,0,4
Calaveras,Winter,2006,1,0,38.045864,-120.525925,0.1,0.0,0.0,0.0,0.0,0.6931471805599453,0.0,17.0,0.0,0.5,0.1,-0.5,0.5,1,0,0,0,4
Calaveras,Winter,2007,4,0,38.1541875,-120.65135699999999,2.05,0.0,0.0,0.0,0.0,1.6094379124341003,0.0,18.0,0.0,-2.0,-0.56,0.5,-0.5,1,0,0,0,4
Calaveras,Winter,2008,1,0,38.3881,-120.4931,5.0,0.0,0.0,0.0,0.0,0.6931471805599453,0.0,22.0,0.0,-0.5,-0.37,-2.0,0.5,1,0,0,0,4
Calaveras,Winter,2011,3,0,38.161563666666666,-120.418883,0.9833333333333334,0.0,0.0,0.0,0.0,1.3862943611198906,0.0,23.0,0.0,-1.0,-0.43,-2.0,1.0,1,0,0,0,4
Calaveras,Winter,2012,14,0,38.20982415071428,-120.60599339714285,0.7042857142857143,0.0,0.0,0.0,0.0,2.70805020110221,0.0,26.0,0.0,0.0,0.3,-1.0,-2.0,1,0,0,0,4
Calaveras,Winter,2013,3,0,38.23116666666667,-120.59717233333333,0.45,0.0,0.0,0.0,0.0,1.3862943611198906,0.0,40.0,0.0,0.0,-0.35,0.0,-1.0,1,0,0,0,4
Calaveras,Winter,2014,5,0,38.333585600000006,-120.457708,0.962,0.0,0.0,0.0,0.0,1.791759469228055,0.0,43.0,0.0,0.5,0.1,0.0,0.0,1,0,0,0,4
Calaveras,Winter,2015,6,0,38.24259390666666,-120.42247988833333,3.85,0.0,0.0,0.0,0.0,1.9459101490553132,0.0,48.0,0.0,3.0,1.57,0.5,0.0,1,0,0,0,4
Colusa,Fall,1998,2,0,39.172711,-122.40518599999999,0.55,0.0,,,,1.0986122886681098,0.0,54.0,0.0,-2.0,-0.78,3.0,0.0,0,0,0,1,5
Colusa,Fall,1999,1,0,38.931031,-122.32795,50.0,0.0,0.0,,0.0,0.6931471805599453,0.0,2.0,0.0,-2.0,-1.1,-2.0,3.0,0,0,0,1,5
Colusa,Fall,2001,2,0,39.038478999999995,-122.410344,1.1,0.0,0.0,0.0,0.0,1.0986122886681098,0.0,3.0,0.0,0.0,-0.08,-0.5,-2.0,0,0,0,1,5
Colusa,Fall,2004,1,0,39.3548,-122.442061,10.0,0.0,0.0,0.0,0.0,0.6931471805599453,0.0,5.0,0.0,0.5,0.47,0.0,1.0,0,0,0,1,5
Colusa,Fall,2006,2,0,39.446805555,-122.99763888999999,2.9,0.0,0.0,0.0,0.0,1.0986122886681098,0.0,6.0,0.0,0.5,0.1,-0.5,0.5,0,0,0,1,5
Colusa,Fall,2007,1,0,39.011272,-122.409106,0.1,0.0,0.0,0.0,0.0,0.6931471805599453,0.0,8.0,0.0,-2.0,-0.56,0.5,-0.5,0,0,0,1,5
Colusa,Fall,2008,1,0,39.42333333,-122.6525,1.5,0.0,0.0,0.0,0.0,0.6931471805599453,0.0,9.0,0.0,-0.5,-0.37,-2.0,0.5,0,0,0,1,5
Colusa,Fall,2010,1,0,39.3633333,-122.734167,0.1,0.0,0.0,0.0,0.0,0.6931471805599453,0.0,10.0,0.0,-2.0,-1.05,1.0,-0.5,0,0,0,1,5
Colusa,Fall,2011,1,0,39.061111,-122.436667,10.0,0.0,0.0,0.0,0.0,0.6931471805599453,0.0,11.0,0.0,-1.0,-0.43,-2.0,1.0,0,0,0,1,5
Colusa,Fall,2013,5,0,39.238681222000004,-122.2511974,2.04,0.0,0.0,0.0,0.0,1.791759469228055,0.0,12.0,0.0,0.0,-0.35,0.0,-1.0,0,0,0,1,5
Colusa,Fall,2015,1,0,39.371051,-122.139002,0.5,0.0,0.0,0.0,0.0,0.6931471805599453,0.0,17.0,0.0,3.0,1.57,0.5,0.0,0,0,0,1,5
Colusa,Spring,1999,1,0,39.254131,-122.498111,1.0,0.0,,,,0.6931471805599453,0.0,18.0,0.0,-2.0,-1.1,-2.0,3.0,0,1,0,0,5
Colusa,Spring,2000,1,0,39.0732,-122.5111,0.1,0.0,0.0,,0.0,0.6931471805599453,0.0,1.0,0.0,-0.5,-0.55,-2.0,-2.0,0,1,0,0,5
Colusa,Spring,2001,1,0,39.355789,-122.534519,0.7,0.0,0.0,0.0,0.0,0.6931471805599453,0.0,2.0,0.0,0.0,-0.08,-0.5,-2.0,0,1,0,0,5
Colusa,Spring,2002,3,0,39.01830666666667,-122.38845633333334,40.233333333333334,0.0,0.0,0.0,0.0,1.3862943611198906,0.0,3.0,0.0,1.0,0.79,0.0,-0.5,0,1,0,0,5
Colusa,Spring,2003,1,0,39.060869,-122.456389,10.0,0.0,0.0,0.0,0.0,0.6931471805599453,0.0,6.0,0.0,0.0,0.08,1.0,0.0,0,1,0,0,5
Colusa,Spring,2004,1,0,39.209519,-122.478789,0.1,0.0,0.0,0.0,0.0,0.6931471805599453,0.0,7.0,0.0,0.5,0.47,0.0,1.0,0,1,0,0,5
Colusa,Spring,2005,1,0,39.310556,-122.514419,1.0,0.0,0.0,0.0,0.0,0.6931471805599453,0.0,8.0,0.0,-0.5,-0.06,0.5,0.0,0,1,0,0,5
Colusa,Spring,2007,2,0,39.262369555,-122.580689,0.15000000000000002,0.0,0.0,0.0,0.0,1.0986122886681098,0.0,9.0,0.0,-2.0,-0.56,0.5,-0.5,0,1,0,0,5
Colusa,Spring,2011,2,0,39.1992865,-122.5280875,0.15000000000000002,0.0,0.0,0.0,0.0,1.0986122886681098,0.0,11.0,0.0,-1.0,-0.43,-2.0,1.0,0,1,0,0,5
Colusa,Spring,2012,4,1,38.088927055,-121.5726000575,90.325,0.25,0.0,0.0,0.0,1.6094379124341003,0.0,13.0,0.0,0.0,0.3,-1.0,-2.0,0,1,0,0,5
Colusa,Spring,2013,5,0,39.205806822,-122.26165762199999,9.68,0.0,1.0,0.0,0.3333333333333333,1.791759469228055,1.0,17.0,0.058823529411764705,0.0,-0.35,0.0,-1.0,0,1,0,0,5
Colusa,Spring,2014,1,0,39.16111111,-122.60277778,80.0,0.0,0.0,1.0,0.3333333333333333,0.6931471805599453,1.0,22.0,0.045454545454545456,0.5,0.1,0.0,0.0,0,1,0,0,5
Colusa,Spring,2015,5,0,39.219667844,-122.470321176,1.43,0.0,0.0,0.0,0.3333333333333333,1.791759469228055,1.0,23.0,0.043478260869565216,3.0,1.57,0.5,0.0,0,1,0,0,5
Colusa,Summer,1998,3,0,39.33139366666666,-122.51030733333333,2.8333333333333335,0.0,,,,1.3862943611198906,1.0,28.0,0.03571428571428571,-2.0,-0.78,3.0,0.0,0,0,1,0,5
Colusa,Summer,1999,3,0,39.09231033333334,-122.35339900000001,1.0333333333333334,0.0,0.0,,0.0,1.3862943611198906,0.0,3.0,0.0,-2.0,-1.1,-2.0,3.0,0,0,1,0,5
Colusa,Summer,2000,2,0,38.944996,-122.3365405,0.25,0.0,0.0,0.0,0.0,1.0986122886681098,0.0,6.0,0.0,-0.5,-0.55,-2.0,-2.0,0,0,1,0,5
Colusa,Summer,2001,1,0,39.002611,-122.399811,0.1,0.0,0.0,0.0,0.0,0.6931471805599453,0.0,8.0,0.0,0.0,-0.08,-0.5,-2.0,0,0,1,0,5
Colusa,Summer,2002,1,0,39.017861,-122.381389,0.1,0.0,0.0,0.0,0.0,0.6931471805599453,0.0,9.0,0.0,1.0,0.79,0.0,-0.5,0,0,1,0,5
Colusa,Summer,2003,11,0,39.126740727272725,-122.42705881818182,9.2,0.0,0.0,0.0,0.0,2.4849066497880004,0.0,10.0,0.0,0.0,0.08,1.0,0.0,0,0,1,0,5
Colusa,Summer,2005,1,0,39.158089,-122.479661,3.0,0.0,0.0,0.0,0.0,0.6931471805599453,0.0,21.0,0.0,-0.5,-0.06,0.5,0.0,0,0,1,0,5
Colusa,Summer,2006,1,0,39.35638889,-122.645,6.9,0.0,0.0,0.0,0.0,0.6931471805599453,0.0,22.0,0.0,0.5,0.1,-0.5,0.5,0,0,1,0,5
Colusa,Summer,2009,2,0,39.323750000000004,-122.698333335,144.85,0.0,0.0,0.0,0.0,1.0986122886681098,0.0,23.0,0.0,1.0,0.45,-0.5,-2.0,0,0,1,0,5
Colusa,Summer,2011,14,0,39.16943342857143,-122.23942885714287,6.367857142857143,0.0,0.0,0.0,0.0,2.70805020110221,0.0,25.0,0.0,-1.0,-0.43,-2.0,1.0,0,0,1,0,5
Colusa,Summer,2012,11,3,38.809383646363635,-122.08112574727274,4703.518181818182,0.2727272727272727,0.0,0.0,0.0,2.4849066497880004,0.0,39.0,0.0,0.0,0.3,-1.0,-2.0,0,0,1,0,5
Colusa,Summer,2013,5,0,39.281471644,-122.38230306599999,0.9199999999999999,0.0,3.0,0.0,1.0,1.791759469228055,3.0,50.0,0.06,0.0,-0.35,0.0,-1.0,0,0,1,0,5
Colusa,Summer,2014,1,0,39.318333,-122.538056,14.5,0.0,0.0,3.0,1.0,0.6931471805599453,3.0,55.0,0.05454545454545454,0.5,0.1,0.0,0.0,0,0,1,0,5
Colusa,Summer,2015,4,0,39.145132832499996,-122.461336695,0.235,0.0,0.0,0.0,1.0,1.6094379124341003,3.0,56.0,0.05357142857142857,3.0,1.57,0.5,0.0,0,0,1,0,5
Colusa,Winter,2012,2,0,39.251806665000004,-122.448107945,0.1,0.0,,,,1.0986122886681098,3.0,60.0,0.05,0.0,0.3,-1.0,-2.0,1,0,0,0,5
Colusa,Winter,2013,1,0,39.4,-122.12694444,5.5,0.0,0.0,,0.0,0.6931471805599453,0.0,2.0,0.0,0.0,-0.35,0.0,-1.0,1,0,0,0,5
Colusa,Winter,2014,2,0,39.18854,-121.9876665,4.005,0.0,0.0,0.0,0.0,1.0986122886681098,0.0,3.0,0.0,0.5,0.1,0.0,0.0,1,0,0,0,5
Contra Costa,Fall,1999,1,0,38.018969,-121.978581,3.0,0.0,,,,0.6931471805599453,0.0,5.0,0.0,-2.0,-1.1,-2.0,3.0,0,0,0,1,6
Contra Costa,Fall,2003,1,0,38.018819,-121.996861,0.2,0.0,0.0,,0.0,0.6931471805599453,0.0,1.0,0.0,0.0,0.08,1.0,0.0,0,0,0,1,6
Contra Costa,Fall,2006,1,0,38.014889,-121.9987,6.0,0.0,0.0,0.0,0.0,0.6931471805599453,0.0,2.0,0.0,0.5,0.1,-0.5,0.5,0,0,0,1,6
Contra Costa,Fall,2007,1,0,38.013897,-121.997697,0.1,0.0,0.0,0.0,0.0,0.6931471805599453,0.0,3.0,0.0,-2.0,-0.56,0.5,-0.5,0,0,0,1,6
Contra Costa,Fall,2011,46,0,37.97718889130435,-121.97107150000001,5.370652173913043,0.0,0.0,0.0,0.0,3.8501476017100584,0.0,4.0,0.0,-1.0,-0.43,-2.0,1.0,0,0,0,1,6
Contra Costa,Fall,2012,6,0,37.941198,-122.0901065,5.61,0.0,0.0,0.0,0.0,1.9459101490553132,0.0,50.0,0.0,0.0,0.3,-1.0,-2.0,0,0,0,1,6
Contra Costa,Fall,2013,19,0,37.91327263157895,-121.85536463157895,1.294736842105263,0.0,0.0,0.0,0.0,2.995732273553991,0.0,56.0,0.0,0.0,-0.35,0.0,-1.0,0,0,0,1,6
Contra Costa,Fall,2014,7,0,37.93709471428571,-121.94249228571428,15.051428571428572,0.0,0.0,0.0,0.0,2.0794415416798357,0.0,75.0,0.0,0.5,0.1,0.0,0.0,0,0,0,1,6
Contra Costa,Fall,2015,10,0,37.8484615,-121.8777284,1.502,0.0,0.0,0.0,0.0,2.3978952727983707,0.0,82.0,0.0,3.0,1.57,0.5,0.0,0,0,0,1,6
Contra Costa,Spring,1999,1,0,38.018969,-121.978581,0.2,0.0,,,,0.6931471805599453,0.0,92.0,0.0,-2.0,-1.1,-2.0,3.0,0,1,0,0,6
Contra Costa,Spring,2005,1,0,38.02395,-121.9833,4.0,0.0,0.0,,0.0,0.6931471805599453,0.0,1.0,0.0,-0.5,-0.06,0.5,0.0,0,1,0,0,6
Contra Costa,Spring,2011,64,0,37.980358203125,-121.973195296875,0.4759375,0.0,0.0,0.0,0.0,4.174387269895637,0.0,2.0,0.0,-1.0,-0.43,-2.0,1.0,0,1,0,0,6
Contra Costa,Spring,2012,12,0,37.87318391666667,-121.92460283333332,0.4366666666666667,0.0,0.0,0.0,0.0,2.5649493574615367,0.0,66.0,0.0,0.0,0.3,-1.0,-2.0,0,1,0,0,6
Contra Costa,Spring,2013,30,0,37.88524518533333,-122.039288337,4.032333333333333,0.0,0.0,0.0,0.0,3.4339872044851463,0.0,78.0,0.0,0.0,-0.35,0.0,-1.0,0,1,0,0,6
Contra Costa,Spring,2014,18,0,37.91943261111111,-122.08203505555555,1.1866666666666665,0.0,0.0,0.0,0.0,2.9444389791664403,0.0,108.0,0.0,0.5,0.1,0.0,0.0,0,1,0,0,6
Contra Costa,Spring,2015,6,0,37.92409816666667,-121.85150483333332,1.2166666666666666,0.0,0.0,0.0,0.0,1.9459101490553132,0.0,126.0,0.0,3.0,1.57,0.5,0.0,0,1,0,0,6
Contra Costa,Summer,2002,2,0,38.018894,-121.987721,0.3,0.0,,,,1.0986122886681098,0.0,132.0,0.0,1.0,0.79,0.0,-0.5,0,0,1,0,6
Contra Costa,Summer,2003,1,0,38.018819,-121.996861,15.0,0.0,0.0,,0.0,0.6931471805599453,0.0,2.0,0.0,0.0,0.08,1.0,0.0,0,0,1,0,6
Contra Costa,Summer,2004,1,0,38.018819,-121.996861,25.0,0.0,0.0,0.0,0.0,0.6931471805599453,0.0,3.0,0.0,0.5,0.47,0.0,1.0,0,0,1,0,6
Contra Costa,Summer,2006,1,0,38.02395,-121.9833,5.0,0.0,0.0,0.0,0.0,0.6931471805599453,0.0,4.0,0.0,0.5,0.1,-0.5,0.5,0,0,1,0,6
Contra Costa,Summer,2011,154,0,37.974605727272724,-121.97001778571429,1.9693506493506492,0.0,0.0,0.0,0.0,5.043425116919247,0.0,5.0,0.0,-1.0,-0.43,-2.0,1.0,0,0,1,0,6
Contra Costa,Summer,2012,24,0,37.921797041666665,-122.08646558333334,4.524166666666667,0.0,0.0,0.0,0.0,3.2188758248682006,0.0,159.0,0.0,0.0,0.3,-1.0,-2.0,0,0,1,0,6
Contra Costa,Summer,2013,15,0,37.92637953333333,-122.00946233333333,16.858666666666668,0.0,0.0,0.0,0.0,2.772588722239781,0.0,183.0,0.0,0.0,-0.35,0.0,-1.0,0,0,1,0,6
Contra Costa,Summer,2014,15,0,37.930908,-122.01346766666667,5.585333333333334,0.0,0.0,0.0,0.0,2.772588722239781,0.0,198.0,0.0,0.5,0.1,0.0,0.0,0,0,1,0,6
Contra Costa,Summer,2015,37,0,37.916522351351354,-122.01228462162163,9.28135135135135,0.0,0.0,0.0,0.0,3.6375861597263857,0.0,213.0,0.0,3.0,1.57,0.5,0.0,0,0,1,0,6
Contra Costa,Winter,2011,9,0,37.99178888888889,-121.96325555555556,0.25,0.0,,,,2.302585092994046,0.0,250.0,0.0,-1.0,-0.43,-2.0,1.0,1,0,0,0,6
Contra Costa,Winter,2012,2,0,37.908835999999994,-122.12154849999999,1.0,0.0,0.0,,0.0,1.0986122886681098,0.0,9.0,0.0,0.0,0.3,-1.0,-2.0,1,0,0,0,6
Contra Costa,Winter,2013,3,0,37.83718666666667,-121.80135133333333,0.07,0.0,0.0,0.0,0.0,1.3862943611198906,0.0,11.0,0.0,0.0,-0.35,0.0,-1.0,1,0,0,0,6
Contra Costa,Winter,2014,6,0,37.875425166666666,-121.97574366666667,0.20500000000000004,0.0,0.0,0.0,0.0,1.9459101490553132,0.0,14.0,0.0,0.5,0.1,0.0,0.0,1,0,0,0,6
Del Norte,Fall,1999,1,0,41.7802,-124.243131,0.1,0.0,,,,0.6931471805599453,0.0,20.0,0.0,-2.0,-1.1,-2.0,3.0,0,0,0,1,7
Del Norte,Fall,2002,1,0,41.9517,-124.201761,0.1,0.0,0.0,,0.0,0.6931471805599453,0.0,1.0,0.0,1.0,0.79,0.0,-0.5,0,0,0,1,7
Del Norte,Fall,2005,2,0,41.843333279999996,-123.90291939,0.1,0.0,0.0,0.0,0.0,1.0986122886681098,0.0,2.0,0.0,-0.5,-0.06,0.5,0.0,0,0,0,1,7
Del Norte,Fall,2006,6,0,41.69657368666667,-123.990833335,0.4833333333333334,0.0,0.0,0.0,0.0,1.9459101490553132,0.0,4.0,0.0,0.5,0.1,-0.5,0.5,0,0,0,1,7
Del Norte,Fall,2007,1,0,41.7657,-124.213608,1.0,0.0,0.0,0.0,0.0,0.6931471805599453,0.0,10.0,0.0,-2.0,-0.56,0.5,-0.5,0,0,0,1,7
Del Norte,Fall,2008,4,0,41.8549999975,-123.72138889,0.55,0.0,0.0,0.0,0.0,1.6094379124341003,0.0,11.0,0.0,-0.5,-0.37,-2.0,0.5,0,0,0,1,7
Del Norte,Fall,2009,2,0,41.85375,-123.862361115,0.1,0.0,0.0,0.0,0.0,1.0986122886681098,0.0,15.0,0.0,1.0,0.45,-0.5,-2.0,0,0,0,1,7
Del Norte,Fall,2011,4,0,41.75573,-124.12772,0.3275,0.0,0.0,0.0,0.0,1.6094379124341003,0.0,17.0,0.0,-1.0,-0.43,-2.0,1.0,0,0,0,1,7
Del Norte,Fall,2012,4,0,41.6394405,-124.04148425,23.05,0.0,0.0,0.0,0.0,1.6094379124341003,0.0,21.0,0.0,0.0,0.3,-1.0,-2.0,0,0,0,1,7
Del Norte,Fall,2013,1,0,41.80045,-124.171567,1.0,0.0,0.0,0.0,0.0,0.6931471805599453,0.0,25.0,0.0,0.0,-0.35,0.0,-1.0,0,0,0,1,7
Del Norte,Fall,2015,3,0,41.79289,-124.16918033333333,0.07,0.0,0.0,0.0,0.0,1.3862943611198906,0.0,26.0,0.0,3.0,1.57,0.5,0.0,0,0,0,1,7
Del Norte,Spring,2001,1,0,41.782489,-124.254261,0.5,0.0,,,,0.6931471805599453,0.0,29.0,0.0,0.0,-0.08,-0.5,-2.0,0,1,0,0,7
Del Norte,Spring,2005,1,0,41.774572,-124.247394,0.1,0.0,0.0,,0.0,0.6931471805599453,0.0,1.0,0.0,-0.5,-0.06,0.5,0.0,0,1,0,0,7
Del Norte,Spring,2006,3,0,41.83830751666667,-124.00753896333333,0.21666666666666667,0.0,0.0,0.0,0.0,1.3862943611198906,0.0,2.0,0.0,0.5,0.1,-0.5,0.5,0,1,0,0,7
Del Norte,Spring,2007,1,0,41.79111111,-124.03,0.25,0.0,0.0,0.0,0.0,0.6931471805599453,0.0,5.0,0.0,-2.0,-0.56,0.5,-0.5,0,1,0,0,7
Del Norte,Spring,2008,3,0,41.67398148,-123.82972222000001,0.10000000000000002,0.0,0.0,0.0,0.0,1.3862943611198906,0.0,6.0,0.0,-0.5,-0.37,-2.0,0.5,0,1,0,0,7
Del Norte,Spring,2010,2,0,41.90583335,-123.9106945,0.1,0.0,0.0,0.0,0.0,1.0986122886681098,0.0,9.0,0.0,-2.0,-1.05,1.0,-0.5,0,1,0,0,7
Del Norte,Spring,2011,1,0,41.789117,-124.22285,1.0,0.0,0.0,0.0,0.0,0.6931471805599453,0.0,11.0,0.0,-1.0,-0.43,-2.0,1.0,0,1,0,0,7
Del Norte,Spring,2012,2,0,41.808186165,-124.01915672000001,0.1,0.0,0.0,0.0,0.0,1.0986122886681098,0.0,12.0,0.0,0.0,0.3,-1.0,-2.0,0,1,0,0,7
Del Norte,Spring,2013,4,0,41.751325,-124.051393055,0.175,0.0,0.0,0.0,0.0,1.6094379124341003,0.0,14.0,0.0,0.0,-0.35,0.0,-1.0,0,1,0,0,7
Del Norte,Spring,2014,8,0,41.810300652500004,-123.986509765,0.5625,0.0,0.0,0.0,0.0,2.1972245773362196,0.0,18.0,0.0,0.5,0.1,0.0,0.0,0,1,0,0,7
Del Norte,Spring,2015,14,0,41.82690039714286,-123.98910226285714,2.185,0.0,0.0,0.0,0.0,2.70805020110221,0.0,26.0,0.0,3.0,1.57,0.5,0.0,0,1,0,0,7
Del Norte,Summer,2001,1,0,41.782489,-124.254261,1.1,0.0,,,,0.6931471805599453,0.0,40.0,0.0,0.0,-0.08,-0.5,-2.0,0,0,1,0,7
Del Norte,Summer,2003,1,0,41.7802,-124.243131,0.1,0.0,0.0,,0.0,0.6931471805599453,0.0,1.0,0.0,0.0,0.08,1.0,0.0,0,0,1,0,7
Del Norte,Summer,2004,1,0,41.9517,-124.201761,0.1,0.0,0.0,0.0,0.0,0.6931471805599453,0.0,2.0,0.0,0.5,0.47,0.0,1.0,0,0,1,0,7
Del Norte,Summer,2005,2,0,41.866673500000005,-124.228028,0.1,0.0,0.0,0.0,0.0,1.0986122886681098,0.0,3.0,0.0,-0.5,-0.06,0.5,0.0,0,0,1,0,7
Del Norte,Summer,2006,16,1,41.73867570875,-123.866448278125,26.653125,0.0625,0.0,0.0,0.0,2.833213344056216,0.0,5.0,0.0,0.5,0.1,-0.5,0.5,0,0,1,0,7
Del Norte,Summer,2007,20,0,41.8197900005,-123.997316989,6.3625,0.0,1.0,0.0,0.3333333333333333,3.044522437723423,1.0,21.0,0.047619047619047616,-2.0,-0.56,0.5,-0.5,0,0,1,0,7
Del Norte,Summer,2008,12,1,41.70280092666667,-123.8690972225,1465.415,0.08333333333333333,0.0,1.0,0.3333333333333333,2.5649493574615367,1.0,41.0,0.024390243902439025,-0.5,-0.37,-2.0,0.5,0,0,1,0,7
Del Norte,Summer,2009,10,0,41.744805557,-123.828916665,0.576,0.0,1.0,0.0,0.6666666666666666,2.3978952727983707,2.0,53.0,0.03773584905660377,1.0,0.45,-0.5,-2.0,0,0,1,0,7
Del Norte,Summer,2010,3,0,41.87574073333334,-123.92703666666667,0.2833333333333333,0.0,0.0,1.0,0.3333333333333333,1.3862943611198906,2.0,63.0,0.031746031746031744,-2.0,-1.05,1.0,-0.5,0,0,1,0,7
Del Norte,Summer,2011,9,0,41.773713666666666,-124.1733938888889,0.13444444444444445,0.0,0.0,0.0,0.3333333333333333,2.302585092994046,2.0,66.0,0.030303030303030304,-1.0,-0.43,-2.0,1.0,0,0,1,0,7
Del Norte,Summer,2012,25,0,41.6042323556,-124.00759304920001,0.446,0.0,0.0,0.0,0.0,3.258096538021482,2.0,75.0,0.02666666666666667,0.0,0.3,-1.0,-2.0,0,0,1,0,7
Del Norte,Summer,2013,10,0,41.7941466,-124.019155623,0.635,0.0,0.0,0.0,0.0,2.3978952727983707,2.0,100.0,0.02,0.0,-0.35,0.0,-1.0,0,0,1,0,7
Del Norte,Summer,2014,19,0,41.79380483,-124.11384190105264,0.6342105263157896,0.0,0.0,0.0,0.0,2.995732273553991,2.0,110.0,0.01818181818181818,0.5,0.1,0.0,0.0,0,0,1,0,7
Del Norte,Summer,2015,32,6,41.708892343125,-123.8981677946875,1213.2778125,0.1875,0.0,0.0,0.0,3.4965075614664802,2.0,129.0,0.015503875968992248,3.0,1.57,0.5,0.0,0,0,1,0,7
Del Norte,Winter,2007,1,0,41.758958,-124.200878,0.1,0.0,,,,0.6931471805599453,8.0,161.0,0.049689440993788817,-2.0,-0.56,0.5,-0.5,1,0,0,0,7
Del Norte,Winter,2011,1,0,41.772,-124.247833,0.1,0.0,0.0,,0.0,0.6931471805599453,0.0,1.0,0.0,-1.0,-0.43,-2.0,1.0,1,0,0,0,7
Del Norte,Winter,2013,2,0,41.829183,-124.1453165,5.0,0.0,0.0,0.0,0.0,1.0986122886681098,0.0,2.0,0.0,0.0,-0.35,0.0,-1.0,1,0,0,0,7
Del Norte,Winter,2014,4,0,41.781802777500005,-124.0551665825,0.30000000000000004,0.0,0.0,0.0,0.0,1.6094379124341003,0.0,4.0,0.0,0.5,0.1,0.0,0.0,1,0,0,0,7
Douglas,Summer,2005,1,0,38.7972,-119.7525,0.5,0.0,,,,0.6931471805599453,0.0,8.0,0.0,-0.5,-0.06,0.5,0.0,0,0,1,0,8
El Dorado,Fall,1997,2,0,38.989999999999995,-120.034166665,0.1,0.0,,,,1.0986122886681098,0.0,1.0,0.0,3.0,1.6,0.0,-1.0,0,0,0,1,9
El Dorado,Fall,1998,22,0,38.77467030318182,-120.59254837863637,0.8772727272727273,0.0,0.0,,0.0,3.1354942159291497,0.0,2.0,0.0,-2.0,-0.78,3.0,0.0,0,0,0,1,9
El Dorado,Fall,1999,22,0,38.82460170227272,-120.47982024772728,2.9681818181818183,0.0,0.0,0.0,0.0,3.1354942159291497,0.0,24.0,0.0,-2.0,-1.1,-2.0,3.0,0,0,0,1,9
El Dorado,Fall,2000,19,0,38.75562618157895,-120.67607050315789,0.7473684210526316,0.0,0.0,0.0,0.0,2.995732273553991,0.0,46.0,0.0,-0.5,-0.55,-2.0,-2.0,0,0,0,1,9
El Dorado,Fall,2001,18,0,38.79009262388889,-120.66744137,0.2222222222222222,0.0,0.0,0.0,0.0,2.9444389791664403,0.0,65.0,0.0,0.0,-0.08,-0.5,-2.0,0,0,0,1,9
El Dorado,Fall,2002,16,0,38.7616034025,-120.5510885275,4.7625,0.0,0.0,0.0,0.0,2.833213344056216,0.0,83.0,0.0,1.0,0.79,0.0,-0.5,0,0,0,1,9
El Dorado,Fall,2003,30,0,38.77173809633334,-120.679428526,0.5966666666666666,0.0,0.0,0.0,0.0,3.4339872044851463,0.0,99.0,0.0,0.0,0.08,1.0,0.0,0,0,0,1,9
El Dorado,Fall,2004,23,1,38.77515527478261,-120.5781295704348,335.2913043478261,0.043478260869565216,0.0,0.0,0.0,3.1780538303479458,0.0,129.0,0.0,0.5,0.47,0.0,1.0,0,0,0,1,9
El Dorado,Fall,2005,17,0,38.74237205882353,-120.82454876470587,0.7647058823529411,0.0,1.0,0.0,0.3333333333333333,2.8903717578961645,1.0,152.0,0.006578947368421052,-0.5,-0.06,0.5,0.0,0,0,0,1,9
El Dorado,Fall,2006,24,0,38.75590832875,-120.54281271375,3.8024999999999998,0.0,0.0,1.0,0.3333333333333333,3.2188758248682006,1.0,169.0,0.005917159763313609,0.5,0.1,-0.5,0.5,0,0,0,1,9
El Dorado,Fall,2007,57,0,38.7522363177193,-120.69675394929824,0.8080701754385965,0.0,0.0,0.0,0.3333333333333333,4.060443010546419,1.0,193.0,0.0051813471502590676,-2.0,-0.56,0.5,-0.5,0,0,0,1,9
El Dorado,Fall,2008,14,0,38.846309523571435,-120.32001984142858,0.27785714285714286,0.0,0.0,0.0,0.0,2.70805020110221,1.0,250.0,0.004,-0.5,-0.37,-2.0,0.5,0,0,0,1,9
El Dorado,Fall,2009,15,0,38.825314813999995,-120.29583333400001,0.4733333333333334,0.0,0.0,0.0,0.0,2.772588722239781,1.0,264.0,0.003787878787878788,1.0,0.45,-0.5,-2.0,0,0,0,1,9
El Dorado,Fall,2010,24,0,38.87827547083334,-120.265173625,0.14375000000000002,0.0,0.0,0.0,0.0,3.2188758248682006,1.0,279.0,0.0035842293906810036,-2.0,-1.05,1.0,-0.5,0,0,0,1,9
El Dorado,Fall,2011,36,0,38.74786616666667,-120.7263443611111,1.5344444444444445,0.0,0.0,0.0,0.0,3.6109179126442243,1.0,303.0,0.0033003300330033004,-1.0,-0.43,-2.0,1.0,0,0,0,1,9
El Dorado,Fall,2012,25,0,38.677917174,-120.55694682199999,0.49079999999999996,0.0,0.0,0.0,0.0,3.258096538021482,1.0,339.0,0.0029498525073746312,0.0,0.3,-1.0,-2.0,0,0,0,1,9
El Dorado,Fall,2013,72,0,38.74509828847222,-120.74654398597221,0.9043055555555556,0.0,0.0,0.0,0.0,4.290459441148391,1.0,364.0,0.0027472527472527475,0.0,-0.35,0.0,-1.0,0,0,0,1,9
El Dorado,Fall,2014,21,0,38.75197315333334,-120.78843160333334,1.5052380952380953,0.0,0.0,0.0,0.0,3.091042453358316,1.0,436.0,0.0022935779816513763,0.5,0.1,0.0,0.0,0,0,0,1,9
El Dorado,Fall,2015,45,0,38.76626947666667,-120.66245772799999,4.947333333333334,0.0,0.0,0.0,0.0,3.828641396489095,1.0,457.0,0.002188183807439825,3.0,1.57,0.5,0.0,0,0,0,1,9
El Dorado,Spring,1998,3,0,38.843111889999996,-120.64368444333333,0.13333333333333333,0.0,,,,1.3862943611198906,1.0,502.0,0.00199203187250996,-2.0,-0.78,3.0,0.0,0,1,0,0,9
El Dorado,Spring,1999,39,0,38.819094589743585,-120.80299682076922,0.4666666666666667,0.0,0.0,,0.0,3.6888794541139363,0.0,3.0,0.0,-2.0,-1.1,-2.0,3.0,0,1,0,0,9
El Dorado,Spring,2000,27,0,38.75942274074074,-120.70545360074074,4.451851851851852,0.0,0.0,0.0,0.0,3.332204510175204,0.0,42.0,0.0,-0.5,-0.55,-2.0,-2.0,0,1,0,0,9
El Dorado,Spring,2001,32,0,38.8014976628125,-120.514002483125,4.65625,0.0,0.0,0.0,0.0,3.4965075614664802,0.0,69.0,0.0,0.0,-0.08,-0.5,-2.0,0,1,0,0,9
El Dorado,Spring,2002,27,0,38.77563795925926,-120.62149324666667,0.37777777777777777,0.0,0.0,0.0,0.0,3.332204510175204,0.0,101.0,0.0,1.0,0.79,0.0,-0.5,0,1,0,0,9
El Dorado,Spring,2003,10,0,38.787815089000006,-120.7429847,0.5599999999999999,0.0,0.0,0.0,0.0,2.3978952727983707,0.0,128.0,0.0,0.0,0.08,1.0,0.0,0,1,0,0,9
El Dorado,Spring,2004,52,0,38.80656221576923,-120.66266396788461,0.8492307692307693,0.0,0.0,0.0,0.0,3.970291913552122,0.0,138.0,0.0,0.5,0.47,0.0,1.0,0,1,0,0,9
El Dorado,Spring,2005,6,0,38.73869666666667,-120.90815333333335,0.16666666666666666,0.0,0.0,0.0,0.0,1.9459101490553132,0.0,190.0,0.0,-0.5,-0.06,0.5,0.0,0,1,0,0,9
El Dorado,Spring,2006,35,0,38.779158111142856,-120.64269479028572,0.7402857142857143,0.0,0.0,0.0,0.0,3.58351893845611,0.0,196.0,0.0,0.5,0.1,-0.5,0.5,0,1,0,0,9
El Dorado,Spring,2007,48,0,38.773988932916666,-120.82921008354167,2.7795833333333335,0.0,0.0,0.0,0.0,3.8918202981106265,0.0,231.0,0.0,-2.0,-0.56,0.5,-0.5,0,1,0,0,9
El Dorado,Spring,2008,24,0,38.759282408333334,-120.43752777875,7.325833333333333,0.0,0.0,0.0,0.0,3.2188758248682006,0.0,279.0,0.0,-0.5,-0.37,-2.0,0.5,0,1,0,0,9
El Dorado,Spring,2009,10,0,38.806361112000005,-120.38030555499999,0.43,0.0,0.0,0.0,0.0,2.3978952727983707,0.0,303.0,0.0,1.0,0.45,-0.5,-2.0,0,1,0,0,9
El Dorado,Spring,2010,16,0,38.72348819375,-120.5589006875,0.165625,0.0,0.0,0.0,0.0,2.833213344056216,0.0,313.0,0.0,-2.0,-1.05,1.0,-0.5,0,1,0,0,9
El Dorado,Spring,2011,31,0,38.751199,-120.86941061290322,0.15419354838709678,0.0,0.0,0.0,0.0,3.4657359027997265,0.0,329.0,0.0,-1.0,-0.43,-2.0,1.0,0,1,0,0,9
El Dorado,Spring,2012,39,0,38.72951400846154,-120.75583852974357,1.061794871794872,0.0,0.0,0.0,0.0,3.6888794541139363,0.0,360.0,0.0,0.0,0.3,-1.0,-2.0,0,1,0,0,9
El Dorado,Spring,2013,64,0,38.748265216875,-120.7808995575,2.1021875,0.0,0.0,0.0,0.0,4.174387269895637,0.0,399.0,0.0,0.0,-0.35,0.0,-1.0,0,1,0,0,9
El Dorado,Spring,2014,45,0,38.75897905422222,-120.71205971355555,0.5493333333333333,0.0,0.0,0.0,0.0,3.828641396489095,0.0,463.0,0.0,0.5,0.1,0.0,0.0,0,1,0,0,9
El Dorado,Spring,2015,53,0,38.74672343622641,-120.73260411735848,0.9815094339622642,0.0,0.0,0.0,0.0,3.9889840465642745,0.0,508.0,0.0,3.0,1.57,0.5,0.0,0,1,0,0,9
El Dorado,Summer,1998,54,0,38.80480492611111,-120.56199455592593,0.5703703703703704,0.0,,,,4.007333185232471,0.0,561.0,0.0,-2.0,-0.78,3.0,0.0,0,0,1,0,9
El Dorado,Summer,1999,72,0,38.78135232888889,-120.64575540125,0.8527777777777777,0.0,0.0,,0.0,4.290459441148391,0.0,54.0,0.0,-2.0,-1.1,-2.0,3.0,0,0,1,0,9
El Dorado,Summer,2000,77,0,38.80541647922078,-120.54226685298703,0.5077922077922078,0.0,0.0,0.0,0.0,4.356708826689592,0.0,126.0,0.0,-0.5,-0.55,-2.0,-2.0,0,0,1,0,9
El Dorado,Summer,2001,76,0,38.758993973684206,-120.61653992671053,1.4960526315789473,0.0,0.0,0.0,0.0,4.343805421853684,0.0,203.0,0.0,0.0,-0.08,-0.5,-2.0,0,0,1,0,9
El Dorado,Summer,2002,59,1,38.787961451525426,-120.48244203813559,17.72203389830508,0.01694915254237288,0.0,0.0,0.0,4.0943445622221,0.0,279.0,0.0,1.0,0.79,0.0,-0.5,0,0,1,0,9
El Dorado,Summer,2003,78,0,38.809083434743584,-120.51316406128204,4.339743589743589,0.0,1.0,0.0,0.3333333333333333,4.3694478524670215,1.0,338.0,0.0029585798816568047,0.0,0.08,1.0,0.0,0,0,1,0,9
El Dorado,Summer,2004,91,1,38.797732575384615,-120.4929579754945,4.3537362637362635,0.01098901098901099,0.0,1.0,0.3333333333333333,4.5217885770490405,1.0,416.0,0.002403846153846154,0.5,0.47,0.0,1.0,0,0,1,0,9
El Dorado,Summer,2005,43,0,38.74851915744186,-120.76901619395349,1.427906976744186,0.0,1.0,0.0,0.6666666666666666,3.784189633918261,2.0,507.0,0.0039447731755424065,-0.5,-0.06,0.5,0.0,0,0,1,0,9
El Dorado,Summer,2006,121,0,38.78584612214876,-120.57972550487602,2.444710743801653,0.0,0.0,1.0,0.3333333333333333,4.804021044733257,2.0,550.0,0.0036363636363636364,0.5,0.1,-0.5,0.5,0,0,1,0,9
El Dorado,Summer,2007,99,1,38.79698175656566,-120.52614133737374,34.88606060606061,0.010101010101010102,0.0,0.0,0.3333333333333333,4.605170185988092,2.0,671.0,0.0029806259314456036,-2.0,-0.56,0.5,-0.5,0,0,1,0,9
El Dorado,Summer,2008,51,0,38.813638344509805,-120.33304466196078,1.6719607843137254,0.0,1.0,0.0,0.3333333333333333,3.9512437185814275,3.0,770.0,0.003896103896103896,-0.5,-0.37,-2.0,0.5,0,0,1,0,9
El Dorado,Summer,2009,77,0,38.81500028883117,-120.36271875870129,1.4636363636363636,0.0,0.0,1.0,0.3333333333333333,4.356708826689592,3.0,821.0,0.0036540803897685747,1.0,0.45,-0.5,-2.0,0,0,1,0,9
El Dorado,Summer,2010,52,0,38.85295405576923,-120.27782048076924,0.28596153846153843,0.0,0.0,0.0,0.3333333333333333,3.970291913552122,3.0,898.0,0.0033407572383073497,-2.0,-1.05,1.0,-0.5,0,0,1,0,9
El Dorado,Summer,2011,79,0,38.70984569620253,-120.8626586835443,0.7321518987341773,0.0,0.0,0.0,0.0,4.382026634673881,3.0,950.0,0.003157894736842105,-1.0,-0.43,-2.0,1.0,0,0,1,0,9
El Dorado,Summer,2012,145,0,38.76097858544828,-120.63398397813793,1.9115862068965517,0.0,0.0,0.0,0.0,4.983606621708336,3.0,1029.0,0.0029154518950437317,0.0,0.3,-1.0,-2.0,0,0,1,0,9
El Dorado,Summer,2013,108,1,38.77288185990741,-120.5403224949074,9.249722222222223,0.009259259259259259,0.0,0.0,0.0,4.6913478822291435,3.0,1174.0,0.002555366269165247,0.0,-0.35,0.0,-1.0,0,0,1,0,9
El Dorado,Summer,2014,85,1,38.766334083764704,-120.6191613302353,1150.3088235294117,0.011764705882352941,1.0,0.0,0.3333333333333333,4.454347296253507,4.0,1282.0,0.0031201248049922,0.5,0.1,0.0,0.0,0,0,1,0,9
El Dorado,Summer,2015,127,0,38.75342129125984,-120.60161050125984,2.239685039370079,0.0,1.0,1.0,0.6666666666666666,4.852030263919617,5.0,1367.0,0.0036576444769568397,3.0,1.57,0.5,0.0,0,0,1,0,9
El Dorado,Winter,1999,5,0,38.7726656,-120.82502400000001,0.38,0.0,,,,1.791759469228055,5.0,1494.0,0.0033467202141900937,-2.0,-1.1,-2.0,3.0,1,0,0,0,9
El Dorado,Winter,2001,1,0,38.919089,-120.885061,0.1,0.0,0.0,,0.0,0.6931471805599453,0.0,5.0,0.0,0.0,-0.08,-0.5,-2.0,1,0,0,0,9
El Dorado,Winter,2002,1,0,38.619589,-120.750319,0.1,0.0,0.0,0.0,0.0,0.6931471805599453,0.0,6.0,0.0,1.0,0.79,0.0,-0.5,1,0,0,0,9
El Dorado,Winter,2003,2,0,38.740496,-120.8370805,0.1,0.0,0.0,0.0,0.0,1.0986122886681098,0.0,7.0,0.0,0.0,0.08,1.0,0.0,1,0,0,0,9
El Dorado,Winter,2004,3,0,38.71405933333333,-120.820499,0.4000000000000001,0.0,0.0,0.0,0.0,1.3862943611198906,0.0,9.0,0.0,0.5,0.47,0.0,1.0,1,0,0,0,9
El Dorado,Winter,2005,3,0,38.787263,-120.78862400000001,0.3333333333333333,0.0,0.0,0.0,0.0,1.3862943611198906,0.0,12.0,0.0,-0.5,-0.06,0.5,0.0,1,0,0,0,9
El Dorado,Winter,2006,3,0,38.657902,-120.711614,1.0666666666666667,0.0,0.0,0.0,0.0,1.3862943611198906,0.0,15.0,0.0,0.5,0.1,-0.5,0.5,1,0,0,0,9
El Dorado,Winter,2007,11,0,38.77640436363636,-120.88361536363637,0.3727272727272727,0.0,0.0,0.0,0.0,2.4849066497880004,0.0,18.0,0.0,-2.0,-0.56,0.5,-0.5,1,0,0,0,9
El Dorado,Winter,2009,3,0,38.71990741,-120.43157407333332,1.1833333333333333,0.0,0.0,0.0,0.0,1.3862943611198906,0.0,29.0,0.0,1.0,0.45,-0.5,-2.0,1,0,0,0,9
El Dorado,Winter,2010,1,0,38.535,-120.517778,0.4,0.0,0.0,0.0,0.0,0.6931471805599453,0.0,32.0,0.0,-2.0,-1.05,1.0,-0.5,1,0,0,0,9
El Dorado,Winter,2011,14,0,38.72756192857143,-120.81029878571428,0.15285714285714286,0.0,0.0,0.0,0.0,2.70805020110221,0.0,33.0,0.0,-1.0,-0.43,-2.0,1.0,1,0,0,0,9
El Dorado,Winter,2012,22,0,38.76739932818182,-120.63145156545455,0.17454545454545456,0.0,0.0,0.0,0.0,3.1354942159291497,0.0,47.0,0.0,0.0,0.3,-1.0,-2.0,1,0,0,0,9
El Dorado,Winter,2013,13,0,38.781176153846154,-120.69826394846154,0.6076923076923076,0.0,0.0,0.0,0.0,2.6390573296152584,0.0,69.0,0.0,0.0,-0.35,0.0,-1.0,1,0,0,0,9
El Dorado,Winter,2014,32,0,38.73554890625,-120.7678716940625,0.7703125,0.0,0.0,0.0,0.0,3.4965075614664802,0.0,82.0,0.0,0.5,0.1,0.0,0.0,1,0,0,0,9
El Dorado,Winter,2015,5,0,38.881977864,-120.48084733199998,4.008,0.0,0.0,0.0,0.0,1.791759469228055,0.0,114.0,0.0,3.0,1.57,0.5,0.0,1,0,0,0,9
Fresno,Fall,1998,6,0,36.40417366666667,-120.01490133333334,25.983333333333334,0.0,,,,1.9459101490553132,0.0,119.0,0.0,-2.0,-0.78,3.0,0.0,0,0,0,1,10
Fresno,Fall,1999,5,0,36.4816494,-120.3151786,3.04,0.0,0.0,,0.0,1.791759469228055,0.0,6.0,0.0,-2.0,-1.1,-2.0,3.0,0,0,0,1,10
Fresno,Fall,2000,1,0,36.814639,-119.384731,0.1,0.0,0.0,0.0,0.0,0.6931471805599453,0.0,11.0,0.0,-0.5,-0.55,-2.0,-2.0,0,0,0,1,10
Fresno,Fall,2002,5,0,36.2800278,-120.2050052,2.66,0.0,0.0,0.0,0.0,1.791759469228055,0.0,12.0,0.0,1.0,0.79,0.0,-0.5,0,0,0,1,10
Fresno,Fall,2003,2,0,36.16006,-120.38776,0.1,0.0,0.0,0.0,0.0,1.0986122886681098,0.0,17.0,0.0,0.0,0.08,1.0,0.0,0,0,0,1,10
Fresno,Fall,2004,2,0,36.202075,-120.38570999999999,0.1,0.0,0.0,0.0,0.0,1.0986122886681098,0.0,19.0,0.0,0.5,0.47,0.0,1.0,0,0,0,1,10
Fresno,Fall,2005,4,0,36.416692499999996,-120.09878975,50.55,0.0,0.0,0.0,0.0,1.6094379124341003,0.0,21.0,0.0,-0.5,-0.06,0.5,0.0,0,0,0,1,10
Fresno,Fall,2006,5,0,37.045611112,-119.10427777800001,3.3200000000000003,0.0,0.0,0.0,0.0,1.791759469228055,0.0,25.0,0.0,0.5,0.1,-0.5,0.5,0,0,0,1,10
Fresno,Fall,2007,11,0,37.020269696363634,-119.29610625363635,0.4954545454545455,0.0,0.0,0.0,0.0,2.4849066497880004,0.0,30.0,0.0,-2.0,-0.56,0.5,-0.5,0,0,0,1,10
Fresno,Fall,2008,3,0,37.13555555666667,-119.19592592666667,3.4,0.0,0.0,0.0,0.0,1.3862943611198906,0.0,41.0,0.0,-0.5,-0.37,-2.0,0.5,0,0,0,1,10
Fresno,Fall,2009,4,0,37.245069445,-119.08208333500001,0.1375,0.0,0.0,0.0,0.0,1.6094379124341003,0.0,44.0,0.0,1.0,0.45,-0.5,-2.0,0,0,0,1,10
Fresno,Fall,2010,13,0,37.18905983076923,-119.17910246153846,0.21923076923076923,0.0,0.0,0.0,0.0,2.6390573296152584,0.0,48.0,0.0,-2.0,-1.05,1.0,-0.5,0,0,0,1,10
Fresno,Fall,2011,72,0,36.58544809722222,-120.0151115,6.060555555555556,0.0,0.0,0.0,0.0,4.290459441148391,0.0,61.0,0.0,-1.0,-0.43,-2.0,1.0,0,0,0,1,10
Fresno,Fall,2012,45,0,36.711261417555555,-119.7121169948889,2.902222222222222,0.0,0.0,0.0,0.0,3.828641396489095,0.0,133.0,0.0,0.0,0.3,-1.0,-2.0,0,0,0,1,10
Fresno,Fall,2013,49,0,36.81424041040816,-119.60176737448978,0.6708163265306122,0.0,0.0,0.0,0.0,3.912023005428146,0.0,178.0,0.0,0.0,-0.35,0.0,-1.0,0,0,0,1,10
Fresno,Fall,2014,29,0,36.824874532413794,-119.46497814586206,0.620344827586207,0.0,0.0,0.0,0.0,3.4011973816621555,0.0,227.0,0.0,0.5,0.1,0.0,0.0,0,0,0,1,10
Fresno,Fall,2015,45,0,36.809318232222225,-119.72789882733333,1.1368888888888888,0.0,0.0,0.0,0.0,3.828641396489095,0.0,256.0,0.0,3.0,1.57,0.5,0.0,0,0,0,1,10
Fresno,Spring,1998,7,0,36.334247285714284,-120.03395442857143,1.3285714285714285,0.0,,,,2.0794415416798357,0.0,301.0,0.0,-2.0,-0.78,3.0,0.0,0,1,0,0,10
Fresno,Spring,1999,3,1,36.54296933333333,-119.650987,396.3333333333333,0.3333333333333333,0.0,,0.0,1.3862943611198906,0.0,7.0,0.0,-2.0,-1.1,-2.0,3.0,0,1,0,0,10
Fresno,Spring,2000,7,0,36.553934285714284,-119.99488457142857,20.32857142857143,0.0,1.0,0.0,0.5,2.0794415416798357,1.0,10.0,0.1,-0.5,-0.55,-2.0,-2.0,0,1,0,0,10
Fresno,Spring,2001,10,0,36.6237366,-119.81061380000001,1.98,0.0,0.0,1.0,0.3333333333333333,2.3978952727983707,1.0,17.0,0.058823529411764705,0.0,-0.08,-0.5,-2.0,0,1,0,0,10
Fresno,Spring,2002,10,2,36.4318477,-120.0751861,102.69000000000001,0.2,0.0,0.0,0.3333333333333333,2.3978952727983707,1.0,27.0,0.037037037037037035,1.0,0.79,0.0,-0.5,0,1,0,0,10
Fresno,Spring,2003,4,0,36.2031455,-120.40584225,0.55,0.0,2.0,0.0,0.6666666666666666,1.6094379124341003,3.0,37.0,0.08108108108108109,0.0,0.08,1.0,0.0,0,1,0,0,10
Fresno,Spring,2004,15,0,36.401391,-120.13141420000001,1.9266666666666665,0.0,0.0,2.0,0.6666666666666666,2.772588722239781,3.0,41.0,0.07317073170731707,0.5,0.47,0.0,1.0,0,1,0,0,10
Fresno,Spring,2005,7,1,36.27979242857143,-120.3354,96.05714285714285,0.14285714285714285,0.0,0.0,0.6666666666666666,2.0794415416798357,3.0,56.0,0.05357142857142857,-0.5,-0.06,0.5,0.0,0,1,0,0,10
Fresno,Spring,2006,5,1,36.775482934,-119.563158978,392.9,0.2,1.0,0.0,0.3333333333333333,1.791759469228055,4.0,63.0,0.06349206349206349,0.5,0.1,-0.5,0.5,0,1,0,0,10
Fresno,Spring,2007,8,0,36.81352216625,-119.74700890375,50.8875,0.0,1.0,1.0,0.6666666666666666,2.1972245773362196,5.0,68.0,0.07352941176470588,-2.0,-0.56,0.5,-0.5,0,1,0,0,10
Fresno,Spring,2008,3,0,36.49857407333334,-119.55059259333332,0.2833333333333333,0.0,0.0,1.0,0.6666666666666666,1.3862943611198906,5.0,76.0,0.06578947368421052,-0.5,-0.37,-2.0,0.5,0,1,0,0,10
Fresno,Spring,2009,6,0,37.190462965,-119.02152777833334,0.1366666666666667,0.0,0.0,0.0,0.3333333333333333,1.9459101490553132,5.0,79.0,0.06329113924050633,1.0,0.45,-0.5,-2.0,0,1,0,0,10
Fresno,Spring,2010,2,0,36.77583335,-118.896111,0.175,0.0,0.0,0.0,0.0,1.0986122886681098,5.0,85.0,0.058823529411764705,-2.0,-1.05,1.0,-0.5,0,1,0,0,10
Fresno,Spring,2011,122,0,36.589334467213114,-119.87164476229508,8.68844262295082,0.0,0.0,0.0,0.0,4.812184355372417,5.0,87.0,0.05747126436781609,-1.0,-0.43,-2.0,1.0,0,1,0,0,10
Fresno,Spring,2012,106,1,36.66047776528302,-119.76057025160378,6.205094339622642,0.009433962264150943,0.0,0.0,0.0,4.672828834461906,5.0,209.0,0.023923444976076555,0.0,0.3,-1.0,-2.0,0,1,0,0,10
Fresno,Spring,2013,153,0,36.6800777051634,-119.73901349457516,3.3576470588235297,0.0,1.0,0.0,0.3333333333333333,5.0369526024136295,6.0,315.0,0.01904761904761905,0.0,-0.35,0.0,-1.0,0,1,0,0,10
Fresno,Spring,2014,74,0,36.754016897837836,-119.73006042054053,1.5444594594594596,0.0,0.0,1.0,0.3333333333333333,4.31748811353631,6.0,468.0,0.01282051282051282,0.5,0.1,0.0,0.0,0,1,0,0,10
Fresno,Spring,2015,140,0,36.741851743,-119.6744673777143,1.782357142857143,0.0,0.0,0.0,0.3333333333333333,4.948759890378168,6.0,542.0,0.01107011070110701,3.0,1.57,0.5,0.0,0,1,0,0,10
Fresno,Summer,1998,10,0,36.4732567,-120.1441241,31.130000000000003,0.0,,,,2.3978952727983707,6.0,682.0,0.008797653958944282,-2.0,-0.78,3.0,0.0,0,0,1,0,10
Fresno,Summer,1999,4,0,36.49835575,-119.96251475,1.2,0.0,0.0,,0.0,1.6094379124341003,0.0,10.0,0.0,-2.0,-1.1,-2.0,3.0,0,0,1,0,10
Fresno,Summer,2000,9,0,36.61652877777778,-119.86900433333332,1.7333333333333334,0.0,0.0,0.0,0.0,2.302585092994046,0.0,14.0,0.0,-0.5,-0.55,-2.0,-2.0,0,0,1,0,10
Fresno,Summer,2001,6,0,36.508480666666664,-119.8156295,2.5666666666666664,0.0,0.0,0.0,0.0,1.9459101490553132,0.0,23.0,0.0,0.0,-0.08,-0.5,-2.0,0,0,1,0,10
Fresno,Summer,2002,17,0,36.63331356882353,-120.15248870588235,9.882352941176471,0.0,0.0,0.0,0.0,2.8903717578961645,0.0,29.0,0.0,1.0,0.79,0.0,-0.5,0,0,1,0,10
Fresno,Summer,2003,13,0,36.33907638461539,-120.39209007692307,22.43846153846154,0.0,0.0,0.0,0.0,2.6390573296152584,0.0,46.0,0.0,0.0,0.08,1.0,0.0,0,0,1,0,10
Fresno,Summer,2004,13,1,36.49540023076923,-120.18632407692309,101.73076923076923,0.07692307692307693,0.0,0.0,0.0,2.6390573296152584,0.0,59.0,0.0,0.5,0.47,0.0,1.0,0,0,1,0,10
Fresno,Summer,2005,5,0,36.407050600000005,-119.921439,2.7199999999999998,0.0,1.0,0.0,0.3333333333333333,1.791759469228055,1.0,72.0,0.013888888888888888,-0.5,-0.06,0.5,0.0,0,0,1,0,10
Fresno,Summer,2006,84,1,37.089883932261905,-119.169858435,103.77738095238097,0.011904761904761904,0.0,1.0,0.3333333333333333,4.442651256490317,1.0,77.0,0.012987012987012988,0.5,0.1,-0.5,0.5,0,0,1,0,10
Fresno,Summer,2007,54,1,36.95661437259259,-119.29314207259259,107.96037037037038,0.018518518518518517,1.0,0.0,0.6666666666666666,4.007333185232471,2.0,161.0,0.012422360248447204,-2.0,-0.56,0.5,-0.5,0,0,1,0,10
Fresno,Summer,2008,54,1,37.17317386907408,-119.08374485592593,139.18925925925927,0.018518518518518517,1.0,1.0,0.6666666666666666,4.007333185232471,3.0,215.0,0.013953488372093023,-0.5,-0.37,-2.0,0.5,0,0,1,0,10
Fresno,Summer,2009,14,0,37.10787698428572,-119.03263888857143,0.6849999999999999,0.0,1.0,1.0,1.0,2.70805020110221,4.0,269.0,0.01486988847583643,1.0,0.45,-0.5,-2.0,0,0,1,0,10
Fresno,Summer,2010,23,0,37.125229473913045,-119.04309178260868,0.3695652173913043,0.0,0.0,1.0,0.6666666666666666,3.1780538303479458,4.0,283.0,0.014134275618374558,-2.0,-1.05,1.0,-0.5,0,0,1,0,10
Fresno,Summer,2011,206,0,36.63542623300971,-119.89842107766991,3.172864077669903,0.0,0.0,0.0,0.3333333333333333,5.332718793265369,4.0,306.0,0.013071895424836602,-1.0,-0.43,-2.0,1.0,0,0,1,0,10
Fresno,Summer,2012,141,1,36.810354457021276,-119.58859283531913,9.64595744680851,0.0070921985815602835,0.0,0.0,0.0,4.955827057601261,4.0,512.0,0.0078125,0.0,0.3,-1.0,-2.0,0,0,1,0,10
Fresno,Summer,2013,130,1,36.82117735307692,-119.58579975153846,181.4323076923077,0.007692307692307693,1.0,0.0,0.3333333333333333,4.875197323201151,5.0,653.0,0.007656967840735069,0.0,-0.35,0.0,-1.0,0,0,1,0,10
Fresno,Summer,2014,78,0,36.86639053705129,-119.50161692141025,1.7016666666666664,0.0,1.0,1.0,0.6666666666666666,4.3694478524670215,6.0,783.0,0.007662835249042145,0.5,0.1,0.0,0.0,0,0,1,0,10
Fresno,Summer,2015,222,1,36.85950996148649,-119.58085582738738,686.2968918918917,0.0045045045045045045,0.0,1.0,0.6666666666666666,5.407171771460119,6.0,861.0,0.006968641114982578,3.0,1.57,0.5,0.0,0,0,1,0,10
Fresno,Winter,1998,2,0,36.8283155,-120.13770550000001,0.15000000000000002,0.0,,,,1.0986122886681098,7.0,1083.0,0.006463527239150508,-2.0,-0.78,3.0,0.0,1,0,0,0,10
Fresno,Winter,1999,2,0,36.568054000000004,-120.0376345,5.0,0.0,0.0,,0.0,1.0986122886681098,0.0,2.0,0.0,-2.0,-1.1,-2.0,3.0,1,0,0,0,10
Fresno,Winter,2000,2,0,36.908240500000005,-119.40728999999999,0.1,0.0,0.0,0.0,0.0,1.0986122886681098,0.0,4.0,0.0,-0.5,-0.55,-2.0,-2.0,1,0,0,0,10
Fresno,Winter,2002,1,0,37.0177,-119.57405,0.1,0.0,0.0,0.0,0.0,0.6931471805599453,0.0,6.0,0.0,1.0,0.79,0.0,-0.5,1,0,0,0,10
Fresno,Winter,2003,1,0,36.509869,-120.5779,0.1,0.0,0.0,0.0,0.0,0.6931471805599453,0.0,7.0,0.0,0.0,0.08,1.0,0.0,1,0,0,0,10
Fresno,Winter,2004,1,0,36.1306,-120.4774,0.1,0.0,0.0,0.0,0.0,0.6931471805599453,0.0,8.0,0.0,0.5,0.47,0.0,1.0,1,0,0,0,10
Fresno,Winter,2007,4,0,36.664073,-119.54688,0.1,0.0,0.0,0.0,0.0,1.6094379124341003,0.0,9.0,0.0,-2.0,-0.56,0.5,-0.5,1,0,0,0,10
Fresno,Winter,2009,1,0,37.05833333,-119.36944444,0.01,0.0,0.0,0.0,0.0,0.6931471805599453,0.0,13.0,0.0,1.0,0.45,-0.5,-2.0,1,0,0,0,10
Fresno,Winter,2011,22,0,36.53283154545455,-119.98832927272726,1.2913636363636363,0.0,0.0,0.0,0.0,3.1354942159291497,0.0,14.0,0.0,-1.0,-0.43,-2.0,1.0,1,0,0,0,10
Fresno,Winter,2012,36,0,36.59599544444445,-119.84908466666667,3.939166666666667,0.0,0.0,0.0,0.0,3.6109179126442243,0.0,36.0,0.0,0.0,0.3,-1.0,-2.0,1,0,0,0,10
Fresno,Winter,2013,19,0,36.6189307368421,-119.94600621052632,0.5773684210526316,0.0,0.0,0.0,0.0,2.995732273553991,0.0,72.0,0.0,0.0,-0.35,0.0,-1.0,1,0,0,0,10
Fresno,Winter,2014,24,0,36.64291066208333,-119.86634661125,5.925,0.0,0.0,0.0,0.0,3.2188758248682006,0.0,91.0,0.0,0.5,0.1,0.0,0.0,1,0,0,0,10
Fresno,Winter,2015,2,0,36.6775925,-119.6350915,0.055,0.0,0.0,0.0,0.0,1.0986122886681098,0.0,115.0,0.0,3.0,1.57,0.5,0.0,1,0,0,0,10
Glenn,Fall,1998,2,0,39.56586,-122.565654,56.05,0.0,,,,1.0986122886681098,0.0,117.0,0.0,-2.0,-0.78,3.0,0.0,0,0,0,1,11
Glenn,Fall,2006,2,0,36.26196111,-118.6387,0.055,0.0,0.0,,0.0,1.0986122886681098,0.0,2.0,0.0,0.5,0.1,-0.5,0.5,0,0,0,1,11
Glenn,Fall,2007,1,0,39.61444444,-122.73583333,0.2,0.0,0.0,0.0,0.0,0.6931471805599453,0.0,4.0,0.0,-2.0,-0.56,0.5,-0.5,0,0,0,1,11
Glenn,Fall,2010,1,0,39.6211111,-122.732778,0.25,0.0,0.0,0.0,0.0,0.6931471805599453,0.0,5.0,0.0,-2.0,-1.05,1.0,-0.5,0,0,0,1,11
Glenn,Fall,2012,2,0,39.66847,-122.4350755,1.515,0.0,0.0,0.0,0.0,1.0986122886681098,0.0,6.0,0.0,0.0,0.3,-1.0,-2.0,0,0,0,1,11
Glenn,Fall,2013,2,0,39.671791835,-122.60221960999999,1.125,0.0,0.0,0.0,0.0,1.0986122886681098,0.0,8.0,0.0,0.0,-0.35,0.0,-1.0,0,0,0,1,11
Glenn,Fall,2014,1,0,39.434609,-122.503541,0.3,0.0,0.0,0.0,0.0,0.6931471805599453,0.0,10.0,0.0,0.5,0.1,0.0,0.0,0,0,0,1,11
Glenn,Fall,2015,1,0,39.434575,-122.504822,0.01,0.0,0.0,0.0,0.0,0.6931471805599453,0.0,11.0,0.0,3.0,1.57,0.5,0.0,0,0,0,1,11
Glenn,Spring,2008,1,1,39.89388889,-122.7075,7783.0,1.0,,,,0.6931471805599453,0.0,12.0,0.0,-0.5,-0.37,-2.0,0.5,0,1,0,0,11
Glenn,Spring,2009,1,0,39.65305556,-122.84888889,0.1,0.0,1.0,,1.0,0.6931471805599453,1.0,1.0,1.0,1.0,0.45,-0.5,-2.0,0,1,0,0,11
Glenn,Spring,2012,3,0,39.734145000000005,-122.486387,12.75,0.0,0.0,1.0,0.5,1.3862943611198906,1.0,2.0,0.5,0.0,0.3,-1.0,-2.0,0,1,0,0,11
Glenn,Spring,2013,18,0,39.58186480277778,-122.49922331555555,25.008333333333336,0.0,0.0,0.0,0.3333333333333333,2.9444389791664403,1.0,5.0,0.2,0.0,-0.35,0.0,-1.0,0,1,0,0,11
Glenn,Spring,2015,3,0,39.577506,-122.33938685333334,2.1999999999999997,0.0,0.0,0.0,0.0,1.3862943611198906,1.0,23.0,0.043478260869565216,3.0,1.57,0.5,0.0,0,1,0,0,11
Glenn,Summer,1998,3,0,39.60790033333333,-122.52137966666668,0.16666666666666666,0.0,,,,1.3862943611198906,1.0,26.0,0.038461538461538464,-2.0,-0.78,3.0,0.0,0,0,1,0,11
Glenn,Summer,2002,1,0,39.414061,-122.533011,2.0,0.0,0.0,,0.0,0.6931471805599453,0.0,3.0,0.0,1.0,0.79,0.0,-0.5,0,0,1,0,11
Glenn,Summer,2003,6,1,39.50568033333334,-122.50325783333334,87.71666666666665,0.16666666666666666,0.0,0.0,0.0,1.9459101490553132,0.0,4.0,0.0,0.0,0.08,1.0,0.0,0,0,1,0,11
Glenn,Summer,2007,1,0,39.65305556,-122.73277778,1.5,0.0,1.0,0.0,0.3333333333333333,0.6931471805599453,1.0,10.0,0.1,-2.0,-0.56,0.5,-0.5,0,0,1,0,11
Glenn,Summer,2008,20,1,39.931208333,-122.835277778,878.981,0.05,0.0,1.0,0.3333333333333333,3.044522437723423,1.0,11.0,0.09090909090909091,-0.5,-0.37,-2.0,0.5,0,0,1,0,11
Glenn,Summer,2009,1,0,39.67194444,-122.85472222,0.1,0.0,1.0,0.0,0.6666666666666666,0.6931471805599453,2.0,31.0,0.06451612903225806,1.0,0.45,-0.5,-2.0,0,0,1,0,11
Glenn,Summer,2011,2,0,39.594489499999995,-122.531019,0.75,0.0,0.0,1.0,0.3333333333333333,1.0986122886681098,2.0,32.0,0.0625,-1.0,-0.43,-2.0,1.0,0,0,1,0,11
Glenn,Summer,2012,2,0,39.6234115,-122.5247305,0.425,0.0,0.0,0.0,0.3333333333333333,1.0986122886681098,2.0,34.0,0.058823529411764705,0.0,0.3,-1.0,-2.0,0,0,1,0,11
Glenn,Summer,2013,7,0,39.55847619142857,-122.6059873042857,2.75,0.0,0.0,0.0,0.0,2.0794415416798357,2.0,36.0,0.05555555555555555,0.0,-0.35,0.0,-1.0,0,0,1,0,11
Glenn,Summer,2014,4,0,39.427552,-122.04876924999999,63.375,0.0,0.0,0.0,0.0,1.6094379124341003,2.0,43.0,0.046511627906976744,0.5,0.1,0.0,0.0,0,0,1,0,11
Glenn,Summer,2015,5,0,39.557640088,-122.469199422,1.8800000000000001,0.0,0.0,0.0,0.0,1.791759469228055,2.0,47.0,0.0425531914893617,3.0,1.57,0.5,0.0,0,0,1,0,11
Glenn,Winter,2013,1,0,39.465,-121.99222222,0.1,0.0,,,,0.6931471805599453,2.0,52.0,0.038461538461538464,0.0,-0.35,0.0,-1.0,1,0,0,0,11
Glenn,Winter,2014,3,0,39.54107666666667,-122.42249299999999,0.6,0.0,0.0,,0.0,1.3862943611198906,0.0,1.0,0.0,0.5,0.1,0.0,0.0,1,0,0,0,11
Humboldt,Fall,1998,5,0,40.7182586,-123.95405860000001,0.22000000000000003,0.0,,,,1.791759469228055,0.0,4.0,0.0,-2.0,-0.78,3.0,0.0,0,0,0,1,12
Humboldt,Fall,1999,5,0,40.581444,-124.08596560000001,0.1,0.0,0.0,,0.0,1.791759469228055,0.0,5.0,0.0,-2.0,-1.1,-2.0,3.0,0,0,0,1,12
Humboldt,Fall,2000,7,0,40.95312514285714,-123.95629242857142,2.357142857142857,0.0,0.0,0.0,0.0,2.0794415416798357,0.0,10.0,0.0,-0.5,-0.55,-2.0,-2.0,0,0,0,1,12
Humboldt,Fall,2001,3,0,40.987624000000004,-124.130534,0.10000000000000002,0.0,0.0,0.0,0.0,1.3862943611198906,0.0,17.0,0.0,0.0,-0.08,-0.5,-2.0,0,0,0,1,12
Humboldt,Fall,2002,4,0,40.8352905,-123.94255,1.3,0.0,0.0,0.0,0.0,1.6094379124341003,0.0,20.0,0.0,1.0,0.79,0.0,-0.5,0,0,0,1,12
Humboldt,Fall,2003,1,0,40.656311,-123.882031,2.0,0.0,0.0,0.0,0.0,0.6931471805599453,0.0,24.0,0.0,0.0,0.08,1.0,0.0,0,0,0,1,12
Humboldt,Fall,2004,4,0,40.729237499999996,-124.04293425,68.575,0.0,0.0,0.0,0.0,1.6094379124341003,0.0,25.0,0.0,0.5,0.47,0.0,1.0,0,0,0,1,12
Humboldt,Fall,2005,4,0,40.7223305,-124.0957995,0.1,0.0,0.0,0.0,0.0,1.6094379124341003,0.0,29.0,0.0,-0.5,-0.06,0.5,0.0,0,0,0,1,12
Humboldt,Fall,2006,2,0,41.16920161,-123.823557165,0.3,0.0,0.0,0.0,0.0,1.0986122886681098,0.0,33.0,0.0,0.5,0.1,-0.5,0.5,0,0,0,1,12
Humboldt,Fall,2007,6,0,40.70894074,-123.89946572333334,8.533333333333333,0.0,0.0,0.0,0.0,1.9459101490553132,0.0,35.0,0.0,-2.0,-0.56,0.5,-0.5,0,0,0,1,12
Humboldt,Fall,2008,6,0,40.96207777666667,-123.60499259333334,1.5666666666666667,0.0,0.0,0.0,0.0,1.9459101490553132,0.0,41.0,0.0,-0.5,-0.37,-2.0,0.5,0,0,0,1,12
Humboldt,Fall,2009,2,1,41.034583335,-123.679861115,1844.55,0.5,0.0,0.0,0.0,1.0986122886681098,0.0,47.0,0.0,1.0,0.45,-0.5,-2.0,0,0,0,1,12
Humboldt,Fall,2010,3,0,40.6838926,-123.82037033333334,0.39999999999999997,0.0,1.0,0.0,0.3333333333333333,1.3862943611198906,1.0,49.0,0.02040816326530612,-2.0,-1.05,1.0,-0.5,0,0,0,1,12
Humboldt,Fall,2011,13,0,40.44641253846154,-123.89492830769231,11.612307692307693,0.0,0.0,1.0,0.3333333333333333,2.6390573296152584,1.0,52.0,0.019230769230769232,-1.0,-0.43,-2.0,1.0,0,0,0,1,12
Humboldt,Fall,2012,22,0,40.73917863636364,-123.90716086363636,0.7395454545454545,0.0,0.0,0.0,0.3333333333333333,3.1354942159291497,1.0,65.0,0.015384615384615385,0.0,0.3,-1.0,-2.0,0,0,0,1,12
Humboldt,Fall,2013,20,0,40.50729245,-124.01351165000001,7.06,0.0,0.0,0.0,0.0,3.044522437723423,1.0,87.0,0.011494252873563218,0.0,-0.35,0.0,-1.0,0,0,0,1,12
Humboldt,Fall,2014,15,0,40.65892106666667,-123.76833199266666,0.294,0.0,0.0,0.0,0.0,2.772588722239781,1.0,107.0,0.009345794392523364,0.5,0.1,0.0,0.0,0,0,0,1,12
Humboldt,Fall,2015,48,0,40.58439465041667,-123.9278158125,0.196875,0.0,0.0,0.0,0.0,3.8918202981106265,1.0,122.0,0.00819672131147541,3.0,1.57,0.5,0.0,0,0,0,1,12
Humboldt,Spring,1998,2,0,40.5409345,-124.08886000000001,0.15000000000000002,0.0,,,,1.0986122886681098,1.0,170.0,0.0058823529411764705,-2.0,-0.78,3.0,0.0,0,1,0,0,12
Humboldt,Spring,1999,4,0,40.840758,-124.04727275,0.8500000000000001,0.0,0.0,,0.0,1.6094379124341003,0.0,2.0,0.0,-2.0,-1.1,-2.0,3.0,0,1,0,0,12
Humboldt,Spring,2000,1,0,41.036181,-124.108781,0.5,0.0,0.0,0.0,0.0,0.6931471805599453,0.0,6.0,0.0,-0.5,-0.55,-2.0,-2.0,0,1,0,0,12
Humboldt,Spring,2001,8,1,40.60009875,-124.1449815,38.6625,0.125,0.0,0.0,0.0,2.1972245773362196,0.0,7.0,0.0,0.0,-0.08,-0.5,-2.0,0,1,0,0,12
Humboldt,Spring,2002,1,0,40.266219,-124.2429,1.0,0.0,1.0,0.0,0.3333333333333333,0.6931471805599453,1.0,15.0,0.06666666666666667,1.0,0.79,0.0,-0.5,0,1,0,0,12
Humboldt,Spring,2003,3,0,40.50588333333334,-123.95018966666667,0.10000000000000002,0.0,0.0,1.0,0.3333333333333333,1.3862943611198906,1.0,16.0,0.0625,0.0,0.08,1.0,0.0,0,1,0,0,12
Humboldt,Spring,2004,4,0,40.528852,-124.015353,0.5750000000000001,0.0,0.0,0.0,0.3333333333333333,1.6094379124341003,1.0,19.0,0.05263157894736842,0.5,0.47,0.0,1.0,0,1,0,0,12
Humboldt,Spring,2006,3,0,41.03296296333333,-123.57935185333334,1.5333333333333332,0.0,0.0,0.0,0.0,1.3862943611198906,1.0,23.0,0.043478260869565216,0.5,0.1,-0.5,0.5,0,1,0,0,12
Humboldt,Spring,2007,10,0,41.082683623,-123.904391366,0.45,0.0,0.0,0.0,0.0,2.3978952727983707,1.0,26.0,0.038461538461538464,-2.0,-0.56,0.5,-0.5,0,1,0,0,12
Humboldt,Spring,2008,7,0,41.115044444285715,-123.6790095242857,1.1071428571428572,0.0,0.0,0.0,0.0,2.0794415416798357,1.0,36.0,0.027777777777777776,-0.5,-0.37,-2.0,0.5,0,1,0,0,12
Humboldt,Spring,2009,8,0,40.97642777875,-123.67704583375,0.59375,0.0,0.0,0.0,0.0,2.1972245773362196,1.0,43.0,0.023255813953488372,1.0,0.45,-0.5,-2.0,0,1,0,0,12
Humboldt,Spring,2010,1,0,41.3130556,-123.516389,0.7,0.0,0.0,0.0,0.0,0.6931471805599453,1.0,51.0,0.0196078431372549,-2.0,-1.05,1.0,-0.5,0,1,0,0,12
Humboldt,Spring,2011,3,0,40.45138666666667,-124.00970766666667,0.07333333333333333,0.0,0.0,0.0,0.0,1.3862943611198906,1.0,52.0,0.019230769230769232,-1.0,-0.43,-2.0,1.0,0,1,0,0,12
Humboldt,Spring,2012,15,0,40.679283762666664,-123.74654911066666,0.2033333333333333,0.0,0.0,0.0,0.0,2.772588722239781,1.0,55.0,0.01818181818181818,0.0,0.3,-1.0,-2.0,0,1,0,0,12
Humboldt,Spring,2013,55,0,40.87587375345454,-123.86085612927272,0.7118181818181818,0.0,0.0,0.0,0.0,4.02535169073515,1.0,70.0,0.014285714285714285,0.0,-0.35,0.0,-1.0,0,1,0,0,12
Humboldt,Spring,2014,27,0,40.60102097888889,-123.9663047574074,0.4688888888888889,0.0,0.0,0.0,0.0,3.332204510175204,1.0,125.0,0.008,0.5,0.1,0.0,0.0,0,1,0,0,12
Humboldt,Spring,2015,32,0,40.7543545140625,-123.8012152565625,1.346875,0.0,0.0,0.0,0.0,3.4965075614664802,1.0,152.0,0.006578947368421052,3.0,1.57,0.5,0.0,0,1,0,0,12
Humboldt,Summer,1998,5,0,40.8042686,-123.98025399999999,1.7,0.0,,,,1.791759469228055,1.0,184.0,0.005434782608695652,-2.0,-0.78,3.0,0.0,0,0,1,0,12
Humboldt,Summer,1999,13,0,40.384469230769234,-124.05921415384616,1.0615384615384615,0.0,0.0,,0.0,2.6390573296152584,0.0,5.0,0.0,-2.0,-1.1,-2.0,3.0,0,0,1,0,12
Humboldt,Summer,2000,14,0,40.63291671428571,-124.01333935714285,1.4642857142857142,0.0,0.0,0.0,0.0,2.70805020110221,0.0,18.0,0.0,-0.5,-0.55,-2.0,-2.0,0,0,1,0,12
Humboldt,Summer,2001,13,0,40.69807638461538,-124.00392084615383,5.238461538461538,0.0,0.0,0.0,0.0,2.6390573296152584,0.0,32.0,0.0,0.0,-0.08,-0.5,-2.0,0,0,1,0,12
Humboldt,Summer,2002,5,0,40.9147362,-124.0519264,0.5,0.0,0.0,0.0,0.0,1.791759469228055,0.0,45.0,0.0,1.0,0.79,0.0,-0.5,0,0,1,0,12
Humboldt,Summer,2003,22,1,40.348311318181814,-124.01358495454546,640.6318181818182,0.045454545454545456,0.0,0.0,0.0,3.1354942159291497,0.0,50.0,0.0,0.0,0.08,1.0,0.0,0,0,1,0,12
Humboldt,Summer,2004,4,0,40.497968,-123.97025,1.05,0.0,1.0,0.0,0.3333333333333333,1.6094379124341003,1.0,72.0,0.013888888888888888,0.5,0.47,0.0,1.0,0,0,1,0,12
Humboldt,Summer,2005,4,0,40.5801035,-123.99752425,0.6,0.0,0.0,1.0,0.3333333333333333,1.6094379124341003,1.0,76.0,0.013157894736842105,-0.5,-0.06,0.5,0.0,0,0,1,0,12
Humboldt,Summer,2006,33,1,41.145589235757576,-123.6330292869697,477.8636363636364,0.030303030303030304,0.0,0.0,0.3333333333333333,3.5263605246161616,1.0,80.0,0.0125,0.5,0.1,-0.5,0.5,0,0,1,0,12
Humboldt,Summer,2007,30,0,40.77484915633333,-123.90454736299999,0.7303333333333334,0.0,1.0,0.0,0.3333333333333333,3.4339872044851463,2.0,113.0,0.017699115044247787,-2.0,-0.56,0.5,-0.5,0,0,1,0,12
Humboldt,Summer,2008,40,2,40.77999483275,-123.71822663924999,115.1415,0.05,0.0,1.0,0.3333333333333333,3.713572066704308,2.0,143.0,0.013986013986013986,-0.5,-0.37,-2.0,0.5,0,0,1,0,12
Humboldt,Summer,2009,41,1,41.00709430902439,-123.5691401085366,123.97341463414634,0.024390243902439025,2.0,0.0,1.0,3.7376696182833684,4.0,183.0,0.02185792349726776,1.0,0.45,-0.5,-2.0,0,0,1,0,12
Humboldt,Summer,2010,14,0,41.140717464285714,-123.615061,0.31428571428571433,0.0,1.0,2.0,1.0,2.70805020110221,5.0,224.0,0.022321428571428572,-2.0,-1.05,1.0,-0.5,0,0,1,0,12
Humboldt,Summer,2011,55,1,40.683597727272726,-123.9641761090909,9.656,0.01818181818181818,0.0,1.0,1.0,4.02535169073515,5.0,238.0,0.02100840336134454,-1.0,-0.43,-2.0,1.0,0,0,1,0,12
Humboldt,Summer,2012,53,0,40.709838257735846,-123.83507803377358,0.7947169811320755,0.0,1.0,0.0,0.6666666666666666,3.9889840465642745,6.0,293.0,0.020477815699658702,0.0,0.3,-1.0,-2.0,0,0,1,0,12
Humboldt,Summer,2013,95,2,40.76779578957895,-123.82282292021053,139.65484210526316,0.021052631578947368,0.0,1.0,0.3333333333333333,4.564348191467836,6.0,346.0,0.017341040462427744,0.0,-0.35,0.0,-1.0,0,0,1,0,12
Humboldt,Summer,2014,53,0,40.8677408509434,-123.87993608169812,3.843396226415094,0.0,2.0,0.0,1.0,3.9889840465642745,8.0,441.0,0.018140589569160998,0.5,0.1,0.0,0.0,0,0,1,0,12
Humboldt,Summer,2015,151,9,40.61808792132451,-123.76805429794702,299.72470198675495,0.059602649006622516,0.0,2.0,0.6666666666666666,5.0238805208462765,8.0,494.0,0.016194331983805668,3.0,1.57,0.5,0.0,0,0,1,0,12
Humboldt,Winter,1999,1,0,41.196161,-123.687619,2.0,0.0,,,,0.6931471805599453,17.0,645.0,0.02635658914728682,-2.0,-1.1,-2.0,3.0,1,0,0,0,12
Humboldt,Winter,2001,1,0,40.5693,-124.340089,0.1,0.0,0.0,,0.0,0.6931471805599453,0.0,1.0,0.0,0.0,-0.08,-0.5,-2.0,1,0,0,0,12
Humboldt,Winter,2002,1,0,41.065869,-124.145689,0.1,0.0,0.0,0.0,0.0,0.6931471805599453,0.0,2.0,0.0,1.0,0.79,0.0,-0.5,1,0,0,0,12
Humboldt,Winter,2003,1,0,40.463,-123.693489,0.1,0.0,0.0,0.0,0.0,0.6931471805599453,0.0,3.0,0.0,0.0,0.08,1.0,0.0,1,0,0,0,12
Humboldt,Winter,2006,2,0,40.178013664999995,-123.768058335,0.1,0.0,0.0,0.0,0.0,1.0986122886681098,0.0,4.0,0.0,0.5,0.1,-0.5,0.5,1,0,0,0,12
Humboldt,Winter,2007,5,0,40.903611999999995,-123.9330128,0.1,0.0,0.0,0.0,0.0,1.791759469228055,0.0,6.0,0.0,-2.0,-0.56,0.5,-0.5,1,0,0,0,12
Humboldt,Winter,2008,1,0,41.23527778,-123.65777778,0.1,0.0,0.0,0.0,0.0,0.6931471805599453,0.0,11.0,0.0,-0.5,-0.37,-2.0,0.5,1,0,0,0,12
Humboldt,Winter,2009,1,0,41.29638889,-123.56444444,0.1,0.0,0.0,0.0,0.0,0.6931471805599453,0.0,12.0,0.0,1.0,0.45,-0.5,-2.0,1,0,0,0,12
Humboldt,Winter,2010,1,0,41.3038889,-123.533056,0.25,0.0,0.0,0.0,0.0,0.6931471805599453,0.0,13.0,0.0,-2.0,-1.05,1.0,-0.5,1,0,0,0,12
Humboldt,Winter,2011,8,0,40.885876375,-123.88987725,0.9825,0.0,0.0,0.0,0.0,2.1972245773362196,0.0,14.0,0.0,-1.0,-0.43,-2.0,1.0,1,0,0,0,12
Humboldt,Winter,2012,2,0,40.6154435,-123.8708935,0.1,0.0,0.0,0.0,0.0,1.0986122886681098,0.0,22.0,0.0,0.0,0.3,-1.0,-2.0,1,0,0,0,12
Humboldt,Winter,2013,7,0,40.914547667142855,-123.91105779428571,0.5214285714285715,0.0,0.0,0.0,0.0,2.0794415416798357,0.0,24.0,0.0,0.0,-0.35,0.0,-1.0,1,0,0,0,12
Humboldt,Winter,2014,13,1,40.64696848692308,-123.84411557230769,27.77692307692308,0.07692307692307693,0.0,0.0,0.0,2.6390573296152584,0.0,31.0,0.0,0.5,0.1,0.0,0.0,1,0,0,0,12
Humboldt,Winter,2015,4,0,40.5937498325,-123.86911936,0.775,0.0,1.0,0.0,0.3333333333333333,1.6094379124341003,1.0,44.0,0.022727272727272728,3.0,1.57,0.5,0.0,1,0,0,0,12
Imperial,Fall,1999,1,0,32.85,-114.5841,0.5,0.0,,,,0.6931471805599453,1.0,48.0,0.020833333333333332,-2.0,-1.1,-2.0,3.0,0,0,0,1,13
Imperial,Fall,2002,4,0,33.052425,-115.196825,0.5750000000000001,0.0,0.0,,0.0,1.6094379124341003,0.0,1.0,0.0,1.0,0.79,0.0,-0.5,0,0,0,1,13
Imperial,Fall,2003,5,0,32.86766,-115.09205999999999,0.68,0.0,0.0,0.0,0.0,1.791759469228055,0.0,5.0,0.0,0.0,0.08,1.0,0.0,0,0,0,1,13
Imperial,Fall,2004,1,0,32.9834,-115.0675,0.1,0.0,0.0,0.0,0.0,0.6931471805599453,0.0,10.0,0.0,0.5,0.47,0.0,1.0,0,0,0,1,13
Imperial,Fall,2005,3,0,32.905899999999995,-115.30406666666666,0.10000000000000002,0.0,0.0,0.0,0.0,1.3862943611198906,0.0,11.0,0.0,-0.5,-0.06,0.5,0.0,0,0,0,1,13
Imperial,Fall,2006,2,0,32.91355,-114.4866,0.1,0.0,0.0,0.0,0.0,1.0986122886681098,0.0,14.0,0.0,0.5,0.1,-0.5,0.5,0,0,0,1,13
Imperial,Fall,2008,3,0,32.98039833333333,-115.09562466666667,0.10000000000000002,0.0,0.0,0.0,0.0,1.3862943611198906,0.0,16.0,0.0,-0.5,-0.37,-2.0,0.5,0,0,0,1,13
Imperial,Fall,2009,3,0,32.776129,-114.888463,0.10000000000000002,0.0,0.0,0.0,0.0,1.3862943611198906,0.0,19.0,0.0,1.0,0.45,-0.5,-2.0,0,0,0,1,13
Imperial,Fall,2010,4,0,32.89254975,-115.4699785,0.575,0.0,0.0,0.0,0.0,1.6094379124341003,0.0,22.0,0.0,-2.0,-1.05,1.0,-0.5,0,0,0,1,13
Imperial,Fall,2011,2,0,33.060071,-115.2084065,0.1,0.0,0.0,0.0,0.0,1.0986122886681098,0.0,26.0,0.0,-1.0,-0.43,-2.0,1.0,0,0,0,1,13
Imperial,Fall,2012,1,0,32.9325,-115.135289,0.1,0.0,0.0,0.0,0.0,0.6931471805599453,0.0,28.0,0.0,0.0,0.3,-1.0,-2.0,0,0,0,1,13
Imperial,Fall,2013,6,0,32.93383,-115.09469166666668,0.10000000000000002,0.0,0.0,0.0,0.0,1.9459101490553132,0.0,29.0,0.0,0.0,-0.35,0.0,-1.0,0,0,0,1,13
Imperial,Fall,2014,6,0,32.986849,-115.1924935,0.10000000000000002,0.0,0.0,0.0,0.0,1.9459101490553132,0.0,35.0,0.0,0.5,0.1,0.0,0.0,0,0,0,1,13
Imperial,Fall,2015,2,0,32.86475,-115.17580000000001,1.05,0.0,0.0,0.0,0.0,1.0986122886681098,0.0,41.0,0.0,3.0,1.57,0.5,0.0,0,0,0,1,13
Imperial,Spring,1999,1,0,32.76672,-115.79695,1.0,0.0,,,,0.6931471805599453,0.0,43.0,0.0,-2.0,-1.1,-2.0,3.0,0,1,0,0,13
Imperial,Spring,2000,1,0,32.8339,-115.2919,87.4,0.0,0.0,,0.0,0.6931471805599453,0.0,1.0,0.0,-0.5,-0.55,-2.0,-2.0,0,1,0,0,13
Imperial,Spring,2001,1,0,32.629,-116.1486,0.1,0.0,0.0,0.0,0.0,0.6931471805599453,0.0,2.0,0.0,0.0,-0.08,-0.5,-2.0,0,1,0,0,13
Imperial,Spring,2003,1,0,33.0359,-115.1297,0.1,0.0,0.0,0.0,0.0,0.6931471805599453,0.0,3.0,0.0,0.0,0.08,1.0,0.0,0,1,0,0,13
Imperial,Spring,2004,3,0,33.16316033333334,-115.54552033333334,0.7333333333333334,0.0,0.0,0.0,0.0,1.3862943611198906,0.0,4.0,0.0,0.5,0.47,0.0,1.0,0,1,0,0,13
Imperial,Spring,2005,1,0,33.1603,-115.87,0.1,0.0,0.0,0.0,0.0,0.6931471805599453,0.0,7.0,0.0,-0.5,-0.06,0.5,0.0,0,1,0,0,13
Imperial,Spring,2006,1,0,33.1517,-115.3242,0.1,0.0,0.0,0.0,0.0,0.6931471805599453,0.0,8.0,0.0,0.5,0.1,-0.5,0.5,0,1,0,0,13
Imperial,Spring,2007,4,1,32.937595,-115.13649,279.575,0.25,0.0,0.0,0.0,1.6094379124341003,0.0,9.0,0.0,-2.0,-0.56,0.5,-0.5,0,1,0,0,13
Imperial,Spring,2008,3,0,33.29953333333333,-115.08546766666666,3.0666666666666664,0.0,1.0,0.0,0.3333333333333333,1.3862943611198906,1.0,13.0,0.07692307692307693,-0.5,-0.37,-2.0,0.5,0,1,0,0,13
Imperial,Spring,2009,3,0,32.87835166666667,-115.11958466666665,134.1,0.0,0.0,1.0,0.3333333333333333,1.3862943611198906,1.0,16.0,0.0625,1.0,0.45,-0.5,-2.0,0,1,0,0,13
Imperial,Spring,2010,2,0,33.15155,-114.59915000000001,65.05,0.0,0.0,0.0,0.3333333333333333,1.0986122886681098,1.0,19.0,0.05263157894736842,-2.0,-1.05,1.0,-0.5,0,1,0,0,13
Imperial,Spring,2011,3,1,32.794179666666665,-115.74893066666668,140.06666666666666,0.3333333333333333,0.0,0.0,0.0,1.3862943611198906,1.0,21.0,0.047619047619047616,-1.0,-0.43,-2.0,1.0,0,1,0,0,13
Imperial,Spring,2012,8,0,33.040093,-115.36052049999999,19.837500000000002,0.0,1.0,0.0,0.3333333333333333,2.1972245773362196,2.0,24.0,0.08333333333333333,0.0,0.3,-1.0,-2.0,0,1,0,0,13
Imperial,Spring,2013,10,0,32.794586200000005,-115.4555046,57.39,0.0,0.0,1.0,0.3333333333333333,2.3978952727983707,2.0,32.0,0.0625,0.0,-0.35,0.0,-1.0,0,1,0,0,13
Imperial,Spring,2014,3,0,33.05025666666666,-114.99212333333332,0.10000000000000002,0.0,0.0,0.0,0.3333333333333333,1.3862943611198906,2.0,42.0,0.047619047619047616,0.5,0.1,0.0,0.0,0,1,0,0,13
Imperial,Spring,2015,1,0,32.758694,-114.824799,0.1,0.0,0.0,0.0,0.0,0.6931471805599453,2.0,45.0,0.044444444444444446,3.0,1.57,0.5,0.0,0,1,0,0,13
Imperial,Summer,2001,1,0,32.6306,-116.0892,18.0,0.0,,,,0.6931471805599453,2.0,46.0,0.043478260869565216,0.0,-0.08,-0.5,-2.0,0,0,1,0,13
Imperial,Summer,2003,1,0,33.0667,-115.2675,15.0,0.0,0.0,,0.0,0.6931471805599453,0.0,1.0,0.0,0.0,0.08,1.0,0.0,0,0,1,0,13
Imperial,Summer,2004,4,0,33.125729250000006,-114.792141,1.275,0.0,0.0,0.0,0.0,1.6094379124341003,0.0,2.0,0.0,0.5,0.47,0.0,1.0,0,0,1,0,13
Imperial,Summer,2005,3,0,32.94473333333334,-115.72906666666665,5.066666666666666,0.0,0.0,0.0,0.0,1.3862943611198906,0.0,6.0,0.0,-0.5,-0.06,0.5,0.0,0,0,1,0,13
Imperial,Summer,2006,6,0,32.81395,-115.02118333333334,0.11666666666666668,0.0,0.0,0.0,0.0,1.9459101490553132,0.0,9.0,0.0,0.5,0.1,-0.5,0.5,0,0,1,0,13
Imperial,Summer,2007,6,0,32.78671166666667,-115.85135833333334,0.4166666666666667,0.0,0.0,0.0,0.0,1.9459101490553132,0.0,15.0,0.0,-2.0,-0.56,0.5,-0.5,0,0,1,0,13
Imperial,Summer,2010,2,0,32.927165,-114.800045,0.1,0.0,0.0,0.0,0.0,1.0986122886681098,0.0,21.0,0.0,-2.0,-1.05,1.0,-0.5,0,0,1,0,13
Imperial,Summer,2011,4,0,33.03212675,-114.82508625,2.4,0.0,0.0,0.0,0.0,1.6094379124341003,0.0,23.0,0.0,-1.0,-0.43,-2.0,1.0,0,0,1,0,13
Imperial,Summer,2012,4,0,32.8359325,-115.540345,0.45,0.0,0.0,0.0,0.0,1.6094379124341003,0.0,27.0,0.0,0.0,0.3,-1.0,-2.0,0,0,1,0,13
Imperial,Summer,2013,4,0,32.907512277500004,-115.19541810999999,10.175,0.0,0.0,0.0,0.0,1.6094379124341003,0.0,31.0,0.0,0.0,-0.35,0.0,-1.0,0,0,1,0,13
Imperial,Summer,2014,1,0,32.781999,-114.539803,0.1,0.0,0.0,0.0,0.0,0.6931471805599453,0.0,35.0,0.0,0.5,0.1,0.0,0.0,0,0,1,0,13
Imperial,Summer,2015,1,0,32.64785,-116.10512,0.1,0.0,0.0,0.0,0.0,0.6931471805599453,0.0,36.0,0.0,3.0,1.57,0.5,0.0,0,0,1,0,13
Imperial,Winter,2002,4,0,32.9413,-115.15617499999999,0.1,0.0,,,,1.6094379124341003,0.0,37.0,0.0,1.0,0.79,0.0,-0.5,1,0,0,0,13
Imperial,Winter,2003,4,0,32.95275,-115.153775,0.1,0.0,0.0,,0.0,1.6094379124341003,0.0,4.0,0.0,0.0,0.08,1.0,0.0,1,0,0,0,13
Imperial,Winter,2004,7,0,32.88594285714286,-115.09442857142857,0.2285714285714286,0.0,0.0,0.0,0.0,2.0794415416798357,0.0,8.0,0.0,0.5,0.47,0.0,1.0,1,0,0,0,13
Imperial,Winter,2005,5,0,32.77802,-115.07302,0.36,0.0,0.0,0.0,0.0,1.791759469228055,0.0,15.0,0.0,-0.5,-0.06,0.5,0.0,1,0,0,0,13
Imperial,Winter,2006,1,0,32.7192,-114.7425,0.5,0.0,0.0,0.0,0.0,0.6931471805599453,0.0,20.0,0.0,0.5,0.1,-0.5,0.5,1,0,0,0,13
Imperial,Winter,2007,1,0,32.723095,-114.924786,0.1,0.0,0.0,0.0,0.0,0.6931471805599453,0.0,21.0,0.0,-2.0,-0.56,0.5,-0.5,1,0,0,0,13
Imperial,Winter,2008,2,0,33.193047500000006,-115.39015,20.55,0.0,0.0,0.0,0.0,1.0986122886681098,0.0,22.0,0.0,-0.5,-0.37,-2.0,0.5,1,0,0,0,13
Imperial,Winter,2010,3,0,32.95544,-115.11449333333333,0.2333333333333333,0.0,0.0,0.0,0.0,1.3862943611198906,0.0,24.0,0.0,-2.0,-1.05,1.0,-0.5,1,0,0,0,13
Imperial,Winter,2011,4,0,32.917415,-115.32690525,0.15,0.0,0.0,0.0,0.0,1.6094379124341003,0.0,27.0,0.0,-1.0,-0.43,-2.0,1.0,1,0,0,0,13
Imperial,Winter,2012,2,0,32.92595,-115.57595,0.1,0.0,0.0,0.0,0.0,1.0986122886681098,0.0,31.0,0.0,0.0,0.3,-1.0,-2.0,1,0,0,0,13
Imperial,Winter,2013,10,0,32.9178488,-115.28878320000001,1.515,0.0,0.0,0.0,0.0,2.3978952727983707,0.0,33.0,0.0,0.0,-0.35,0.0,-1.0,1,0,0,0,13
Imperial,Winter,2014,2,0,32.739519,-114.68163200000001,0.65,0.0,0.0,0.0,0.0,1.0986122886681098,0.0,43.0,0.0,0.5,0.1,0.0,0.0,1,0,0,0,13
Imperial,Winter,2015,4,0,32.898154250000005,-115.25395800000001,0.1,0.0,0.0,0.0,0.0,1.6094379124341003,0.0,45.0,0.0,3.0,1.57,0.5,0.0,1,0,0,0,13
Inyo,Fall,1998,3,0,37.286826999999995,-118.387587,0.10000000000000002,0.0,,,,1.3862943611198906,0.0,49.0,0.0,-2.0,-0.78,3.0,0.0,0,0,0,1,14
Inyo,Fall,1999,4,0,37.2352075,-118.37273325000001,0.8250000000000001,0.0,0.0,,0.0,1.6094379124341003,0.0,3.0,0.0,-2.0,-1.1,-2.0,3.0,0,0,0,1,14
Inyo,Fall,2000,3,0,37.005077,-118.32403333333333,0.10000000000000002,0.0,0.0,0.0,0.0,1.3862943611198906,0.0,7.0,0.0,-0.5,-0.55,-2.0,-2.0,0,0,0,1,14
Inyo,Fall,2001,4,0,36.91923475,-118.26412225,21.825,0.0,0.0,0.0,0.0,1.6094379124341003,0.0,10.0,0.0,0.0,-0.08,-0.5,-2.0,0,0,0,1,14
Inyo,Fall,2003,2,0,36.713539,-118.148,10.05,0.0,0.0,0.0,0.0,1.0986122886681098,0.0,14.0,0.0,0.0,0.08,1.0,0.0,0,0,0,1,14
Inyo,Fall,2004,4,0,37.02867275,-118.28789025,0.5750000000000001,0.0,0.0,0.0,0.0,1.6094379124341003,0.0,16.0,0.0,0.5,0.47,0.0,1.0,0,0,0,1,14
Inyo,Fall,2005,6,0,37.070913999999995,-118.35658333333333,0.13333333333333333,0.0,0.0,0.0,0.0,1.9459101490553132,0.0,20.0,0.0,-0.5,-0.06,0.5,0.0,0,0,0,1,14
Inyo,Fall,2006,6,0,36.35496057333334,-117.86777033333334,0.13333333333333333,0.0,0.0,0.0,0.0,1.9459101490553132,0.0,26.0,0.0,0.5,0.1,-0.5,0.5,0,0,0,1,14
Inyo,Fall,2007,9,0,37.11270011111111,-118.26976488888889,0.5,0.0,0.0,0.0,0.0,2.302585092994046,0.0,32.0,0.0,-2.0,-0.56,0.5,-0.5,0,0,0,1,14
Inyo,Fall,2008,4,0,36.57910389,-118.2709588875,0.425,0.0,0.0,0.0,0.0,1.6094379124341003,0.0,41.0,0.0,-0.5,-0.37,-2.0,0.5,0,0,0,1,14
Inyo,Fall,2009,5,0,37.022104444,-118.315835556,0.13,0.0,0.0,0.0,0.0,1.791759469228055,0.0,45.0,0.0,1.0,0.45,-0.5,-2.0,0,0,0,1,14
Inyo,Fall,2010,2,0,37.179155550000004,-118.371272,0.1,0.0,0.0,0.0,0.0,1.0986122886681098,0.0,50.0,0.0,-2.0,-1.05,1.0,-0.5,0,0,0,1,14
Inyo,Fall,2011,2,0,37.299237500000004,-118.387993,0.055,0.0,0.0,0.0,0.0,1.0986122886681098,0.0,52.0,0.0,-1.0,-0.43,-2.0,1.0,0,0,0,1,14
Inyo,Fall,2012,1,0,36.823207,-118.216109,0.16,0.0,0.0,0.0,0.0,0.6931471805599453,0.0,54.0,0.0,0.0,0.3,-1.0,-2.0,0,0,0,1,14
Inyo,Fall,2013,1,0,37.28638889,-118.60944444,0.25,0.0,0.0,0.0,0.0,0.6931471805599453,0.0,55.0,0.0,0.0,-0.35,0.0,-1.0,0,0,0,1,14
Inyo,Fall,2014,4,0,36.6357472225,-118.19286389,0.3025,0.0,0.0,0.0,0.0,1.6094379124341003,0.0,56.0,0.0,0.5,0.1,0.0,0.0,0,0,0,1,14
Inyo,Fall,2015,5,0,36.679560066,-118.173337156,0.066,0.0,0.0,0.0,0.0,1.791759469228055,0.0,60.0,0.0,3.0,1.57,0.5,0.0,0,0,0,1,14
Inyo,Spring,1998,3,0,37.01666666666667,-118.24116033333333,1.2,0.0,,,,1.3862943611198906,0.0,65.0,0.0,-2.0,-0.78,3.0,0.0,0,1,0,0,14
Inyo,Spring,1999,7,1,36.99932242857143,-118.290699,44.01428571428571,0.14285714285714285,0.0,,0.0,2.0794415416798357,0.0,3.0,0.0,-2.0,-1.1,-2.0,3.0,0,1,0,0,14
Inyo,Spring,2000,4,0,37.1882625,-118.2888125,0.125,0.0,1.0,0.0,0.5,1.6094379124341003,1.0,10.0,0.1,-0.5,-0.55,-2.0,-2.0,0,1,0,0,14
Inyo,Spring,2001,4,0,37.18264225,-118.364428,4.325,0.0,0.0,1.0,0.3333333333333333,1.6094379124341003,1.0,14.0,0.07142857142857142,0.0,-0.08,-0.5,-2.0,0,1,0,0,14
Inyo,Spring,2002,12,1,37.15786616666667,-118.32131450000001,83.22500000000001,0.08333333333333333,0.0,0.0,0.3333333333333333,2.5649493574615367,1.0,18.0,0.05555555555555555,1.0,0.79,0.0,-0.5,0,1,0,0,14
Inyo,Spring,2003,6,0,37.3255755,-118.43399016666667,0.5333333333333333,0.0,1.0,0.0,0.3333333333333333,1.9459101490553132,2.0,30.0,0.06666666666666667,0.0,0.08,1.0,0.0,0,1,0,0,14
Inyo,Spring,2004,7,0,36.724134285714285,-118.16454228571429,21.61428571428571,0.0,0.0,1.0,0.3333333333333333,2.0794415416798357,2.0,36.0,0.05555555555555555,0.5,0.47,0.0,1.0,0,1,0,0,14
Inyo,Spring,2005,6,0,37.358624999999996,-118.45961150000001,17.95,0.0,0.0,0.0,0.3333333333333333,1.9459101490553132,2.0,43.0,0.046511627906976744,-0.5,-0.06,0.5,0.0,0,1,0,0,14
Inyo,Spring,2006,3,1,36.895891666666664,-117.97529366666667,119.16666666666667,0.3333333333333333,0.0,0.0,0.0,1.3862943611198906,2.0,49.0,0.04081632653061224,0.5,0.1,-0.5,0.5,0,1,0,0,14
Inyo,Spring,2007,7,0,36.83528523857143,-118.17822696857142,10.542857142857143,0.0,1.0,0.0,0.3333333333333333,2.0794415416798357,3.0,52.0,0.057692307692307696,-2.0,-0.56,0.5,-0.5,0,1,0,0,14
Inyo,Spring,2008,3,0,36.22405518666667,-117.98872110999999,0.7000000000000001,0.0,0.0,1.0,0.3333333333333333,1.3862943611198906,3.0,59.0,0.05084745762711865,-0.5,-0.37,-2.0,0.5,0,1,0,0,14
Inyo,Spring,2009,8,0,36.80731125,-118.2021673625,1.1,0.0,0.0,0.0,0.3333333333333333,2.1972245773362196,3.0,62.0,0.04838709677419355,1.0,0.45,-0.5,-2.0,0,1,0,0,14
Inyo,Spring,2010,7,0,36.60901238571428,-118.16304271428571,0.2285714285714286,0.0,0.0,0.0,0.0,2.0794415416798357,3.0,70.0,0.04285714285714286,-2.0,-1.05,1.0,-0.5,0,1,0,0,14
Inyo,Spring,2011,4,0,37.034161000000005,-117.9131305,19.325,0.0,0.0,0.0,0.0,1.6094379124341003,3.0,77.0,0.03896103896103896,-1.0,-0.43,-2.0,1.0,0,1,0,0,14
Inyo,Spring,2012,12,0,36.88160994416666,-118.25286383333334,0.9191666666666666,0.0,0.0,0.0,0.0,2.5649493574615367,3.0,81.0,0.037037037037037035,0.0,0.3,-1.0,-2.0,0,1,0,0,14
Inyo,Spring,2013,6,0,36.48651666666667,-118.10730233333334,1.79,0.0,0.0,0.0,0.0,1.9459101490553132,3.0,93.0,0.03225806451612903,0.0,-0.35,0.0,-1.0,0,1,0,0,14
Inyo,Spring,2014,14,0,36.96110249214286,-118.25361532571428,8.243571428571428,0.0,0.0,0.0,0.0,2.70805020110221,3.0,99.0,0.030303030303030304,0.5,0.1,0.0,0.0,0,1,0,0,14
Inyo,Spring,2015,1,0,36.2375,-118.19638889,0.1,0.0,0.0,0.0,0.0,0.6931471805599453,3.0,113.0,0.02654867256637168,3.0,1.57,0.5,0.0,0,1,0,0,14
Inyo,Summer,1998,5,0,37.3054476,-118.37970179999999,0.6799999999999999,0.0,,,,1.791759469228055,3.0,114.0,0.02631578947368421,-2.0,-0.78,3.0,0.0,0,0,1,0,14
Inyo,Summer,1999,9,0,36.81672122222223,-118.04706477777778,0.6333333333333333,0.0,0.0,,0.0,2.302585092994046,0.0,5.0,0.0,-2.0,-1.1,-2.0,3.0,0,0,1,0,14
Inyo,Summer,2000,10,0,36.739581099999995,-118.19634579999999,0.16,0.0,0.0,0.0,0.0,2.3978952727983707,0.0,14.0,0.0,-0.5,-0.55,-2.0,-2.0,0,0,1,0,14
Inyo,Summer,2001,7,0,36.89112757142857,-118.15308842857142,0.39999999999999997,0.0,0.0,0.0,0.0,2.0794415416798357,0.0,24.0,0.0,0.0,-0.08,-0.5,-2.0,0,0,1,0,14
Inyo,Summer,2002,6,0,37.072237,-118.2780755,0.6166666666666666,0.0,0.0,0.0,0.0,1.9459101490553132,0.0,31.0,0.0,1.0,0.79,0.0,-0.5,0,0,1,0,14
Inyo,Summer,2003,17,0,36.980958,-118.19508023529411,0.35294117647058826,0.0,0.0,0.0,0.0,2.8903717578961645,0.0,37.0,0.0,0.0,0.08,1.0,0.0,0,0,1,0,14
Inyo,Summer,2004,9,1,36.752121,-118.173758,96.14444444444445,0.1111111111111111,0.0,0.0,0.0,2.302585092994046,0.0,54.0,0.0,0.5,0.47,0.0,1.0,0,0,1,0,14
Inyo,Summer,2005,20,2,36.60282065,-117.90618024999999,694.135,0.1,1.0,0.0,0.3333333333333333,3.044522437723423,1.0,63.0,0.015873015873015872,-0.5,-0.06,0.5,0.0,0,0,1,0,14
Inyo,Summer,2006,14,1,36.71700037357142,-118.17642793571429,268.82142857142856,0.07142857142857142,2.0,1.0,1.0,2.70805020110221,3.0,83.0,0.03614457831325301,0.5,0.1,-0.5,0.5,0,0,1,0,14
Inyo,Summer,2007,16,1,37.038990743125,-118.255704048125,404.325,0.0625,1.0,2.0,1.3333333333333333,2.833213344056216,4.0,97.0,0.041237113402061855,-2.0,-0.56,0.5,-0.5,0,0,1,0,14
Inyo,Summer,2008,11,0,36.66995252636364,-118.2129858590909,12.604545454545455,0.0,1.0,1.0,1.3333333333333333,2.4849066497880004,5.0,113.0,0.04424778761061947,-0.5,-0.37,-2.0,0.5,0,0,1,0,14
Inyo,Summer,2009,10,1,36.620834757,-118.258860766,355.35,0.1,0.0,1.0,0.6666666666666666,2.3978952727983707,5.0,124.0,0.04032258064516129,1.0,0.45,-0.5,-2.0,0,0,1,0,14
Inyo,Summer,2010,7,0,36.76844762857143,-117.992244,5.571428571428571,0.0,1.0,0.0,0.6666666666666666,2.0794415416798357,6.0,134.0,0.04477611940298507,-2.0,-1.05,1.0,-0.5,0,0,1,0,14
Inyo,Summer,2011,8,1,36.861635125,-118.221350875,669.3525000000001,0.125,0.0,1.0,0.3333333333333333,2.1972245773362196,6.0,141.0,0.0425531914893617,-1.0,-0.43,-2.0,1.0,0,0,1,0,14
Inyo,Summer,2012,10,1,36.833415955999996,-118.2059856,114.52000000000001,0.1,1.0,0.0,0.6666666666666666,2.3978952727983707,7.0,149.0,0.04697986577181208,0.0,0.3,-1.0,-2.0,0,0,1,0,14
Inyo,Summer,2013,22,0,37.03909779772727,-118.320887525,0.7772727272727273,0.0,1.0,1.0,0.6666666666666666,3.1354942159291497,8.0,159.0,0.050314465408805034,0.0,-0.35,0.0,-1.0,0,0,1,0,14
Inyo,Summer,2014,17,0,36.875942529411766,-118.2799615682353,1.1723529411764706,0.0,0.0,1.0,0.6666666666666666,2.8903717578961645,8.0,181.0,0.04419889502762431,0.5,0.1,0.0,0.0,0,0,1,0,14
Inyo,Summer,2015,9,0,36.67668885111111,-118.20325420777777,0.14444444444444446,0.0,0.0,0.0,0.3333333333333333,2.302585092994046,8.0,198.0,0.04040404040404041,3.0,1.57,0.5,0.0,0,0,1,0,14
Inyo,Winter,1998,1,0,36.687989,-118.120019,275.0,0.0,,,,0.6931471805599453,8.0,207.0,0.03864734299516908,-2.0,-0.78,3.0,0.0,1,0,0,0,14
Inyo,Winter,1999,3,0,37.320646,-118.44478399999998,0.6,0.0,0.0,,0.0,1.3862943611198906,0.0,1.0,0.0,-2.0,-1.1,-2.0,3.0,1,0,0,0,14
Inyo,Winter,2000,2,0,37.361686,-118.4682805,0.1,0.0,0.0,0.0,0.0,1.0986122886681098,0.0,4.0,0.0,-0.5,-0.55,-2.0,-2.0,1,0,0,0,14
Inyo,Winter,2001,1,0,36.6063,-118.0915,0.1,0.0,0.0,0.0,0.0,0.6931471805599453,0.0,6.0,0.0,0.0,-0.08,-0.5,-2.0,1,0,0,0,14
Inyo,Winter,2002,9,0,36.843937000000004,-117.84544055555554,34.900000000000006,0.0,0.0,0.0,0.0,2.302585092994046,0.0,7.0,0.0,1.0,0.79,0.0,-0.5,1,0,0,0,14
Inyo,Winter,2004,1,0,37.080169,-118.280739,0.5,0.0,0.0,0.0,0.0,0.6931471805599453,0.0,16.0,0.0,0.5,0.47,0.0,1.0,1,0,0,0,14
Inyo,Winter,2005,2,0,37.1191915,-118.2718265,0.1,0.0,0.0,0.0,0.0,1.0986122886681098,0.0,17.0,0.0,-0.5,-0.06,0.5,0.0,1,0,0,0,14
Inyo,Winter,2006,7,0,37.162508682857144,-118.36125241285716,0.2571428571428572,0.0,0.0,0.0,0.0,2.0794415416798357,0.0,19.0,0.0,0.5,0.1,-0.5,0.5,1,0,0,0,14
Inyo,Winter,2007,3,0,37.03455066666667,-118.337175,1.7333333333333334,0.0,0.0,0.0,0.0,1.3862943611198906,0.0,26.0,0.0,-2.0,-0.56,0.5,-0.5,1,0,0,0,14
Inyo,Winter,2008,1,1,37.4286,-118.5497,680.0,1.0,0.0,0.0,0.0,0.6931471805599453,0.0,29.0,0.0,-0.5,-0.37,-2.0,0.5,1,0,0,0,14
Inyo,Winter,2011,5,2,36.7560572,-118.0051446,250.04000000000002,0.4,1.0,0.0,0.3333333333333333,1.791759469228055,1.0,30.0,0.03333333333333333,-1.0,-0.43,-2.0,1.0,1,0,0,0,14
Inyo,Winter,2012,5,0,36.868735400000006,-118.244416688,2.028,0.0,2.0,1.0,1.0,1.791759469228055,3.0,35.0,0.08571428571428572,0.0,0.3,-1.0,-2.0,1,0,0,0,14
Inyo,Winter,2013,10,1,37.0816478,-118.29167620000001,43.72,0.1,0.0,2.0,1.0,2.3978952727983707,3.0,40.0,0.075,0.0,-0.35,0.0,-1.0,1,0,0,0,14
Inyo,Winter,2014,4,0,36.7267764725,-118.18843611,2.125,0.0,1.0,0.0,1.0,1.6094379124341003,4.0,50.0,0.08,0.5,0.1,0.0,0.0,1,0,0,0,14
Inyo,Winter,2015,2,1,37.05375,-118.33515,3266.55,0.5,0.0,1.0,0.3333333333333333,1.0986122886681098,4.0,54.0,0.07407407407407407,3.0,1.57,0.5,0.0,1,0,0,0,14
Kern,Fall,1998,35,0,35.25745988571428,-119.43878157142858,2.262857142857143,0.0,,,,3.58351893845611,5.0,56.0,0.08928571428571429,-2.0,-0.78,3.0,0.0,0,0,0,1,15
Kern,Fall,1999,39,0,35.22577794871795,-119.26550176923077,5.566666666666666,0.0,0.0,,0.0,3.6888794541139363,0.0,35.0,0.0,-2.0,-1.1,-2.0,3.0,0,0,0,1,15
Kern,Fall,2000,19,0,35.17096505263158,-119.31495157894737,1.3789473684210527,0.0,0.0,0.0,0.0,2.995732273553991,0.0,74.0,0.0,-0.5,-0.55,-2.0,-2.0,0,0,0,1,15
Kern,Fall,2001,10,0,35.4140865,-118.81542529999999,0.48,0.0,0.0,0.0,0.0,2.3978952727983707,0.0,93.0,0.0,0.0,-0.08,-0.5,-2.0,0,0,0,1,15
Kern,Fall,2002,2,0,35.3919985,-118.8877555,0.55,0.0,0.0,0.0,0.0,1.0986122886681098,0.0,103.0,0.0,1.0,0.79,0.0,-0.5,0,0,0,1,15
Kern,Fall,2003,8,0,35.269335375,-118.810621,0.4375,0.0,0.0,0.0,0.0,2.1972245773362196,0.0,105.0,0.0,0.0,0.08,1.0,0.0,0,0,0,1,15
Kern,Fall,2004,4,0,35.34018675,-118.76598825,0.125,0.0,0.0,0.0,0.0,1.6094379124341003,0.0,113.0,0.0,0.5,0.47,0.0,1.0,0,0,0,1,15
Kern,Fall,2005,24,1,35.41742541666667,-118.762722625,21.066666666666666,0.041666666666666664,0.0,0.0,0.0,3.2188758248682006,0.0,117.0,0.0,-0.5,-0.06,0.5,0.0,0,0,0,1,15
Kern,Fall,2006,38,2,35.51336218736842,-118.6034711663158,114.43052631578949,0.05263157894736842,1.0,0.0,0.3333333333333333,3.6635616461296463,1.0,141.0,0.0070921985815602835,0.5,0.1,-0.5,0.5,0,0,0,1,15
Kern,Fall,2007,8,0,35.47530513875,-118.42026375,2.95625,0.0,2.0,1.0,1.0,2.1972245773362196,3.0,179.0,0.01675977653631285,-2.0,-0.56,0.5,-0.5,0,0,0,1,15
Kern,Fall,2008,7,0,35.27182539571429,-118.41232428714285,0.37857142857142856,0.0,0.0,2.0,1.0,2.0794415416798357,3.0,187.0,0.016042780748663103,-0.5,-0.37,-2.0,0.5,0,0,0,1,15
Kern,Fall,2009,5,0,35.344026622,-118.503986134,0.162,0.0,0.0,0.0,0.6666666666666666,1.791759469228055,3.0,194.0,0.015463917525773196,1.0,0.45,-0.5,-2.0,0,0,0,1,15
Kern,Fall,2010,15,0,35.43158564,-118.34908666666666,3.5406666666666666,0.0,0.0,0.0,0.0,2.772588722239781,3.0,199.0,0.01507537688442211,-2.0,-1.05,1.0,-0.5,0,0,0,1,15
Kern,Fall,2011,40,0,35.395517875,-118.847194575,1.73875,0.0,0.0,0.0,0.0,3.713572066704308,3.0,214.0,0.014018691588785047,-1.0,-0.43,-2.0,1.0,0,0,0,1,15
Kern,Fall,2012,4,0,35.49341411,-118.1865358625,0.10750000000000001,0.0,0.0,0.0,0.0,1.6094379124341003,3.0,254.0,0.011811023622047244,0.0,0.3,-1.0,-2.0,0,0,0,1,15
Kern,Fall,2013,12,0,35.3594631575,-118.559447575,1.0708333333333333,0.0,0.0,0.0,0.0,2.5649493574615367,3.0,258.0,0.011627906976744186,0.0,-0.35,0.0,-1.0,0,0,0,1,15
Kern,Fall,2014,3,0,35.17361111,-118.82583333333334,0.10333333333333333,0.0,0.0,0.0,0.0,1.3862943611198906,3.0,270.0,0.011111111111111112,0.5,0.1,0.0,0.0,0,0,0,1,15
Kern,Fall,2015,11,0,35.53661616272728,-118.40712121363636,0.37454545454545457,0.0,0.0,0.0,0.0,2.4849066497880004,3.0,273.0,0.01098901098901099,3.0,1.57,0.5,0.0,0,0,0,1,15
Kern,Spring,1998,43,0,35.20525723255814,-119.32905769767443,2.127906976744186,0.0,,,,3.784189633918261,3.0,284.0,0.01056338028169014,-2.0,-0.78,3.0,0.0,0,1,0,0,15
Kern,Spring,1999,58,0,35.22087953448276,-119.26371751724139,14.467241379310344,0.0,0.0,,0.0,4.07753744390572,0.0,43.0,0.0,-2.0,-1.1,-2.0,3.0,0,1,0,0,15
Kern,Spring,2000,40,0,35.226299775,-119.34379945,2.2125,0.0,0.0,0.0,0.0,3.713572066704308,0.0,101.0,0.0,-0.5,-0.55,-2.0,-2.0,0,1,0,0,15
Kern,Spring,2001,20,1,35.3431166,-119.0724027,33.765,0.05,0.0,0.0,0.0,3.044522437723423,0.0,141.0,0.0,0.0,-0.08,-0.5,-2.0,0,1,0,0,15
Kern,Spring,2002,10,0,35.2317178,-119.0197788,3.07,0.0,1.0,0.0,0.3333333333333333,2.3978952727983707,1.0,161.0,0.006211180124223602,1.0,0.79,0.0,-0.5,0,1,0,0,15
Kern,Spring,2003,16,2,35.3443075625,-119.0307789375,113.6625,0.125,0.0,1.0,0.3333333333333333,2.833213344056216,1.0,171.0,0.005847953216374269,0.0,0.08,1.0,0.0,0,1,0,0,15
Kern,Spring,2004,16,0,35.3964715625,-118.894252,16.4875,0.0,2.0,0.0,1.0,2.833213344056216,3.0,187.0,0.016042780748663103,0.5,0.47,0.0,1.0,0,1,0,0,15
Kern,Spring,2005,61,2,35.33731044262295,-118.79749814754098,25.20655737704918,0.03278688524590164,0.0,2.0,0.6666666666666666,4.127134385045092,3.0,203.0,0.014778325123152709,-0.5,-0.06,0.5,0.0,0,1,0,0,15
Kern,Spring,2006,74,2,35.31340376581081,-118.80560758391891,33.70337837837838,0.02702702702702703,2.0,0.0,1.3333333333333333,4.31748811353631,5.0,264.0,0.01893939393939394,0.5,0.1,-0.5,0.5,0,1,0,0,15
Kern,Spring,2007,13,3,35.575715384615386,-118.31978718846153,442.7699999999999,0.23076923076923078,2.0,2.0,1.3333333333333333,2.6390573296152584,7.0,338.0,0.020710059171597635,-2.0,-0.56,0.5,-0.5,0,1,0,0,15
Kern,Spring,2008,13,1,35.40297752,-118.49422256307693,32.87692307692308,0.07692307692307693,3.0,2.0,2.3333333333333335,2.6390573296152584,10.0,351.0,0.02849002849002849,-0.5,-0.37,-2.0,0.5,0,1,0,0,15
Kern,Spring,2009,15,0,35.537446814666666,-118.37306007400001,9.353333333333333,0.0,1.0,3.0,2.0,2.772588722239781,11.0,364.0,0.03021978021978022,1.0,0.45,-0.5,-2.0,0,1,0,0,15
Kern,Spring,2010,7,0,35.47149397142857,-118.36457914285714,4.057142857142857,0.0,0.0,1.0,1.3333333333333333,2.0794415416798357,11.0,379.0,0.029023746701846966,-2.0,-1.05,1.0,-0.5,0,1,0,0,15
Kern,Spring,2011,1,0,35.19211,-118.12114,0.5,0.0,0.0,0.0,0.3333333333333333,0.6931471805599453,11.0,386.0,0.02849740932642487,-1.0,-0.43,-2.0,1.0,0,1,0,0,15
Kern,Spring,2012,12,0,35.369887222500004,-118.39589425999999,7.828333333333333,0.0,0.0,0.0,0.0,2.5649493574615367,11.0,387.0,0.028423772609819122,0.0,0.3,-1.0,-2.0,0,1,0,0,15
Kern,Spring,2013,72,1,35.357176430555555,-118.8953391898611,62.53666666666667,0.013888888888888888,0.0,0.0,0.0,4.290459441148391,11.0,399.0,0.02756892230576441,0.0,-0.35,0.0,-1.0,0,1,0,0,15
Kern,Spring,2014,7,1,35.45207300571429,-118.56306794857143,395.84000000000003,0.14285714285714285,1.0,0.0,0.3333333333333333,2.0794415416798357,12.0,471.0,0.025477707006369428,0.5,0.1,0.0,0.0,0,1,0,0,15
Kern,Spring,2015,4,0,35.5017361125,-118.394444445,0.225,0.0,1.0,1.0,0.6666666666666666,1.6094379124341003,13.0,478.0,0.027196652719665274,3.0,1.57,0.5,0.0,0,1,0,0,15
Kern,Summer,1998,101,2,35.23593353465346,-119.24673765346535,18.666336633663366,0.019801980198019802,,,,4.624972813284271,13.0,482.0,0.026970954356846474,-2.0,-0.78,3.0,0.0,0,0,1,0,15
Kern,Summer,1999,82,0,35.28857937804878,-119.13109919512195,2.803658536585366,0.0,2.0,,2.0,4.418840607796598,2.0,101.0,0.019801980198019802,-2.0,-1.1,-2.0,3.0,0,0,1,0,15
Kern,Summer,2000,56,2,35.24245478571429,-119.24770882142857,136.88392857142858,0.03571428571428571,0.0,2.0,1.0,4.04305126783455,2.0,183.0,0.01092896174863388,-0.5,-0.55,-2.0,-2.0,0,0,1,0,15
Kern,Summer,2001,21,0,35.34301552380952,-118.97441704761906,4.580952380952381,0.0,2.0,0.0,1.3333333333333333,3.091042453358316,4.0,239.0,0.016736401673640166,0.0,-0.08,-0.5,-2.0,0,0,1,0,15
Kern,Summer,2002,12,0,35.430089833333334,-118.78987341666668,1.825,0.0,0.0,2.0,0.6666666666666666,2.5649493574615367,4.0,260.0,0.015384615384615385,1.0,0.79,0.0,-0.5,0,0,1,0,15
Kern,Summer,2003,37,4,35.40373943243243,-118.7427801081081,76.48108108108109,0.10810810810810811,0.0,0.0,0.6666666666666666,3.6375861597263857,4.0,272.0,0.014705882352941176,0.0,0.08,1.0,0.0,0,0,1,0,15
Kern,Summer,2004,33,1,35.31237572727273,-118.99747966666666,25.472727272727273,0.030303030303030304,4.0,0.0,1.3333333333333333,3.5263605246161616,8.0,309.0,0.025889967637540454,0.5,0.47,0.0,1.0,0,0,1,0,15
Kern,Summer,2005,144,8,35.3939616875,-118.909939625,57.71319444444445,0.05555555555555555,1.0,4.0,1.6666666666666667,4.976733742420574,9.0,342.0,0.02631578947368421,-0.5,-0.06,0.5,0.0,0,0,1,0,15
Kern,Summer,2006,146,5,35.304366221506854,-118.90740134253423,48.959178082191784,0.03424657534246575,8.0,1.0,4.333333333333333,4.990432586778736,17.0,486.0,0.03497942386831276,0.5,0.1,-0.5,0.5,0,0,1,0,15
Kern,Summer,2007,27,4,35.512338514074074,-118.55965932444444,357.242962962963,0.14814814814814814,5.0,8.0,4.666666666666667,3.332204510175204,22.0,632.0,0.03481012658227848,-2.0,-0.56,0.5,-0.5,0,0,1,0,15
Kern,Summer,2008,11,1,35.36823232363636,-118.65664143545455,3377.8954545454544,0.09090909090909091,4.0,5.0,5.666666666666667,2.4849066497880004,26.0,659.0,0.03945371775417299,-0.5,-0.37,-2.0,0.5,0,0,1,0,15
Kern,Summer,2009,29,2,35.44600552551724,-118.44747415655172,47.55379310344827,0.06896551724137931,1.0,4.0,3.3333333333333335,3.4011973816621555,27.0,670.0,0.04029850746268657,1.0,0.45,-0.5,-2.0,0,0,1,0,15
Kern,Summer,2010,27,7,35.49092898888889,-118.57572103703704,1250.8277777777778,0.25925925925925924,2.0,1.0,2.3333333333333335,3.332204510175204,29.0,699.0,0.04148783977110158,-2.0,-1.05,1.0,-0.5,0,0,1,0,15
Kern,Summer,2011,11,3,35.405471545454546,-118.27155972727273,2880.190909090909,0.2727272727272727,7.0,2.0,3.3333333333333335,2.4849066497880004,36.0,726.0,0.049586776859504134,-1.0,-0.43,-2.0,1.0,0,0,1,0,15
Kern,Summer,2012,35,3,35.49088465714286,-118.5447660417143,397.40171428571426,0.08571428571428572,3.0,7.0,4.0,3.58351893845611,39.0,737.0,0.052917232021709636,0.0,0.3,-1.0,-2.0,0,0,1,0,15
Kern,Summer,2013,37,4,35.5111758527027,-118.60194316810811,57.06972972972973,0.10810810810810811,3.0,3.0,4.333333333333333,3.6375861597263857,42.0,772.0,0.054404145077720206,0.0,-0.35,0.0,-1.0,0,0,1,0,15
Kern,Summer,2014,11,2,35.54457824272727,-118.60653437363636,537.920909090909,0.18181818181818182,4.0,3.0,3.3333333333333335,2.4849066497880004,46.0,809.0,0.05686032138442522,0.5,0.1,0.0,0.0,0,0,1,0,15
Kern,Summer,2015,21,1,35.21320899285714,-118.77698941714286,24.532380952380954,0.047619047619047616,2.0,4.0,3.0,3.091042453358316,48.0,820.0,0.05853658536585366,3.0,1.57,0.5,0.0,0,0,1,0,15
Kern,Winter,1999,20,0,35.24095575,-119.06411189999999,0.8099999999999999,0.0,,,,3.044522437723423,49.0,841.0,0.05826397146254459,-2.0,-1.1,-2.0,3.0,1,0,0,0,15
Kern,Winter,2000,8,0,35.256752,-119.215054625,0.4375,0.0,0.0,,0.0,2.1972245773362196,0.0,20.0,0.0,-0.5,-0.55,-2.0,-2.0,1,0,0,0,15
Kern,Winter,2001,6,0,35.32926066666666,-118.99545233333333,0.2333333333333333,0.0,0.0,0.0,0.0,1.9459101490553132,0.0,28.0,0.0,0.0,-0.08,-0.5,-2.0,1,0,0,0,15
Kern,Winter,2002,2,0,35.087492,-118.26109149999999,0.1,0.0,0.0,0.0,0.0,1.0986122886681098,0.0,34.0,0.0,1.0,0.79,0.0,-0.5,1,0,0,0,15
Kern,Winter,2003,3,0,35.16695633333333,-118.72312800000002,0.13333333333333333,0.0,0.0,0.0,0.0,1.3862943611198906,0.0,36.0,0.0,0.0,0.08,1.0,0.0,1,0,0,0,15
Kern,Winter,2004,4,0,35.46000625,-118.56155150000001,0.125,0.0,0.0,0.0,0.0,1.6094379124341003,0.0,39.0,0.0,0.5,0.47,0.0,1.0,1,0,0,0,15
Kern,Winter,2005,2,0,35.3110555,-118.283718,0.3,0.0,0.0,0.0,0.0,1.0986122886681098,0.0,43.0,0.0,-0.5,-0.06,0.5,0.0,1,0,0,0,15
Kern,Winter,2006,12,0,35.363801083333335,-118.66579033333333,0.19166666666666665,0.0,0.0,0.0,0.0,2.5649493574615367,0.0,45.0,0.0,0.5,0.1,-0.5,0.5,1,0,0,0,15
Kern,Winter,2007,7,0,35.46898412714285,-118.22171746000001,0.8071428571428572,0.0,0.0,0.0,0.0,2.0794415416798357,0.0,57.0,0.0,-2.0,-0.56,0.5,-0.5,1,0,0,0,15
Kern,Winter,2008,7,0,35.57350241285714,-118.205538,1.2785714285714285,0.0,0.0,0.0,0.0,2.0794415416798357,0.0,64.0,0.0,-0.5,-0.37,-2.0,0.5,1,0,0,0,15
Kern,Winter,2009,6,0,35.42101592666667,-118.332230185,0.10000000000000002,0.0,0.0,0.0,0.0,1.9459101490553132,0.0,71.0,0.0,1.0,0.45,-0.5,-2.0,1,0,0,0,15
Kern,Winter,2010,3,0,35.66583333333333,-118.732222,0.07,0.0,0.0,0.0,0.0,1.3862943611198906,0.0,77.0,0.0,-2.0,-1.05,1.0,-0.5,1,0,0,0,15
Kern,Winter,2011,8,0,35.494634875,-118.685884,0.3825,0.0,0.0,0.0,0.0,2.1972245773362196,0.0,80.0,0.0,-1.0,-0.43,-2.0,1.0,1,0,0,0,15
Kern,Winter,2012,10,0,35.324821779000004,-118.594726223,0.39,0.0,0.0,0.0,0.0,2.3978952727983707,0.0,88.0,0.0,0.0,0.3,-1.0,-2.0,1,0,0,0,15
Kern,Winter,2013,22,0,35.324243722272726,-118.74081862090908,0.8554545454545455,0.0,0.0,0.0,0.0,3.1354942159291497,0.0,98.0,0.0,0.0,-0.35,0.0,-1.0,1,0,0,0,15
Kern,Winter,2014,10,0,35.277533111000004,-118.931386389,2.3,0.0,0.0,0.0,0.0,2.3978952727983707,0.0,120.0,0.0,0.5,0.1,0.0,0.0,1,0,0,0,15
Kings,Fall,2001,1,0,35.913819,-120.262631,30.0,0.0,,,,0.6931471805599453,0.0,130.0,0.0,0.0,-0.08,-0.5,-2.0,0,0,0,1,16
Kings,Fall,2011,9,0,36.19429044444444,-119.66883866666666,4.163333333333333,0.0,0.0,,0.0,2.302585092994046,0.0,1.0,0.0,-1.0,-0.43,-2.0,1.0,0,0,0,1,16
Kings,Fall,2013,3,0,36.06808133333333,-119.80320333333333,0.16666666666666666,0.0,0.0,0.0,0.0,1.3862943611198906,0.0,10.0,0.0,0.0,-0.35,0.0,-1.0,0,0,0,1,16
Kings,Fall,2015,4,0,36.27094325,-119.652366,0.3175,0.0,0.0,0.0,0.0,1.6094379124341003,0.0,13.0,0.0,3.0,1.57,0.5,0.0,0,0,0,1,16
Kings,Spring,2004,1,0,35.810761,-120.1571,4.0,0.0,,,,0.6931471805599453,0.0,17.0,0.0,0.5,0.47,0.0,1.0,0,1,0,0,16
Kings,Spring,2005,1,0,35.947528,-119.902825,0.1,0.0,0.0,,0.0,0.6931471805599453,0.0,1.0,0.0,-0.5,-0.06,0.5,0.0,0,1,0,0,16
Kings,Spring,2011,9,0,36.27314466666667,-119.70046144444444,0.8,0.0,0.0,0.0,0.0,2.302585092994046,0.0,2.0,0.0,-1.0,-0.43,-2.0,1.0,0,1,0,0,16
Kings,Spring,2012,2,0,35.8604715,-120.002499,1.0,0.0,0.0,0.0,0.0,1.0986122886681098,0.0,11.0,0.0,0.0,0.3,-1.0,-2.0,0,1,0,0,16
Kings,Spring,2013,31,0,36.25341338709677,-119.70026190322581,4.872258064516129,0.0,0.0,0.0,0.0,3.4657359027997265,0.0,13.0,0.0,0.0,-0.35,0.0,-1.0,0,1,0,0,16
Kings,Spring,2014,10,0,36.1533343,-119.76791,0.613,0.0,0.0,0.0,0.0,2.3978952727983707,0.0,44.0,0.0,0.5,0.1,0.0,0.0,0,1,0,0,16
Kings,Summer,2004,1,0,35.95665,-119.977331,0.1,0.0,,,,0.6931471805599453,0.0,54.0,0.0,0.5,0.47,0.0,1.0,0,0,1,0,16
Kings,Summer,2006,1,0,36.073369,-120.0967,0.1,0.0,0.0,,0.0,0.6931471805599453,0.0,1.0,0.0,0.5,0.1,-0.5,0.5,0,0,1,0,16
Kings,Summer,2007,1,0,35.861628,-120.182642,35.0,0.0,0.0,0.0,0.0,0.6931471805599453,0.0,2.0,0.0,-2.0,-0.56,0.5,-0.5,0,0,1,0,16
Kings,Summer,2011,17,0,36.19085229411765,-119.76197829411765,0.4294117647058823,0.0,0.0,0.0,0.0,2.8903717578961645,0.0,3.0,0.0,-1.0,-0.43,-2.0,1.0,0,0,1,0,16
Kings,Summer,2012,5,1,35.838877000000004,-120.09608419999999,519.0,0.2,0.0,0.0,0.0,1.791759469228055,0.0,20.0,0.0,0.0,0.3,-1.0,-2.0,0,0,1,0,16
Kings,Summer,2013,7,0,36.20044057142857,-119.76966900000001,0.3642857142857143,0.0,1.0,0.0,0.3333333333333333,2.0794415416798357,1.0,25.0,0.04,0.0,-0.35,0.0,-1.0,0,0,1,0,16
Kings,Summer,2014,2,0,36.1755115,-119.939779,0.04,0.0,0.0,1.0,0.3333333333333333,1.0986122886681098,1.0,32.0,0.03125,0.5,0.1,0.0,0.0,0,0,1,0,16
Kings,Summer,2015,2,0,35.853319,-120.072033,0.985,0.0,0.0,0.0,0.3333333333333333,1.0986122886681098,1.0,34.0,0.029411764705882353,3.0,1.57,0.5,0.0,0,0,1,0,16
Kings,Winter,2011,2,0,36.3365745,-119.752972,1.0,0.0,,,,1.0986122886681098,1.0,36.0,0.027777777777777776,-1.0,-0.43,-2.0,1.0,1,0,0,0,16
Kings,Winter,2012,1,0,36.240208,-119.787039,0.25,0.0,0.0,,0.0,0.6931471805599453,0.0,2.0,0.0,0.0,0.3,-1.0,-2.0,1,0,0,0,16
Kings,Winter,2013,5,0,36.179330199999995,-119.80389740000001,0.244,0.0,0.0,0.0,0.0,1.791759469228055,0.0,3.0,0.0,0.0,-0.35,0.0,-1.0,1,0,0,0,16
Kings,Winter,2014,2,0,36.3241725,-119.79873900000001,1.5,0.0,0.0,0.0,0.0,1.0986122886681098,0.0,8.0,0.0,0.5,0.1,0.0,0.0,1,0,0,0,16
Kings,Winter,2015,2,0,36.163589,-119.910301,0.31,0.0,0.0,0.0,0.0,1.0986122886681098,0.0,10.0,0.0,3.0,1.57,0.5,0.0,1,0,0,0,16
Lake,Fall,1998,1,0,39.179181,-122.567981,15.0,0.0,,,,0.6931471805599453,0.0,12.0,0.0,-2.0,-0.78,3.0,0.0,0,0,0,1,17
Lake,Fall,1999,2,0,38.9605995,-122.7354245,0.25,0.0,0.0,,0.0,1.0986122886681098,0.0,1.0,0.0,-2.0,-1.1,-2.0,3.0,0,0,0,1,17
Lake,Fall,2000,3,0,38.96661566666666,-122.59584633333333,6.333333333333333,0.0,0.0,0.0,0.0,1.3862943611198906,0.0,3.0,0.0,-0.5,-0.55,-2.0,-2.0,0,0,0,1,17
Lake,Fall,2001,10,0,38.939563199999995,-122.6273506,0.8099999999999999,0.0,0.0,0.0,0.0,2.3978952727983707,0.0,6.0,0.0,0.0,-0.08,-0.5,-2.0,0,0,0,1,17
Lake,Fall,2002,6,0,39.063435,-122.69178649999999,1.4166666666666667,0.0,0.0,0.0,0.0,1.9459101490553132,0.0,16.0,0.0,1.0,0.79,0.0,-0.5,0,0,0,1,17
Lake,Fall,2003,3,0,38.86998233333333,-122.79015366666665,27.166666666666668,0.0,0.0,0.0,0.0,1.3862943611198906,0.0,22.0,0.0,0.0,0.08,1.0,0.0,0,0,0,1,17
Lake,Fall,2004,4,0,38.94775975,-122.7146595,1.15,0.0,0.0,0.0,0.0,1.6094379124341003,0.0,25.0,0.0,0.5,0.47,0.0,1.0,0,0,0,1,17
Lake,Fall,2005,9,0,38.97109511111111,-122.66985066666666,2.033333333333333,0.0,0.0,0.0,0.0,2.302585092994046,0.0,29.0,0.0,-0.5,-0.06,0.5,0.0,0,0,0,1,17
Lake,Fall,2006,3,0,39.02225637,-122.77992207333334,3.1333333333333333,0.0,0.0,0.0,0.0,1.3862943611198906,0.0,38.0,0.0,0.5,0.1,-0.5,0.5,0,0,0,1,17
Lake,Fall,2007,12,0,39.074828315,-122.71896067583333,0.39999999999999997,0.0,0.0,0.0,0.0,2.5649493574615367,0.0,41.0,0.0,-2.0,-0.56,0.5,-0.5,0,0,0,1,17
Lake,Fall,2010,1,0,39.02961,-122.45025,2.4,0.0,0.0,0.0,0.0,0.6931471805599453,0.0,53.0,0.0,-2.0,-1.05,1.0,-0.5,0,0,0,1,17
Lake,Fall,2011,6,0,38.93566783333333,-122.66534066666667,0.8833333333333333,0.0,0.0,0.0,0.0,1.9459101490553132,0.0,54.0,0.0,-1.0,-0.43,-2.0,1.0,0,0,0,1,17
Lake,Fall,2012,6,1,39.08322492666667,-122.76745188833333,50.185,0.16666666666666666,0.0,0.0,0.0,1.9459101490553132,0.0,60.0,0.0,0.0,0.3,-1.0,-2.0,0,0,0,1,17
Lake,Fall,2013,29,1,38.96954897310344,-122.70906727586207,17.07241379310345,0.034482758620689655,1.0,0.0,0.3333333333333333,3.4011973816621555,1.0,66.0,0.015151515151515152,0.0,-0.35,0.0,-1.0,0,0,0,1,17
Lake,Fall,2014,10,0,39.006262156000005,-122.76037092199999,0.5890000000000001,0.0,1.0,1.0,0.6666666666666666,2.3978952727983707,2.0,95.0,0.021052631578947368,0.5,0.1,0.0,0.0,0,0,0,1,17
Lake,Fall,2015,11,0,39.01358509090909,-122.69367527272726,0.35000000000000003,0.0,0.0,1.0,0.6666666666666666,2.4849066497880004,2.0,105.0,0.01904761904761905,3.0,1.57,0.5,0.0,0,0,0,1,17
Lake,Spring,1998,2,0,39.13781899999999,-122.751939,0.1,0.0,,,,1.0986122886681098,2.0,116.0,0.017241379310344827,-2.0,-0.78,3.0,0.0,0,1,0,0,17
Lake,Spring,1999,7,0,38.998386999999994,-122.72268928571428,2.2857142857142856,0.0,0.0,,0.0,2.0794415416798357,0.0,2.0,0.0,-2.0,-1.1,-2.0,3.0,0,1,0,0,17
Lake,Spring,2000,2,0,39.090861000000004,-122.7150345,2.5,0.0,0.0,0.0,0.0,1.0986122886681098,0.0,9.0,0.0,-0.5,-0.55,-2.0,-2.0,0,1,0,0,17
Lake,Spring,2001,7,0,39.12656128571429,-122.80061466714285,22.185714285714283,0.0,0.0,0.0,0.0,2.0794415416798357,0.0,11.0,0.0,0.0,-0.08,-0.5,-2.0,0,1,0,0,17
Lake,Spring,2002,6,0,38.96298,-122.62552033333333,8.783333333333333,0.0,0.0,0.0,0.0,1.9459101490553132,0.0,18.0,0.0,1.0,0.79,0.0,-0.5,0,1,0,0,17
Lake,Spring,2003,2,0,39.107144500000004,-122.667139,0.15000000000000002,0.0,0.0,0.0,0.0,1.0986122886681098,0.0,24.0,0.0,0.0,0.08,1.0,0.0,0,1,0,0,17
Lake,Spring,2004,1,0,39.001719,-122.510331,2.0,0.0,0.0,0.0,0.0,0.6931471805599453,0.0,26.0,0.0,0.5,0.47,0.0,1.0,0,1,0,0,17
Lake,Spring,2005,3,0,38.97033966666667,-122.607085,0.4666666666666666,0.0,0.0,0.0,0.0,1.3862943611198906,0.0,27.0,0.0,-0.5,-0.06,0.5,0.0,0,1,0,0,17
Lake,Spring,2007,8,0,39.16432326375,-122.91993279249999,3.7875,0.0,0.0,0.0,0.0,2.1972245773362196,0.0,30.0,0.0,-2.0,-0.56,0.5,-0.5,0,1,0,0,17
Lake,Spring,2008,2,0,39.15751111,-122.631533335,19.05,0.0,0.0,0.0,0.0,1.0986122886681098,0.0,38.0,0.0,-0.5,-0.37,-2.0,0.5,0,1,0,0,17
Lake,Spring,2009,1,0,39.22055556,-122.92805556,0.1,0.0,0.0,0.0,0.0,0.6931471805599453,0.0,40.0,0.0,1.0,0.45,-0.5,-2.0,0,1,0,0,17
Lake,Spring,2010,1,0,39.8997222,-122.990278,0.1,0.0,0.0,0.0,0.0,0.6931471805599453,0.0,41.0,0.0,-2.0,-1.05,1.0,-0.5,0,1,0,0,17
Lake,Spring,2011,13,0,38.994670846153845,-122.75981807692308,0.6,0.0,0.0,0.0,0.0,2.6390573296152584,0.0,42.0,0.0,-1.0,-0.43,-2.0,1.0,0,1,0,0,17
Lake,Spring,2012,22,0,38.87386477272727,-122.63507622727273,1.231818181818182,0.0,0.0,0.0,0.0,3.1354942159291497,0.0,55.0,0.0,0.0,0.3,-1.0,-2.0,0,1,0,0,17
Lake,Spring,2013,33,0,39.10809074090909,-122.79401531969697,2.643030303030303,0.0,0.0,0.0,0.0,3.5263605246161616,0.0,77.0,0.0,0.0,-0.35,0.0,-1.0,0,1,0,0,17
Lake,Spring,2014,4,0,38.945054,-122.794471,6.6875,0.0,0.0,0.0,0.0,1.6094379124341003,0.0,110.0,0.0,0.5,0.1,0.0,0.0,0,1,0,0,17
Lake,Spring,2015,15,0,38.903728222000005,-122.65907691133334,0.3186666666666667,0.0,0.0,0.0,0.0,2.772588722239781,0.0,114.0,0.0,3.0,1.57,0.5,0.0,0,1,0,0,17
Lake,Summer,1998,11,0,38.99002527272727,-122.68054018181819,4.281818181818182,0.0,,,,2.4849066497880004,0.0,129.0,0.0,-2.0,-0.78,3.0,0.0,0,0,1,0,17
Lake,Summer,1999,15,0,38.977384666666666,-122.66722213333333,1.5599999999999998,0.0,0.0,,0.0,2.772588722239781,0.0,11.0,0.0,-2.0,-1.1,-2.0,3.0,0,0,1,0,17
Lake,Summer,2000,13,1,39.01867969230769,-122.72597676923077,256.03846153846155,0.07692307692307693,0.0,0.0,0.0,2.6390573296152584,0.0,26.0,0.0,-0.5,-0.55,-2.0,-2.0,0,0,1,0,17
Lake,Summer,2001,12,0,38.97136583333333,-122.74499308333333,7.349999999999999,0.0,1.0,0.0,0.3333333333333333,2.5649493574615367,1.0,39.0,0.02564102564102564,0.0,-0.08,-0.5,-2.0,0,0,1,0,17
Lake,Summer,2002,13,0,38.996146153846155,-122.74089884615385,5.261538461538462,0.0,0.0,1.0,0.3333333333333333,2.6390573296152584,1.0,51.0,0.0196078431372549,1.0,0.79,0.0,-0.5,0,0,1,0,17
Lake,Summer,2003,28,1,38.96511114285715,-122.63531667857144,63.957142857142856,0.03571428571428571,0.0,0.0,0.3333333333333333,3.367295829986474,1.0,64.0,0.015625,0.0,0.08,1.0,0.0,0,0,1,0,17
Lake,Summer,2004,21,2,39.03362780952381,-122.7361421904762,618.2095238095238,0.09523809523809523,1.0,0.0,0.3333333333333333,3.091042453358316,2.0,92.0,0.021739130434782608,0.5,0.47,0.0,1.0,0,0,1,0,17
Lake,Summer,2005,8,0,39.039363,-122.733814,2.15,0.0,2.0,1.0,1.0,2.1972245773362196,4.0,113.0,0.035398230088495575,-0.5,-0.06,0.5,0.0,0,0,1,0,17
Lake,Summer,2006,11,1,39.18070307,-122.87469676818182,82.08636363636364,0.09090909090909091,0.0,2.0,1.0,2.4849066497880004,4.0,121.0,0.03305785123966942,0.5,0.1,-0.5,0.5,0,0,1,0,17
Lake,Summer,2007,15,0,39.02507302266667,-122.72273071066667,6.913333333333333,0.0,1.0,0.0,1.0,2.772588722239781,5.0,132.0,0.03787878787878788,-2.0,-0.56,0.5,-0.5,0,0,1,0,17
Lake,Summer,2008,15,5,39.364577778666664,-122.93171777733332,1318.23,0.3333333333333333,0.0,1.0,0.3333333333333333,2.772588722239781,5.0,147.0,0.034013605442176874,-0.5,-0.37,-2.0,0.5,0,0,1,0,17
Lake,Summer,2009,5,1,39.272222221999996,-122.773062222,316.26,0.2,5.0,0.0,2.0,1.791759469228055,10.0,162.0,0.06172839506172839,1.0,0.45,-0.5,-2.0,0,0,1,0,17
Lake,Summer,2010,4,1,39.2860195,-122.89009775,169.3,0.25,1.0,5.0,2.0,1.6094379124341003,11.0,167.0,0.0658682634730539,-2.0,-1.05,1.0,-0.5,0,0,1,0,17
Lake,Summer,2011,36,0,38.993119638888885,-122.69055150000001,1.9925000000000002,0.0,1.0,1.0,2.3333333333333335,3.6109179126442243,12.0,171.0,0.07017543859649122,-1.0,-0.43,-2.0,1.0,0,0,1,0,17
Lake,Summer,2012,24,2,39.021339106666666,-122.73118895375,517.1899999999999,0.08333333333333333,0.0,1.0,0.6666666666666666,3.2188758248682006,12.0,207.0,0.057971014492753624,0.0,0.3,-1.0,-2.0,0,0,1,0,17
Lake,Summer,2013,24,0,38.99328106,-122.71363393041668,6.65625,0.0,2.0,0.0,1.0,3.2188758248682006,14.0,231.0,0.06060606060606061,0.0,-0.35,0.0,-1.0,0,0,1,0,17
Lake,Summer,2014,31,0,39.02262745483871,-122.70820351258064,0.7012903225806453,0.0,0.0,2.0,0.6666666666666666,3.4657359027997265,14.0,255.0,0.054901960784313725,0.5,0.1,0.0,0.0,0,0,1,0,17
Lake,Summer,2015,36,2,39.0404016175,-122.73652190444444,1952.5605555555558,0.05555555555555555,0.0,0.0,0.6666666666666666,3.6109179126442243,14.0,286.0,0.04895104895104895,3.0,1.57,0.5,0.0,0,0,1,0,17
Lake,Winter,2002,1,0,38.79275,-122.694419,1.0,0.0,,,,0.6931471805599453,16.0,322.0,0.049689440993788817,1.0,0.79,0.0,-0.5,1,0,0,0,17
Lake,Winter,2005,1,0,38.779619,-122.723222,0.1,0.0,0.0,,0.0,0.6931471805599453,0.0,1.0,0.0,-0.5,-0.06,0.5,0.0,1,0,0,0,17
Lake,Winter,2006,1,0,38.781667,-122.720106,1.0,0.0,0.0,0.0,0.0,0.6931471805599453,0.0,2.0,0.0,0.5,0.1,-0.5,0.5,1,0,0,0,17
Lake,Winter,2007,3,0,39.23151366666667,-122.87653052,0.5333333333333333,0.0,0.0,0.0,0.0,1.3862943611198906,0.0,3.0,0.0,-2.0,-0.56,0.5,-0.5,1,0,0,0,17
Lake,Winter,2011,5,0,39.07087679999999,-122.7850676,2.424,0.0,0.0,0.0,0.0,1.791759469228055,0.0,6.0,0.0,-1.0,-0.43,-2.0,1.0,1,0,0,0,17
Lake,Winter,2012,7,0,38.952508602857144,-122.67319336571428,2.6571428571428575,0.0,0.0,0.0,0.0,2.0794415416798357,0.0,11.0,0.0,0.0,0.3,-1.0,-2.0,1,0,0,0,17
Lake,Winter,2013,4,1,38.83517475,-122.6728585,84.525,0.25,0.0,0.0,0.0,1.6094379124341003,0.0,18.0,0.0,0.0,-0.35,0.0,-1.0,1,0,0,0,17
Lake,Winter,2014,8,0,38.846043875,-122.602087625,1.4875,0.0,1.0,0.0,0.3333333333333333,2.1972245773362196,1.0,22.0,0.045454545454545456,0.5,0.1,0.0,0.0,1,0,0,0,17
Lake,Winter,2015,2,0,39.15854572,-122.72471938999999,2.25,0.0,0.0,1.0,0.3333333333333333,1.0986122886681098,1.0,30.0,0.03333333333333333,3.0,1.57,0.5,0.0,1,0,0,0,17
Lassen,Fall,1998,2,0,40.47485,-120.709065,0.3,0.0,,,,1.0986122886681098,1.0,32.0,0.03125,-2.0,-0.78,3.0,0.0,0,0,0,1,18
Lassen,Fall,1999,8,0,40.420563625,-120.43578125,0.4125,0.0,0.0,,0.0,2.1972245773362196,0.0,2.0,0.0,-2.0,-1.1,-2.0,3.0,0,0,0,1,18
Lassen,Fall,2000,3,0,40.3111,-120.34753333333333,1.7,0.0,0.0,0.0,0.0,1.3862943611198906,0.0,10.0,0.0,-0.5,-0.55,-2.0,-2.0,0,0,0,1,18
Lassen,Fall,2001,6,0,40.72852133333333,-120.67663666666665,0.18333333333333335,0.0,0.0,0.0,0.0,1.9459101490553132,0.0,13.0,0.0,0.0,-0.08,-0.5,-2.0,0,0,0,1,18
Lassen,Fall,2002,7,0,40.49836414285714,-120.64260971428573,0.1,0.0,0.0,0.0,0.0,2.0794415416798357,0.0,19.0,0.0,1.0,0.79,0.0,-0.5,0,0,0,1,18
Lassen,Fall,2003,8,1,40.4553235,-120.320882625,150.5625,0.125,0.0,0.0,0.0,2.1972245773362196,0.0,26.0,0.0,0.0,0.08,1.0,0.0,0,0,0,1,18
Lassen,Fall,2005,5,0,40.625800600000005,-120.4498904,0.27999999999999997,0.0,1.0,0.0,0.3333333333333333,1.791759469228055,1.0,34.0,0.029411764705882353,-0.5,-0.06,0.5,0.0,0,0,0,1,18
Lassen,Fall,2006,8,0,40.62376676375,-120.4663635975,15.96875,0.0,0.0,1.0,0.3333333333333333,2.1972245773362196,1.0,39.0,0.02564102564102564,0.5,0.1,-0.5,0.5,0,0,0,1,18
Lassen,Fall,2007,15,0,40.486417659333334,-120.70500111066667,0.284,0.0,0.0,0.0,0.3333333333333333,2.772588722239781,1.0,47.0,0.02127659574468085,-2.0,-0.56,0.5,-0.5,0,0,0,1,18
Lassen,Fall,2008,5,0,40.8014,-120.984224444,1.3,0.0,0.0,0.0,0.0,1.791759469228055,1.0,62.0,0.016129032258064516,-0.5,-0.37,-2.0,0.5,0,0,0,1,18
Lassen,Fall,2009,2,0,40.571600000000004,-120.4482,0.1,0.0,0.0,0.0,0.0,1.0986122886681098,1.0,67.0,0.014925373134328358,1.0,0.45,-0.5,-2.0,0,0,0,1,18
Lassen,Fall,2010,8,0,40.635236825,-120.6405095,0.3375,0.0,0.0,0.0,0.0,2.1972245773362196,1.0,69.0,0.014492753623188406,-2.0,-1.05,1.0,-0.5,0,0,0,1,18
Lassen,Fall,2011,20,0,40.59911135,-120.41260589999999,6.273,0.0,0.0,0.0,0.0,3.044522437723423,1.0,77.0,0.012987012987012988,-1.0,-0.43,-2.0,1.0,0,0,0,1,18
Lassen,Fall,2012,7,0,40.367136508571434,-120.52884603285715,0.7285714285714285,0.0,0.0,0.0,0.0,2.0794415416798357,1.0,97.0,0.010309278350515464,0.0,0.3,-1.0,-2.0,0,0,0,1,18
Lassen,Fall,2013,7,0,40.606764428571424,-120.73805242857144,2.585714285714286,0.0,0.0,0.0,0.0,2.0794415416798357,1.0,104.0,0.009615384615384616,0.0,-0.35,0.0,-1.0,0,0,0,1,18
Lassen,Fall,2014,5,0,40.324201599999995,-120.48387740000001,0.72,0.0,0.0,0.0,0.0,1.791759469228055,1.0,111.0,0.009009009009009009,0.5,0.1,0.0,0.0,0,0,0,1,18
Lassen,Fall,2015,4,0,40.4839045,-120.42844725,0.1,0.0,0.0,0.0,0.0,1.6094379124341003,1.0,116.0,0.008620689655172414,3.0,1.57,0.5,0.0,0,0,0,1,18
Lassen,Spring,1997,1,0,40.882189,-120.93145,0.1,0.0,,,,0.6931471805599453,1.0,120.0,0.008333333333333333,3.0,1.6,0.0,-1.0,0,1,0,0,18
Lassen,Spring,1999,15,0,40.447404066666664,-120.46099673333333,4.373333333333333,0.0,0.0,,0.0,2.772588722239781,0.0,1.0,0.0,-2.0,-1.1,-2.0,3.0,0,1,0,0,18
Lassen,Spring,2000,7,0,40.36206585714286,-120.50172457142857,0.17142857142857146,0.0,0.0,0.0,0.0,2.0794415416798357,0.0,16.0,0.0,-0.5,-0.55,-2.0,-2.0,0,1,0,0,18
Lassen,Spring,2001,16,2,40.4592225,-120.505481375,332.4375,0.125,0.0,0.0,0.0,2.833213344056216,0.0,23.0,0.0,0.0,-0.08,-0.5,-2.0,0,1,0,0,18
Lassen,Spring,2002,15,0,40.432101333333335,-120.52681066666668,0.78,0.0,2.0,0.0,0.6666666666666666,2.772588722239781,2.0,39.0,0.05128205128205128,1.0,0.79,0.0,-0.5,0,1,0,0,18
Lassen,Spring,2003,11,0,40.68045563636363,-120.376541,0.3909090909090909,0.0,0.0,2.0,0.6666666666666666,2.4849066497880004,2.0,54.0,0.037037037037037035,0.0,0.08,1.0,0.0,0,1,0,0,18
Lassen,Spring,2004,15,0,40.668282999999995,-120.56085126666667,0.31333333333333335,0.0,0.0,0.0,0.6666666666666666,2.772588722239781,2.0,65.0,0.03076923076923077,0.5,0.47,0.0,1.0,0,1,0,0,18
Lassen,Spring,2005,2,0,40.4523345,-120.4545765,0.1,0.0,0.0,0.0,0.0,1.0986122886681098,2.0,80.0,0.025,-0.5,-0.06,0.5,0.0,0,1,0,0,18
Lassen,Spring,2006,5,0,40.4994166,-120.38909559999999,0.86,0.0,0.0,0.0,0.0,1.791759469228055,2.0,82.0,0.024390243902439025,0.5,0.1,-0.5,0.5,0,1,0,0,18
Lassen,Spring,2007,55,0,40.215841967454544,-120.48653320818183,6.786363636363636,0.0,0.0,0.0,0.0,4.02535169073515,2.0,87.0,0.022988505747126436,-2.0,-0.56,0.5,-0.5,0,1,0,0,18
Lassen,Spring,2008,11,0,40.43448888909091,-120.54572121181818,0.4563636363636364,0.0,0.0,0.0,0.0,2.4849066497880004,2.0,142.0,0.014084507042253521,-0.5,-0.37,-2.0,0.5,0,1,0,0,18
Lassen,Spring,2009,30,0,40.704220741,-120.821198889,7.963333333333333,0.0,0.0,0.0,0.0,3.4339872044851463,2.0,153.0,0.013071895424836602,1.0,0.45,-0.5,-2.0,0,1,0,0,18
Lassen,Spring,2010,3,0,40.726855566666664,-120.81445533333334,0.11,0.0,0.0,0.0,0.0,1.3862943611198906,2.0,183.0,0.01092896174863388,-2.0,-1.05,1.0,-0.5,0,1,0,0,18
Lassen,Spring,2011,2,0,40.701921,-120.70412999999999,1.59,0.0,0.0,0.0,0.0,1.0986122886681098,2.0,186.0,0.010752688172043012,-1.0,-0.43,-2.0,1.0,0,1,0,0,18
Lassen,Spring,2012,17,0,40.662567372352946,-120.559547,1.5888235294117647,0.0,0.0,0.0,0.0,2.8903717578961645,2.0,188.0,0.010638297872340425,0.0,0.3,-1.0,-2.0,0,1,0,0,18
Lassen,Spring,2013,30,0,40.660427026,-120.723420807,2.007,0.0,0.0,0.0,0.0,3.4339872044851463,2.0,205.0,0.00975609756097561,0.0,-0.35,0.0,-1.0,0,1,0,0,18
Lassen,Spring,2014,11,0,40.62783294,-120.79531924272727,2.939090909090909,0.0,0.0,0.0,0.0,2.4849066497880004,2.0,235.0,0.00851063829787234,0.5,0.1,0.0,0.0,0,1,0,0,18
Lassen,Spring,2015,15,0,40.554911628666666,-120.730540252,1.4266666666666665,0.0,0.0,0.0,0.0,2.772588722239781,2.0,246.0,0.008130081300813009,3.0,1.57,0.5,0.0,0,1,0,0,18
Lassen,Summer,1998,18,0,40.574429,-120.73433427777779,4.75,0.0,,,,2.9444389791664403,2.0,261.0,0.007662835249042145,-2.0,-0.78,3.0,0.0,0,0,1,0,18
Lassen,Summer,1999,85,2,40.77138021176471,-120.56833089411765,153.22235294117647,0.023529411764705882,0.0,,0.0,4.454347296253507,0.0,18.0,0.0,-2.0,-1.1,-2.0,3.0,0,0,1,0,18
Lassen,Summer,2000,34,2,40.694950000000006,-120.67394502941178,67.01764705882353,0.058823529411764705,2.0,0.0,1.0,3.5553480614894135,2.0,103.0,0.019417475728155338,-0.5,-0.55,-2.0,-2.0,0,0,1,0,18
Lassen,Summer,2001,65,4,40.708000784615386,-120.62044804615384,1079.4353846153847,0.06153846153846154,2.0,2.0,1.3333333333333333,4.189654742026425,4.0,137.0,0.029197080291970802,0.0,-0.08,-0.5,-2.0,0,0,1,0,18
Lassen,Summer,2002,37,2,40.42003975675676,-120.4315065945946,179.2216216216216,0.05405405405405406,4.0,2.0,2.6666666666666665,3.6375861597263857,8.0,202.0,0.039603960396039604,1.0,0.79,0.0,-0.5,0,0,1,0,18
Lassen,Summer,2003,99,3,40.705063373737374,-120.5448708080808,102.92626262626263,0.030303030303030304,2.0,4.0,2.6666666666666665,4.605170185988092,10.0,239.0,0.04184100418410042,0.0,0.08,1.0,0.0,0,0,1,0,18
Lassen,Summer,2004,87,3,40.75705978804598,-120.53590642908047,22.128735632183908,0.034482758620689655,3.0,2.0,3.0,4.477336814478207,13.0,338.0,0.038461538461538464,0.5,0.47,0.0,1.0,0,0,1,0,18
Lassen,Summer,2005,25,0,40.5202711556,-120.4177706712,0.7759999999999999,0.0,3.0,3.0,2.6666666666666665,3.258096538021482,16.0,425.0,0.03764705882352941,-0.5,-0.06,0.5,0.0,0,0,1,0,18
Lassen,Summer,2006,126,7,40.7268771515873,-120.8016186802381,52.68547619047619,0.05555555555555555,0.0,3.0,2.0,4.844187086458591,16.0,450.0,0.035555555555555556,0.5,0.1,-0.5,0.5,0,0,1,0,18
Lassen,Summer,2007,63,1,40.6983277320635,-120.6975396947619,10.767619047619048,0.015873015873015872,7.0,0.0,3.3333333333333335,4.1588830833596715,23.0,576.0,0.03993055555555555,-2.0,-0.56,0.5,-0.5,0,0,1,0,18
Lassen,Summer,2008,41,1,40.623812899512195,-120.54341059073171,312.83609756097565,0.024390243902439025,1.0,7.0,2.6666666666666665,3.7376696182833684,24.0,639.0,0.03755868544600939,-0.5,-0.37,-2.0,0.5,0,0,1,0,18
Lassen,Summer,2009,79,2,40.67679915594937,-120.88901884658227,41.79012658227848,0.02531645569620253,1.0,1.0,3.0,4.382026634673881,25.0,680.0,0.03676470588235294,1.0,0.45,-0.5,-2.0,0,0,1,0,18
Lassen,Summer,2010,62,2,40.723790908064515,-120.57249908064516,180.57129032258064,0.03225806451612903,2.0,1.0,1.3333333333333333,4.143134726391533,27.0,759.0,0.03557312252964427,-2.0,-1.05,1.0,-0.5,0,0,1,0,18
Lassen,Summer,2011,39,1,40.52864576923077,-120.58983671794871,16.30205128205128,0.02564102564102564,2.0,2.0,1.6666666666666667,3.6888794541139363,29.0,821.0,0.03532277710109622,-1.0,-0.43,-2.0,1.0,0,0,1,0,18
Lassen,Summer,2012,38,3,40.53038457,-120.6532305231579,8609.651052631578,0.07894736842105263,1.0,2.0,1.6666666666666667,3.6635616461296463,30.0,860.0,0.03488372093023256,0.0,0.3,-1.0,-2.0,0,0,1,0,18
Lassen,Summer,2013,70,0,40.66050934414286,-120.67816208885714,2.291857142857143,0.0,3.0,1.0,2.0,4.2626798770413155,33.0,898.0,0.036748329621380846,0.0,-0.35,0.0,-1.0,0,0,1,0,18
Lassen,Summer,2014,71,0,40.681680926478876,-120.77094056169015,0.9354929577464789,0.0,0.0,3.0,1.3333333333333333,4.276666119016055,33.0,968.0,0.03409090909090909,0.5,0.1,0.0,0.0,0,0,1,0,18
Lassen,Summer,2015,96,1,40.67534546520833,-120.741525881875,113.39239583333334,0.010416666666666666,0.0,0.0,1.0,4.574710978503383,33.0,1039.0,0.03176130895091434,3.0,1.57,0.5,0.0,0,0,1,0,18
Lassen,Winter,1999,1,0,40.373011,-120.371819,0.1,0.0,,,,0.6931471805599453,34.0,1135.0,0.029955947136563875,-2.0,-1.1,-2.0,3.0,1,0,0,0,18
Lassen,Winter,2001,2,0,40.722190499999996,-120.5989555,0.3,0.0,0.0,,0.0,1.0986122886681098,0.0,1.0,0.0,0.0,-0.08,-0.5,-2.0,1,0,0,0,18
Lassen,Winter,2002,1,0,40.0066,-120.1027,2.5,0.0,0.0,0.0,0.0,0.6931471805599453,0.0,3.0,0.0,1.0,0.79,0.0,-0.5,1,0,0,0,18
Lassen,Winter,2003,2,0,40.6003195,-120.9419905,0.1,0.0,0.0,0.0,0.0,1.0986122886681098,0.0,4.0,0.0,0.0,0.08,1.0,0.0,1,0,0,0,18
Lassen,Winter,2004,1,0,40.97055,-120.769531,0.1,0.0,0.0,0.0,0.0,0.6931471805599453,0.0,6.0,0.0,0.5,0.47,0.0,1.0,1,0,0,0,18
Lassen,Winter,2005,2,0,40.663496,-120.5689445,0.1,0.0,0.0,0.0,0.0,1.0986122886681098,0.0,7.0,0.0,-0.5,-0.06,0.5,0.0,1,0,0,0,18
Lassen,Winter,2006,2,0,40.6014,-120.298675,2.0,0.0,0.0,0.0,0.0,1.0986122886681098,0.0,9.0,0.0,0.5,0.1,-0.5,0.5,1,0,0,0,18
Lassen,Winter,2007,6,0,40.52530183333334,-120.57857966666667,45.199999999999996,0.0,0.0,0.0,0.0,1.9459101490553132,0.0,11.0,0.0,-2.0,-0.56,0.5,-0.5,1,0,0,0,18
Lassen,Winter,2009,1,0,40.3481,-120.2325,0.1,0.0,0.0,0.0,0.0,0.6931471805599453,0.0,17.0,0.0,1.0,0.45,-0.5,-2.0,1,0,0,0,18
Lassen,Winter,2011,3,0,40.371345,-120.61121233333334,1.0666666666666667,0.0,0.0,0.0,0.0,1.3862943611198906,0.0,18.0,0.0,-1.0,-0.43,-2.0,1.0,1,0,0,0,18
Lassen,Winter,2012,5,0,40.3403158,-120.474298,10.620000000000001,0.0,0.0,0.0,0.0,1.791759469228055,0.0,21.0,0.0,0.0,0.3,-1.0,-2.0,1,0,0,0,18
Lassen,Winter,2014,8,0,40.54403791625,-120.804002555,1.125,0.0,0.0,0.0,0.0,2.1972245773362196,0.0,26.0,0.0,0.5,0.1,0.0,0.0,1,0,0,0,18
Lassen,Winter,2015,2,0,40.349464499999996,-120.826099,0.505,0.0,0.0,0.0,0.0,1.0986122886681098,0.0,34.0,0.0,3.0,1.57,0.5,0.0,1,0,0,0,18
Los Angeles,Fall,2000,4,0,34.471043249999994,-118.4642425,0.775,0.0,,,,1.6094379124341003,0.0,36.0,0.0,-0.5,-0.55,-2.0,-2.0,0,0,0,1,19
Los Angeles,Fall,2001,1,0,34.44685,-118.662581,3.0,0.0,0.0,,0.0,0.6931471805599453,0.0,4.0,0.0,0.0,-0.08,-0.5,-2.0,0,0,0,1,19
Los Angeles,Fall,2002,5,0,34.4465698,-118.358012,0.12000000000000002,0.0,0.0,0.0,0.0,1.791759469228055,0.0,5.0,0.0,1.0,0.79,0.0,-0.5,0,0,0,1,19
Los Angeles,Fall,2003,9,1,34.45078488888889,-118.61375033333333,962.3888888888889,0.1111111111111111,0.0,0.0,0.0,2.302585092994046,0.0,10.0,0.0,0.0,0.08,1.0,0.0,0,0,0,1,19
Los Angeles,Fall,2005,1,1,34.200278,-118.284722,1094.0,1.0,1.0,0.0,0.3333333333333333,0.6931471805599453,1.0,19.0,0.05263157894736842,-0.5,-0.06,0.5,0.0,0,0,0,1,19
Los Angeles,Fall,2006,62,0,34.38203405064516,-118.21823476661291,9.605645161290322,0.0,1.0,1.0,0.6666666666666666,4.143134726391533,2.0,20.0,0.1,0.5,0.1,-0.5,0.5,0,0,0,1,19
Los Angeles,Fall,2007,45,3,34.422290988,-118.32263389133334,1923.5988888888887,0.06666666666666667,0.0,1.0,0.6666666666666666,3.828641396489095,2.0,82.0,0.024390243902439025,-2.0,-0.56,0.5,-0.5,0,0,0,1,19
Los Angeles,Fall,2008,33,3,34.409721548484846,-118.2263303030303,933.6378787878789,0.09090909090909091,3.0,0.0,1.3333333333333333,3.5263605246161616,5.0,127.0,0.03937007874015748,-0.5,-0.37,-2.0,0.5,0,0,0,1,19
Los Angeles,Fall,2009,46,0,34.44092390326087,-118.28959540586956,2.9967391304347823,0.0,3.0,3.0,2.0,3.8501476017100584,8.0,160.0,0.05,1.0,0.45,-0.5,-2.0,0,0,0,1,19
Los Angeles,Fall,2010,43,0,34.43062661860465,-118.12721579069768,0.6081395348837209,0.0,0.0,3.0,2.0,3.784189633918261,8.0,206.0,0.038834951456310676,-2.0,-1.05,1.0,-0.5,0,0,0,1,19
Los Angeles,Fall,2011,143,0,34.33731316083916,-118.13501195104895,1.1521678321678321,0.0,0.0,0.0,1.0,4.969813299576001,8.0,249.0,0.0321285140562249,-1.0,-0.43,-2.0,1.0,0,0,0,1,19
Los Angeles,Fall,2012,40,0,34.465138889,-118.350468056,1.513,0.0,0.0,0.0,0.0,3.713572066704308,8.0,392.0,0.02040816326530612,0.0,0.3,-1.0,-2.0,0,0,0,1,19
Los Angeles,Fall,2013,43,0,34.37065734837209,-118.22721722744186,6.890697674418605,0.0,0.0,0.0,0.0,3.784189633918261,8.0,432.0,0.018518518518518517,0.0,-0.35,0.0,-1.0,0,0,0,1,19
Los Angeles,Fall,2014,21,0,34.37679894238095,-118.19947090000001,0.21476190476190476,0.0,0.0,0.0,0.0,3.091042453358316,8.0,475.0,0.016842105263157894,0.5,0.1,0.0,0.0,0,0,0,1,19
Los Angeles,Fall,2015,26,0,34.39805048269231,-118.39396224807692,1.0592307692307692,0.0,0.0,0.0,0.0,3.295836866004329,8.0,496.0,0.016129032258064516,3.0,1.57,0.5,0.0,0,0,0,1,19
Los Angeles,Spring,2001,11,0,34.47106509090909,-118.40851154545454,0.5545454545454546,0.0,,,,2.4849066497880004,8.0,522.0,0.01532567049808429,0.0,-0.08,-0.5,-2.0,0,1,0,0,19
Los Angeles,Spring,2002,12,0,34.47371916666666,-118.29468791666666,1.4333333333333333,0.0,0.0,,0.0,2.5649493574615367,0.0,11.0,0.0,1.0,0.79,0.0,-0.5,0,1,0,0,19
Los Angeles,Spring,2003,2,0,34.48305,-118.397539,0.3,0.0,0.0,0.0,0.0,1.0986122886681098,0.0,23.0,0.0,0.0,0.08,1.0,0.0,0,1,0,0,19
Los Angeles,Spring,2005,1,0,34.466197,-118.333056,0.1,0.0,0.0,0.0,0.0,0.6931471805599453,0.0,25.0,0.0,-0.5,-0.06,0.5,0.0,0,1,0,0,19
Los Angeles,Spring,2006,68,0,34.49364379073529,-118.41344771294118,1.2249999999999999,0.0,0.0,0.0,0.0,4.23410650459726,0.0,26.0,0.0,0.5,0.1,-0.5,0.5,0,1,0,0,19
Los Angeles,Spring,2007,40,3,34.4064583405,-118.2623055555,164.67874999999998,0.075,0.0,0.0,0.0,3.713572066704308,0.0,94.0,0.0,-2.0,-0.56,0.5,-0.5,0,1,0,0,19
Los Angeles,Spring,2008,33,1,34.45256733909091,-118.35718855242423,18.686363636363637,0.030303030303030304,3.0,0.0,1.0,3.5263605246161616,3.0,134.0,0.022388059701492536,-0.5,-0.37,-2.0,0.5,0,1,0,0,19
Los Angeles,Spring,2009,62,0,34.4089023298387,-118.17548835112903,1.086290322580645,0.0,1.0,3.0,1.3333333333333333,4.143134726391533,4.0,167.0,0.023952095808383235,1.0,0.45,-0.5,-2.0,0,1,0,0,19
Los Angeles,Spring,2010,47,0,34.488492912765956,-118.38672578723404,1.127659574468085,0.0,0.0,1.0,1.3333333333333333,3.871201010907891,4.0,229.0,0.017467248908296942,-2.0,-1.05,1.0,-0.5,0,1,0,0,19
Los Angeles,Spring,2011,181,0,34.286355806629835,-118.16516928729281,1.5379558011049723,0.0,0.0,0.0,0.3333333333333333,5.204006687076795,4.0,276.0,0.014492753623188406,-1.0,-0.43,-2.0,1.0,0,1,0,0,19
Los Angeles,Spring,2012,56,1,34.40327199607143,-118.27735210142858,12.165535714285713,0.017857142857142856,0.0,0.0,0.0,4.04305126783455,4.0,457.0,0.0087527352297593,0.0,0.3,-1.0,-2.0,0,1,0,0,19
Los Angeles,Spring,2013,80,4,34.364279188,-118.33949382099999,470.65362500000003,0.05,1.0,0.0,0.3333333333333333,4.394449154672439,5.0,513.0,0.009746588693957114,0.0,-0.35,0.0,-1.0,0,1,0,0,19
Los Angeles,Spring,2014,31,0,34.46110804741936,-118.39900941258064,0.32645161290322583,0.0,4.0,1.0,1.6666666666666667,3.4657359027997265,9.0,593.0,0.01517706576728499,0.5,0.1,0.0,0.0,0,1,0,0,19
Los Angeles,Spring,2015,28,0,34.365613888214284,-118.26522618892857,1.3910714285714287,0.0,0.0,4.0,1.6666666666666667,3.367295829986474,9.0,624.0,0.014423076923076924,3.0,1.57,0.5,0.0,0,1,0,0,19
Los Angeles,Summer,1999,1,1,34.5333,-118.2029,3600.0,1.0,,,,0.6931471805599453,9.0,652.0,0.013803680981595092,-2.0,-1.1,-2.0,3.0,0,0,1,0,19
Los Angeles,Summer,2001,4,0,34.5332625,-118.29677,0.42500000000000004,0.0,1.0,,1.0,1.6094379124341003,1.0,1.0,1.0,0.0,-0.08,-0.5,-2.0,0,0,1,0,19
Los Angeles,Summer,2002,14,2,34.44462322214286,-118.19420165857143,1556.564285714286,0.14285714285714285,0.0,1.0,0.5,2.70805020110221,1.0,5.0,0.2,1.0,0.79,0.0,-0.5,0,0,1,0,19
Los Angeles,Summer,2003,18,0,34.473520111111114,-118.41856405555556,1.911111111111111,0.0,2.0,0.0,1.0,2.9444389791664403,3.0,19.0,0.15789473684210525,0.0,0.08,1.0,0.0,0,0,1,0,19
Los Angeles,Summer,2005,3,1,34.25351866666667,-118.31215200000001,486.0,0.3333333333333333,0.0,2.0,0.6666666666666666,1.3862943611198906,3.0,37.0,0.08108108108108109,-0.5,-0.06,0.5,0.0,0,0,1,0,19
Los Angeles,Summer,2006,133,3,34.430565748721804,-118.28689006105263,54.31541353383459,0.022556390977443608,1.0,0.0,1.0,4.897839799950911,4.0,40.0,0.1,0.5,0.1,-0.5,0.5,0,0,1,0,19
Los Angeles,Summer,2007,86,2,34.4287399222093,-118.2017475455814,41.22790697674419,0.023255813953488372,3.0,1.0,1.3333333333333333,4.465908118654584,7.0,173.0,0.04046242774566474,-2.0,-0.56,0.5,-0.5,0,0,1,0,19
Los Angeles,Summer,2008,62,0,34.439341397741934,-118.27162634419355,3.391935483870968,0.0,2.0,3.0,2.0,4.143134726391533,9.0,259.0,0.03474903474903475,-0.5,-0.37,-2.0,0.5,0,0,1,0,19
Los Angeles,Summer,2009,80,3,34.413086798125,-118.30895138525,2047.2900000000002,0.0375,0.0,2.0,1.6666666666666667,4.394449154672439,9.0,321.0,0.028037383177570093,1.0,0.45,-0.5,-2.0,0,0,1,0,19
Los Angeles,Summer,2010,105,2,34.44018376952381,-118.20788955238095,142.23238095238094,0.01904761904761905,3.0,0.0,1.6666666666666667,4.663439094112067,12.0,401.0,0.029925187032418952,-2.0,-1.05,1.0,-0.5,0,0,1,0,19
Los Angeles,Summer,2011,322,1,34.31573109937888,-118.1423297795031,3.197826086956522,0.003105590062111801,2.0,3.0,1.6666666666666667,5.777652323222656,14.0,506.0,0.02766798418972332,-1.0,-0.43,-2.0,1.0,0,0,1,0,19
Los Angeles,Summer,2012,89,1,34.400725972247194,-118.15134372404495,52.98842696629214,0.011235955056179775,1.0,2.0,2.0,4.499809670330265,15.0,828.0,0.018115942028985508,0.0,0.3,-1.0,-2.0,0,0,1,0,19
Los Angeles,Summer,2013,59,0,34.37732507118644,-118.19631110711865,5.7923728813559325,0.0,1.0,1.0,1.3333333333333333,4.0943445622221,16.0,917.0,0.017448200654307525,0.0,-0.35,0.0,-1.0,0,0,1,0,19
Los Angeles,Summer,2014,61,0,34.374421675409835,-118.22076502770493,8.642622950819673,0.0,0.0,1.0,0.6666666666666666,4.127134385045092,16.0,976.0,0.01639344262295082,0.5,0.1,0.0,0.0,0,0,1,0,19
Los Angeles,Summer,2015,73,2,34.4733630779452,-118.26798080205478,35.76095890410959,0.0273972602739726,0.0,0.0,0.3333333333333333,4.30406509320417,16.0,1037.0,0.015429122468659595,3.0,1.57,0.5,0.0,0,0,1,0,19
Los Angeles,Winter,2000,4,0,34.505255500000004,-118.60342025,1.775,0.0,,,,1.6094379124341003,18.0,1110.0,0.016216216216216217,-0.5,-0.55,-2.0,-2.0,1,0,0,0,19
Los Angeles,Winter,2001,1,0,34.423519,-118.426061,1.0,0.0,0.0,,0.0,0.6931471805599453,0.0,4.0,0.0,0.0,-0.08,-0.5,-2.0,1,0,0,0,19
Los Angeles,Winter,2002,4,0,34.44534225,-118.38937975,1.5750000000000002,0.0,0.0,0.0,0.0,1.6094379124341003,0.0,5.0,0.0,1.0,0.79,0.0,-0.5,1,0,0,0,19
Los Angeles,Winter,2003,2,0,33.9503835,-118.3937305,122.55,0.0,0.0,0.0,0.0,1.0986122886681098,0.0,9.0,0.0,0.0,0.08,1.0,0.0,1,0,0,0,19
Los Angeles,Winter,2006,20,0,34.369499999,-118.27240277850001,1.7899999999999998,0.0,0.0,0.0,0.0,3.044522437723423,0.0,11.0,0.0,0.5,0.1,-0.5,0.5,1,0,0,0,19
Los Angeles,Winter,2007,28,0,34.409067459642856,-118.27145833285715,1.8,0.0,0.0,0.0,0.0,3.367295829986474,0.0,31.0,0.0,-2.0,-0.56,0.5,-0.5,1,0,0,0,19
Los Angeles,Winter,2008,12,0,34.388518518333335,-118.1062268525,0.17500000000000002,0.0,0.0,0.0,0.0,2.5649493574615367,0.0,59.0,0.0,-0.5,-0.37,-2.0,0.5,1,0,0,0,19
Los Angeles,Winter,2009,10,0,34.364972223,-118.165583333,0.13999999999999999,0.0,0.0,0.0,0.0,2.3978952727983707,0.0,71.0,0.0,1.0,0.45,-0.5,-2.0,1,0,0,0,19
Los Angeles,Winter,2010,16,0,34.51022569375,-118.27807287499999,0.225,0.0,0.0,0.0,0.0,2.833213344056216,0.0,81.0,0.0,-2.0,-1.05,1.0,-0.5,1,0,0,0,19
Los Angeles,Winter,2011,70,0,34.163848085714285,-118.17828434285714,0.3842857142857143,0.0,0.0,0.0,0.0,4.2626798770413155,0.0,97.0,0.0,-1.0,-0.43,-2.0,1.0,1,0,0,0,19
Los Angeles,Winter,2012,166,0,34.333991637891565,-118.20243578445783,0.48524096385542165,0.0,0.0,0.0,0.0,5.117993812416755,0.0,167.0,0.0,0.0,0.3,-1.0,-2.0,1,0,0,0,19
Los Angeles,Winter,2013,34,0,34.458174136764704,-118.29401793205882,0.6297058823529412,0.0,0.0,0.0,0.0,3.5553480614894135,0.0,333.0,0.0,0.0,-0.35,0.0,-1.0,1,0,0,0,19
Los Angeles,Winter,2014,45,1,34.37503962177777,-118.296290854,47.86244444444444,0.022222222222222223,0.0,0.0,0.0,3.828641396489095,0.0,367.0,0.0,0.5,0.1,0.0,0.0,1,0,0,0,19
Los Angeles,Winter,2015,7,0,34.50813492142857,-118.42924603285714,0.1142857142857143,0.0,1.0,0.0,0.3333333333333333,2.0794415416798357,1.0,412.0,0.0024271844660194173,3.0,1.57,0.5,0.0,1,0,0,0,19
Madera,Fall,1998,1,0,37.264789,-119.699419,0.3,0.0,,,,0.6931471805599453,1.0,419.0,0.002386634844868735,-2.0,-0.78,3.0,0.0,0,0,0,1,20
Madera,Fall,1999,1,0,37.381439,-119.752831,0.1,0.0,0.0,,0.0,0.6931471805599453,0.0,1.0,0.0,-2.0,-1.1,-2.0,3.0,0,0,0,1,20
Madera,Fall,2000,1,0,37.322831,-119.662289,0.1,0.0,0.0,0.0,0.0,0.6931471805599453,0.0,2.0,0.0,-0.5,-0.55,-2.0,-2.0,0,0,0,1,20
Madera,Fall,2001,3,0,37.38901670333333,-119.62767596333333,0.39999999999999997,0.0,0.0,0.0,0.0,1.3862943611198906,0.0,3.0,0.0,0.0,-0.08,-0.5,-2.0,0,0,0,1,20
Madera,Fall,2002,4,0,37.30838275,-119.68517700000001,0.325,0.0,0.0,0.0,0.0,1.6094379124341003,0.0,6.0,0.0,1.0,0.79,0.0,-0.5,0,0,0,1,20
Madera,Fall,2003,1,0,37.322831,-119.662289,0.1,0.0,0.0,0.0,0.0,0.6931471805599453,0.0,10.0,0.0,0.0,0.08,1.0,0.0,0,0,0,1,20
Madera,Fall,2005,1,0,37.252867,-119.710978,0.5,0.0,0.0,0.0,0.0,0.6931471805599453,0.0,11.0,0.0,-0.5,-0.06,0.5,0.0,0,0,0,1,20
Madera,Fall,2006,6,1,37.36675926,-119.39833333333333,130.585,0.16666666666666666,0.0,0.0,0.0,1.9459101490553132,0.0,12.0,0.0,0.5,0.1,-0.5,0.5,0,0,0,1,20
Madera,Fall,2007,20,0,37.399101122000005,-119.53677642350002,0.165,0.0,1.0,0.0,0.3333333333333333,3.044522437723423,1.0,18.0,0.05555555555555555,-2.0,-0.56,0.5,-0.5,0,0,0,1,20
Madera,Fall,2008,8,0,37.375277778750004,-119.4887847225,4.29375,0.0,0.0,1.0,0.3333333333333333,2.1972245773362196,1.0,38.0,0.02631578947368421,-0.5,-0.37,-2.0,0.5,0,0,0,1,20
Madera,Fall,2009,3,0,37.36805555666667,-119.42453703666666,2.34,0.0,0.0,0.0,0.3333333333333333,1.3862943611198906,1.0,46.0,0.021739130434782608,1.0,0.45,-0.5,-2.0,0,0,0,1,20
Madera,Fall,2010,13,0,37.430406,-119.42735038461538,0.1076923076923077,0.0,0.0,0.0,0.0,2.6390573296152584,1.0,49.0,0.02040816326530612,-2.0,-1.05,1.0,-0.5,0,0,0,1,20
Madera,Fall,2011,45,0,37.06960346666666,-119.95095242222223,0.9624444444444445,0.0,0.0,0.0,0.0,3.828641396489095,1.0,62.0,0.016129032258064516,-1.0,-0.43,-2.0,1.0,0,0,0,1,20
Madera,Fall,2012,30,0,37.10469795933333,-119.908623067,3.5690000000000004,0.0,0.0,0.0,0.0,3.4339872044851463,1.0,107.0,0.009345794392523364,0.0,0.3,-1.0,-2.0,0,0,0,1,20
Madera,Fall,2013,41,0,37.106491742439026,-119.89611393243902,5.651219512195122,0.0,0.0,0.0,0.0,3.7376696182833684,1.0,137.0,0.0072992700729927005,0.0,-0.35,0.0,-1.0,0,0,0,1,20
Madera,Fall,2014,16,0,37.320723765,-119.559696805625,0.248125,0.0,0.0,0.0,0.0,2.833213344056216,1.0,178.0,0.0056179775280898875,0.5,0.1,0.0,0.0,0,0,0,1,20
Madera,Fall,2015,27,0,37.17268062962963,-119.83109325925926,0.8411111111111111,0.0,0.0,0.0,0.0,3.332204510175204,1.0,194.0,0.005154639175257732,3.0,1.57,0.5,0.0,0,0,0,1,20
Madera,Spring,1998,1,0,37.133961,-119.920511,0.3,0.0,,,,0.6931471805599453,1.0,221.0,0.004524886877828055,-2.0,-0.78,3.0,0.0,0,1,0,0,20
Madera,Spring,1999,2,0,37.199339,-119.6929345,7.55,0.0,0.0,,0.0,1.0986122886681098,0.0,1.0,0.0,-2.0,-1.1,-2.0,3.0,0,1,0,0,20
Madera,Spring,2001,4,0,37.2138135,-119.7362825,0.42500000000000004,0.0,0.0,0.0,0.0,1.6094379124341003,0.0,3.0,0.0,0.0,-0.08,-0.5,-2.0,0,1,0,0,20
Madera,Spring,2002,2,0,37.315525,-119.644254,0.1,0.0,0.0,0.0,0.0,1.0986122886681098,0.0,7.0,0.0,1.0,0.79,0.0,-0.5,0,1,0,0,20
Madera,Spring,2003,1,0,37.2648,-119.717369,0.1,0.0,0.0,0.0,0.0,0.6931471805599453,0.0,9.0,0.0,0.0,0.08,1.0,0.0,0,1,0,0,20
Madera,Spring,2004,4,0,37.3266175,-119.77055975,0.42500000000000004,0.0,0.0,0.0,0.0,1.6094379124341003,0.0,10.0,0.0,0.5,0.47,0.0,1.0,0,1,0,0,20
Madera,Spring,2005,2,0,37.133939999999996,-119.91146499999999,4.05,0.0,0.0,0.0,0.0,1.0986122886681098,0.0,14.0,0.0,-0.5,-0.06,0.5,0.0,0,1,0,0,20
Madera,Spring,2006,6,0,37.29122562833333,-119.58604496166667,1.4916666666666665,0.0,0.0,0.0,0.0,1.9459101490553132,0.0,16.0,0.0,0.5,0.1,-0.5,0.5,0,1,0,0,20
Madera,Spring,2007,6,0,37.319486981666664,-119.64304196333335,0.125,0.0,0.0,0.0,0.0,1.9459101490553132,0.0,22.0,0.0,-2.0,-0.56,0.5,-0.5,0,1,0,0,20
Madera,Spring,2008,4,0,37.37472222,-119.6129861125,0.1,0.0,0.0,0.0,0.0,1.6094379124341003,0.0,28.0,0.0,-0.5,-0.37,-2.0,0.5,0,1,0,0,20
Madera,Spring,2009,2,0,37.3,-119.44111111000001,1.125,0.0,0.0,0.0,0.0,1.0986122886681098,0.0,32.0,0.0,1.0,0.45,-0.5,-2.0,0,1,0,0,20
Madera,Spring,2010,5,0,37.29416666,-119.53261119999999,0.322,0.0,0.0,0.0,0.0,1.791759469228055,0.0,34.0,0.0,-2.0,-1.05,1.0,-0.5,0,1,0,0,20
Madera,Spring,2011,68,0,37.036414029411766,-119.93274188235294,1.6923529411764706,0.0,0.0,0.0,0.0,4.23410650459726,0.0,39.0,0.0,-1.0,-0.43,-2.0,1.0,0,1,0,0,20
Madera,Spring,2012,58,0,37.11054437931035,-119.86352979517243,1.2112068965517242,0.0,0.0,0.0,0.0,4.07753744390572,0.0,107.0,0.0,0.0,0.3,-1.0,-2.0,0,1,0,0,20
Madera,Spring,2013,131,1,37.10596508984733,-119.91751191007633,7.6742748091603055,0.007633587786259542,0.0,0.0,0.0,4.882801922586371,0.0,165.0,0.0,0.0,-0.35,0.0,-1.0,0,1,0,0,20
Madera,Spring,2014,61,0,37.098820560983604,-119.88149880508197,1.1388524590163933,0.0,1.0,0.0,0.3333333333333333,4.127134385045092,1.0,296.0,0.0033783783783783786,0.5,0.1,0.0,0.0,0,1,0,0,20
Madera,Spring,2015,68,1,37.09213669117647,-119.9990363775,8.953529411764706,0.014705882352941176,0.0,1.0,0.3333333333333333,4.23410650459726,1.0,357.0,0.0028011204481792717,3.0,1.57,0.5,0.0,0,1,0,0,20
Madera,Summer,1998,4,1,38.355189082500004,-120.2448769175,2425.3,0.25,,,,1.6094379124341003,2.0,425.0,0.004705882352941176,-2.0,-0.78,3.0,0.0,0,0,1,0,20
Madera,Summer,1999,2,0,37.242954,-119.67235400000001,2.25,0.0,1.0,,1.0,1.0986122886681098,1.0,4.0,0.25,-2.0,-1.1,-2.0,3.0,0,0,1,0,20
Madera,Summer,2000,5,0,37.2152038,-119.67924000000001,1.7399999999999998,0.0,0.0,1.0,0.5,1.791759469228055,1.0,6.0,0.16666666666666666,-0.5,-0.55,-2.0,-2.0,0,0,1,0,20
Madera,Summer,2001,2,0,37.257464999999996,-119.662779,0.1,0.0,0.0,0.0,0.3333333333333333,1.0986122886681098,1.0,11.0,0.09090909090909091,0.0,-0.08,-0.5,-2.0,0,0,1,0,20
Madera,Summer,2002,6,0,37.2624845,-119.67823933333334,0.23333333333333336,0.0,0.0,0.0,0.0,1.9459101490553132,1.0,13.0,0.07692307692307693,1.0,0.79,0.0,-0.5,0,0,1,0,20
Madera,Summer,2003,6,0,37.150985,-119.66027633333334,1.0666666666666667,0.0,0.0,0.0,0.0,1.9459101490553132,1.0,19.0,0.05263157894736842,0.0,0.08,1.0,0.0,0,0,1,0,20
Madera,Summer,2004,5,0,37.20359620000001,-119.8017014,0.64,0.0,0.0,0.0,0.0,1.791759469228055,1.0,25.0,0.04,0.5,0.47,0.0,1.0,0,0,1,0,20
Madera,Summer,2005,7,1,37.192324142857146,-119.66998785714286,79.2,0.14285714285714285,0.0,0.0,0.0,2.0794415416798357,1.0,30.0,0.03333333333333333,-0.5,-0.06,0.5,0.0,0,0,1,0,20
Madera,Summer,2006,33,0,37.431054623939396,-119.40187962969698,0.6587878787878787,0.0,1.0,0.0,0.3333333333333333,3.5263605246161616,2.0,37.0,0.05405405405405406,0.5,0.1,-0.5,0.5,0,0,1,0,20
Madera,Summer,2007,31,0,37.392416039032256,-119.47233559096775,3.8506451612903225,0.0,0.0,1.0,0.3333333333333333,3.4657359027997265,2.0,70.0,0.02857142857142857,-2.0,-0.56,0.5,-0.5,0,0,1,0,20
Madera,Summer,2008,32,0,37.42348958375,-119.473993055,19.474062500000002,0.0,0.0,0.0,0.3333333333333333,3.4965075614664802,2.0,101.0,0.019801980198019802,-0.5,-0.37,-2.0,0.5,0,0,1,0,20
Madera,Summer,2009,13,0,37.363611110769234,-119.44649572538461,0.6115384615384616,0.0,0.0,0.0,0.0,2.6390573296152584,2.0,133.0,0.015037593984962405,1.0,0.45,-0.5,-2.0,0,0,1,0,20
Madera,Summer,2010,19,1,37.39460525263158,-119.43051173684212,25.38157894736842,0.05263157894736842,0.0,0.0,0.0,2.995732273553991,2.0,146.0,0.0136986301369863,-2.0,-1.05,1.0,-0.5,0,0,1,0,20
Madera,Summer,2011,115,0,37.057575104347826,-119.96008467826087,7.288347826086956,0.0,1.0,0.0,0.3333333333333333,4.7535901911063645,3.0,165.0,0.01818181818181818,-1.0,-0.43,-2.0,1.0,0,0,1,0,20
Madera,Summer,2012,121,0,37.14117757669422,-119.82549325710744,1.4845454545454546,0.0,0.0,1.0,0.3333333333333333,4.804021044733257,3.0,280.0,0.010714285714285714,0.0,0.3,-1.0,-2.0,0,0,1,0,20
Madera,Summer,2013,108,0,37.13331384166667,-119.89007742194444,3.425,0.0,0.0,0.0,0.3333333333333333,4.6913478822291435,3.0,401.0,0.007481296758104738,0.0,-0.35,0.0,-1.0,0,0,1,0,20
Madera,Summer,2014,81,3,37.224251700864194,-119.77121190382717,184.831975308642,0.037037037037037035,0.0,0.0,0.0,4.406719247264253,3.0,509.0,0.005893909626719057,0.5,0.1,0.0,0.0,0,0,1,0,20
Madera,Summer,2015,92,0,37.05018594326087,-119.96599315456523,1.7878260869565217,0.0,3.0,0.0,1.0,4.532599493153256,6.0,590.0,0.010169491525423728,3.0,1.57,0.5,0.0,0,0,1,0,20
Madera,Winter,1999,2,0,37.3447095,-119.65283450000001,0.2,0.0,,,,1.0986122886681098,6.0,682.0,0.008797653958944282,-2.0,-1.1,-2.0,3.0,1,0,0,0,20
Madera,Winter,2001,2,0,37.170396,-119.5842595,7.55,0.0,0.0,,0.0,1.0986122886681098,0.0,2.0,0.0,0.0,-0.08,-0.5,-2.0,1,0,0,0,20
Madera,Winter,2004,1,0,37.018011,-119.66705,0.1,0.0,0.0,0.0,0.0,0.6931471805599453,0.0,4.0,0.0,0.5,0.47,0.0,1.0,1,0,0,0,20
Madera,Winter,2006,2,0,37.296805559999996,-119.507638885,0.1,0.0,0.0,0.0,0.0,1.0986122886681098,0.0,5.0,0.0,0.5,0.1,-0.5,0.5,1,0,0,0,20
Madera,Winter,2007,4,0,37.3358784175,-119.67606599999999,0.1,0.0,0.0,0.0,0.0,1.6094379124341003,0.0,7.0,0.0,-2.0,-0.56,0.5,-0.5,1,0,0,0,20
Madera,Winter,2009,1,0,37.17666667,-119.43055556,0.01,0.0,0.0,0.0,0.0,0.6931471805599453,0.0,11.0,0.0,1.0,0.45,-0.5,-2.0,1,0,0,0,20
Madera,Winter,2010,1,0,37.1497222,-119.458611,0.1,0.0,0.0,0.0,0.0,0.6931471805599453,0.0,12.0,0.0,-2.0,-1.05,1.0,-0.5,1,0,0,0,20
Madera,Winter,2011,10,0,37.0050125,-120.04855010000001,0.45499999999999996,0.0,0.0,0.0,0.0,2.3978952727983707,0.0,13.0,0.0,-1.0,-0.43,-2.0,1.0,1,0,0,0,20
Madera,Winter,2012,22,0,37.04952252,-119.93232444454544,0.6736363636363637,0.0,0.0,0.0,0.0,3.1354942159291497,0.0,23.0,0.0,0.0,0.3,-1.0,-2.0,1,0,0,0,20
Madera,Winter,2013,10,0,37.073673400000004,-120.00136660000001,0.5730000000000001,0.0,0.0,0.0,0.0,2.3978952727983707,0.0,45.0,0.0,0.0,-0.35,0.0,-1.0,1,0,0,0,20
Madera,Winter,2014,19,0,37.22944960263158,-119.81809537999999,0.5905263157894737,0.0,0.0,0.0,0.0,2.995732273553991,0.0,55.0,0.0,0.5,0.1,0.0,0.0,1,0,0,0,20
Madera,Winter,2015,4,0,37.40048611,-119.615555555,1.275,0.0,0.0,0.0,0.0,1.6094379124341003,0.0,74.0,0.0,3.0,1.57,0.5,0.0,1,0,0,0,20
Marin,Fall,2008,1,1,37.874444,-122.4375,303.0,1.0,,,,0.6931471805599453,0.0,78.0,0.0,-0.5,-0.37,-2.0,0.5,0,0,0,1,21
Marin,Fall,2011,1,0,37.873067,-122.457104,0.1,0.0,1.0,,1.0,0.6931471805599453,1.0,1.0,1.0,-1.0,-0.43,-2.0,1.0,0,0,0,1,21
Marin,Fall,2013,2,0,38.028626,-122.50462350000001,0.1,0.0,0.0,1.0,0.5,1.0986122886681098,1.0,2.0,0.5,0.0,-0.35,0.0,-1.0,0,0,0,1,21
Marin,Fall,2014,1,0,38.086956,-122.559927,0.3,0.0,0.0,0.0,0.3333333333333333,0.6931471805599453,1.0,4.0,0.25,0.5,0.1,0.0,0.0,0,0,0,1,21
Marin,Fall,2015,1,0,37.965587,-122.613847,0.5,0.0,0.0,0.0,0.0,0.6931471805599453,1.0,5.0,0.2,3.0,1.57,0.5,0.0,0,0,0,1,21
Marin,Spring,2011,5,0,37.9861838,-122.53189440000001,0.632,0.0,,,,1.791759469228055,1.0,6.0,0.16666666666666666,-1.0,-0.43,-2.0,1.0,0,1,0,0,21
Marin,Spring,2013,18,0,38.01307905555555,-122.5343466111111,0.10222222222222223,0.0,0.0,,0.0,2.9444389791664403,0.0,5.0,0.0,0.0,-0.35,0.0,-1.0,0,1,0,0,21
Marin,Spring,2014,6,0,38.0082145,-122.60788600000001,0.20333333333333334,0.0,0.0,0.0,0.0,1.9459101490553132,0.0,23.0,0.0,0.5,0.1,0.0,0.0,0,1,0,0,21
Marin,Summer,2004,1,1,38.152222,-122.766667,360.0,1.0,,,,0.6931471805599453,0.0,29.0,0.0,0.5,0.47,0.0,1.0,0,0,1,0,21
Marin,Summer,2011,11,0,37.96840690909091,-122.54208636363637,0.7881818181818182,0.0,1.0,,1.0,2.4849066497880004,1.0,1.0,1.0,-1.0,-0.43,-2.0,1.0,0,0,1,0,21
Marin,Summer,2013,2,0,37.960376499999995,-122.508522,0.175,0.0,0.0,1.0,0.5,1.0986122886681098,1.0,12.0,0.08333333333333333,0.0,-0.35,0.0,-1.0,0,0,1,0,21
Marin,Summer,2014,2,0,37.957395500000004,-122.5133065,0.13,0.0,0.0,0.0,0.3333333333333333,1.0986122886681098,1.0,14.0,0.07142857142857142,0.5,0.1,0.0,0.0,0,0,1,0,21
Marin,Winter,2012,2,0,38.0409795,-122.56116650000001,0.6599999999999999,0.0,,,,1.0986122886681098,1.0,16.0,0.0625,0.0,0.3,-1.0,-2.0,1,0,0,0,21
Marin,Winter,2013,6,0,38.06813616666667,-122.53872,0.21666666666666667,0.0,0.0,,0.0,1.9459101490553132,0.0,2.0,0.0,0.0,-0.35,0.0,-1.0,1,0,0,0,21
Marin,Winter,2014,10,0,38.0409539,-122.6239499,2.033,0.0,0.0,0.0,0.0,2.3978952727983707,0.0,8.0,0.0,0.5,0.1,0.0,0.0,1,0,0,0,21
Mariposa,Fall,1998,1,0,37.571761,-119.9537,0.1,0.0,,,,0.6931471805599453,0.0,18.0,0.0,-2.0,-0.78,3.0,0.0,0,0,0,1,22
Mariposa,Fall,1999,6,0,37.635332,-120.114132,8.799999999999999,0.0,0.0,,0.0,1.9459101490553132,0.0,1.0,0.0,-2.0,-1.1,-2.0,3.0,0,0,0,1,22
Mariposa,Fall,2000,3,0,37.51772966666667,-120.0297,0.8666666666666667,0.0,0.0,0.0,0.0,1.3862943611198906,0.0,7.0,0.0,-0.5,-0.55,-2.0,-2.0,0,0,0,1,22
Mariposa,Fall,2001,2,0,37.54965,-119.933825,0.3,0.0,0.0,0.0,0.0,1.0986122886681098,0.0,10.0,0.0,0.0,-0.08,-0.5,-2.0,0,0,0,1,22
Mariposa,Fall,2002,3,0,37.522903,-119.89011033333333,0.6,0.0,0.0,0.0,0.0,1.3862943611198906,0.0,12.0,0.0,1.0,0.79,0.0,-0.5,0,0,0,1,22
Mariposa,Fall,2003,10,0,37.5673513,-120.073264,2.2600000000000002,0.0,0.0,0.0,0.0,2.3978952727983707,0.0,15.0,0.0,0.0,0.08,1.0,0.0,0,0,0,1,22
Mariposa,Fall,2005,4,0,37.537713249999996,-119.9702535,1.35,0.0,0.0,0.0,0.0,1.6094379124341003,0.0,25.0,0.0,-0.5,-0.06,0.5,0.0,0,0,0,1,22
Mariposa,Fall,2006,6,0,37.671851851666666,-119.980185185,4.251666666666667,0.0,0.0,0.0,0.0,1.9459101490553132,0.0,29.0,0.0,0.5,0.1,-0.5,0.5,0,0,0,1,22
Mariposa,Fall,2007,33,0,37.57554061242424,-119.91870087212122,7.143939393939394,0.0,0.0,0.0,0.0,3.5263605246161616,0.0,35.0,0.0,-2.0,-0.56,0.5,-0.5,0,0,0,1,22
Mariposa,Fall,2009,1,0,37.52805556,-119.82638889,0.01,0.0,0.0,0.0,0.0,0.6931471805599453,0.0,68.0,0.0,1.0,0.45,-0.5,-2.0,0,0,0,1,22
Mariposa,Fall,2010,1,0,37.7605556,-119.949722,0.1,0.0,0.0,0.0,0.0,0.6931471805599453,0.0,69.0,0.0,-2.0,-1.05,1.0,-0.5,0,0,0,1,22
Mariposa,Fall,2011,8,0,37.539324375,-120.01845825,0.5025000000000001,0.0,0.0,0.0,0.0,2.1972245773362196,0.0,70.0,0.0,-1.0,-0.43,-2.0,1.0,0,0,0,1,22
Mariposa,Fall,2012,11,0,37.57385629272727,-119.91514543363637,2.2736363636363635,0.0,0.0,0.0,0.0,2.4849066497880004,0.0,78.0,0.0,0.0,0.3,-1.0,-2.0,0,0,0,1,22
Mariposa,Fall,2013,10,0,37.586258266,-119.95489111100001,0.48,0.0,0.0,0.0,0.0,2.3978952727983707,0.0,89.0,0.0,0.0,-0.35,0.0,-1.0,0,0,0,1,22
Mariposa,Fall,2014,4,0,37.4553324175,-119.9264252775,0.64,0.0,0.0,0.0,0.0,1.6094379124341003,0.0,99.0,0.0,0.5,0.1,0.0,0.0,0,0,0,1,22
Mariposa,Fall,2015,6,0,37.5523635,-119.95682366666666,0.4083333333333334,0.0,0.0,0.0,0.0,1.9459101490553132,0.0,103.0,0.0,3.0,1.57,0.5,0.0,0,0,0,1,22
Mariposa,Spring,1999,9,0,37.568472111111106,-120.10694422222221,1.8444444444444446,0.0,,,,2.302585092994046,0.0,109.0,0.0,-2.0,-1.1,-2.0,3.0,0,1,0,0,22
Mariposa,Spring,2000,5,0,37.6535438,-120.2196178,1.6800000000000002,0.0,0.0,,0.0,1.791759469228055,0.0,9.0,0.0,-0.5,-0.55,-2.0,-2.0,0,1,0,0,22
Mariposa,Spring,2001,5,0,37.5509844,-120.0769978,0.28,0.0,0.0,0.0,0.0,1.791759469228055,0.0,14.0,0.0,0.0,-0.08,-0.5,-2.0,0,1,0,0,22
Mariposa,Spring,2002,6,0,37.52301433333333,-120.00723649999999,0.75,0.0,0.0,0.0,0.0,1.9459101490553132,0.0,19.0,0.0,1.0,0.79,0.0,-0.5,0,1,0,0,22
Mariposa,Spring,2004,4,0,37.648928,-120.08712225,0.15,0.0,0.0,0.0,0.0,1.6094379124341003,0.0,25.0,0.0,0.5,0.47,0.0,1.0,0,1,0,0,22
Mariposa,Spring,2005,5,0,37.597927799999994,-120.01164220000001,0.38,0.0,0.0,0.0,0.0,1.791759469228055,0.0,29.0,0.0,-0.5,-0.06,0.5,0.0,0,1,0,0,22
Mariposa,Spring,2006,5,0,37.637384044,-120.16333348799999,0.45999999999999996,0.0,0.0,0.0,0.0,1.791759469228055,0.0,34.0,0.0,0.5,0.1,-0.5,0.5,0,1,0,0,22
Mariposa,Spring,2007,9,0,37.59417043222223,-120.06267013555556,0.34444444444444444,0.0,0.0,0.0,0.0,2.302585092994046,0.0,39.0,0.0,-2.0,-0.56,0.5,-0.5,0,1,0,0,22
Mariposa,Spring,2008,4,0,37.5800694425,-119.8516666675,0.6000000000000001,0.0,0.0,0.0,0.0,1.6094379124341003,0.0,48.0,0.0,-0.5,-0.37,-2.0,0.5,0,1,0,0,22
Mariposa,Spring,2009,2,0,37.717083335,-120.067777775,2.5,0.0,0.0,0.0,0.0,1.0986122886681098,0.0,52.0,0.0,1.0,0.45,-0.5,-2.0,0,1,0,0,22
Mariposa,Spring,2010,2,0,37.70845,-120.23804999999999,0.75,0.0,0.0,0.0,0.0,1.0986122886681098,0.0,54.0,0.0,-2.0,-1.05,1.0,-0.5,0,1,0,0,22
Mariposa,Spring,2011,12,0,37.52835458333333,-120.03634491666666,0.41083333333333333,0.0,0.0,0.0,0.0,2.5649493574615367,0.0,56.0,0.0,-1.0,-0.43,-2.0,1.0,0,1,0,0,22
Mariposa,Spring,2012,11,1,37.51449118181818,-119.98010159636364,155.72545454545454,0.09090909090909091,0.0,0.0,0.0,2.4849066497880004,0.0,68.0,0.0,0.0,0.3,-1.0,-2.0,0,1,0,0,22
Mariposa,Spring,2013,12,1,37.6006912875,-120.07353246333334,148.85833333333332,0.08333333333333333,1.0,0.0,0.3333333333333333,2.5649493574615367,1.0,79.0,0.012658227848101266,0.0,-0.35,0.0,-1.0,0,1,0,0,22
Mariposa,Spring,2014,15,0,37.56015620733333,-120.01278183,13.426666666666668,0.0,1.0,1.0,0.6666666666666666,2.772588722239781,2.0,91.0,0.02197802197802198,0.5,0.1,0.0,0.0,0,1,0,0,22
Mariposa,Spring,2015,14,0,37.57464124571429,-120.02508139714284,2.7621428571428575,0.0,0.0,1.0,0.6666666666666666,2.70805020110221,2.0,106.0,0.018867924528301886,3.0,1.57,0.5,0.0,0,1,0,0,22
Mariposa,Summer,1998,9,0,37.57131322222222,-120.10235744444445,14.877777777777778,0.0,,,,2.302585092994046,2.0,120.0,0.016666666666666666,-2.0,-0.78,3.0,0.0,0,0,1,0,22
Mariposa,Summer,1999,12,1,37.63391683333333,-120.14587399999999,84.26666666666667,0.08333333333333333,0.0,,0.0,2.5649493574615367,0.0,9.0,0.0,-2.0,-1.1,-2.0,3.0,0,0,1,0,22
Mariposa,Summer,2000,18,2,37.552768444444446,-119.98975072222223,590.3555555555555,0.1111111111111111,1.0,0.0,0.5,2.9444389791664403,1.0,21.0,0.047619047619047616,-0.5,-0.55,-2.0,-2.0,0,0,1,0,22
Mariposa,Summer,2001,7,0,37.590393999999996,-119.98985028571428,15.157142857142858,0.0,2.0,1.0,1.0,2.0794415416798357,3.0,39.0,0.07692307692307693,0.0,-0.08,-0.5,-2.0,0,0,1,0,22
Mariposa,Summer,2002,8,0,37.560401375,-120.05199525,3.5375,0.0,0.0,2.0,1.0,2.1972245773362196,3.0,46.0,0.06521739130434782,1.0,0.79,0.0,-0.5,0,0,1,0,22
Mariposa,Summer,2003,14,0,37.60108471428571,-120.10683685714285,4.721428571428571,0.0,0.0,0.0,0.6666666666666666,2.70805020110221,3.0,54.0,0.05555555555555555,0.0,0.08,1.0,0.0,0,0,1,0,22
Mariposa,Summer,2004,6,0,37.601861500000005,-120.11202049999999,1.3166666666666667,0.0,0.0,0.0,0.0,1.9459101490553132,3.0,68.0,0.04411764705882353,0.5,0.47,0.0,1.0,0,0,1,0,22
Mariposa,Summer,2005,15,0,37.64070266666667,-120.12351246666667,17.88,0.0,0.0,0.0,0.0,2.772588722239781,3.0,74.0,0.04054054054054054,-0.5,-0.06,0.5,0.0,0,0,1,0,22
Mariposa,Summer,2006,18,0,37.67895735166667,-120.13530185166665,11.600555555555555,0.0,0.0,0.0,0.0,2.9444389791664403,3.0,89.0,0.033707865168539325,0.5,0.1,-0.5,0.5,0,0,1,0,22
Mariposa,Summer,2007,14,0,37.55998916642857,-119.99913359571428,3.528571428571429,0.0,0.0,0.0,0.0,2.70805020110221,3.0,107.0,0.028037383177570093,-2.0,-0.56,0.5,-0.5,0,0,1,0,22
Mariposa,Summer,2008,6,3,37.52560185166667,-119.77208333166668,6166.058333333333,0.5,0.0,0.0,0.0,1.9459101490553132,3.0,121.0,0.024793388429752067,-0.5,-0.37,-2.0,0.5,0,0,1,0,22
Mariposa,Summer,2009,8,0,37.6561388475,-120.04576113875,20.51375,0.0,3.0,0.0,1.0,2.1972245773362196,6.0,127.0,0.047244094488188976,1.0,0.45,-0.5,-2.0,0,0,1,0,22
Mariposa,Summer,2011,25,0,37.490936839999996,-120.02429936,4.6548,0.0,0.0,3.0,1.0,3.258096538021482,6.0,135.0,0.044444444444444446,-1.0,-0.43,-2.0,1.0,0,0,1,0,22
Mariposa,Summer,2012,18,0,37.56698633333333,-120.12794872222223,1.6127777777777779,0.0,0.0,0.0,1.0,2.9444389791664403,6.0,160.0,0.0375,0.0,0.3,-1.0,-2.0,0,0,1,0,22
Mariposa,Summer,2013,19,0,37.52175714052632,-119.9936217073684,2.2247368421052633,0.0,0.0,0.0,0.0,2.995732273553991,6.0,178.0,0.033707865168539325,0.0,-0.35,0.0,-1.0,0,0,1,0,22
Mariposa,Summer,2014,13,0,37.53180925615384,-120.09112729076924,8.176923076923076,0.0,0.0,0.0,0.0,2.6390573296152584,6.0,197.0,0.030456852791878174,0.5,0.1,0.0,0.0,0,0,1,0,22
Mariposa,Summer,2015,17,0,37.56515813058824,-120.00181930705882,0.7670588235294118,0.0,0.0,0.0,0.0,2.8903717578961645,6.0,210.0,0.02857142857142857,3.0,1.57,0.5,0.0,0,0,1,0,22
Mariposa,Winter,2002,1,0,37.6169,-120.1444,2.0,0.0,,,,0.6931471805599453,6.0,227.0,0.02643171806167401,1.0,0.79,0.0,-0.5,1,0,0,0,22
Mariposa,Winter,2006,1,0,37.81305556,-120.06527778,5.5,0.0,0.0,,0.0,0.6931471805599453,0.0,1.0,0.0,0.5,0.1,-0.5,0.5,1,0,0,0,22
Mariposa,Winter,2007,6,0,37.58657914666667,-119.91041664666666,0.30833333333333335,0.0,0.0,0.0,0.0,1.9459101490553132,0.0,2.0,0.0,-2.0,-0.56,0.5,-0.5,1,0,0,0,22
Mariposa,Winter,2011,3,0,37.568098666666664,-120.01051233333334,0.37000000000000005,0.0,0.0,0.0,0.0,1.3862943611198906,0.0,8.0,0.0,-1.0,-0.43,-2.0,1.0,1,0,0,0,22
Mariposa,Winter,2012,12,0,37.52697058333333,-119.98388666666666,1.1208333333333333,0.0,0.0,0.0,0.0,2.5649493574615367,0.0,11.0,0.0,0.0,0.3,-1.0,-2.0,1,0,0,0,22
Mariposa,Winter,2013,1,0,37.60555556,-119.875,5.6,0.0,0.0,0.0,0.0,0.6931471805599453,0.0,23.0,0.0,0.0,-0.35,0.0,-1.0,1,0,0,0,22
Mariposa,Winter,2014,6,0,37.58735463,-119.95037696333333,4.166666666666667,0.0,0.0,0.0,0.0,1.9459101490553132,0.0,24.0,0.0,0.5,0.1,0.0,0.0,1,0,0,0,22
Mendocino,Fall,1998,4,0,39.46497475,-123.572373,1.8,0.0,,,,1.6094379124341003,0.0,30.0,0.0,-2.0,-0.78,3.0,0.0,0,0,0,1,23
Mendocino,Fall,1999,6,0,39.05243016666667,-123.57809300000001,0.4166666666666667,0.0,0.0,,0.0,1.9459101490553132,0.0,4.0,0.0,-2.0,-1.1,-2.0,3.0,0,0,0,1,23
Mendocino,Fall,2000,3,0,39.54328733333333,-123.50768033333334,1.9333333333333333,0.0,0.0,0.0,0.0,1.3862943611198906,0.0,10.0,0.0,-0.5,-0.55,-2.0,-2.0,0,0,0,1,23
Mendocino,Fall,2001,3,0,39.196509,-123.30027033333333,1.8333333333333333,0.0,0.0,0.0,0.0,1.3862943611198906,0.0,13.0,0.0,0.0,-0.08,-0.5,-2.0,0,0,0,1,23
Mendocino,Fall,2002,7,1,39.30905785714286,-123.27863457142858,175.87142857142857,0.14285714285714285,0.0,0.0,0.0,2.0794415416798357,0.0,16.0,0.0,1.0,0.79,0.0,-0.5,0,0,0,1,23
Mendocino,Fall,2003,3,0,39.439264,-123.339427,0.2333333333333333,0.0,1.0,0.0,0.3333333333333333,1.3862943611198906,1.0,23.0,0.043478260869565216,0.0,0.08,1.0,0.0,0,0,0,1,23
Mendocino,Fall,2004,7,0,39.16216985714285,-123.42506728571428,0.5285714285714286,0.0,0.0,1.0,0.3333333333333333,2.0794415416798357,1.0,26.0,0.038461538461538464,0.5,0.47,0.0,1.0,0,0,0,1,23
Mendocino,Fall,2005,9,0,39.44095155555556,-123.44071566666668,1.8333333333333333,0.0,0.0,0.0,0.3333333333333333,2.302585092994046,1.0,33.0,0.030303030303030304,-0.5,-0.06,0.5,0.0,0,0,0,1,23
Mendocino,Fall,2006,7,1,39.69685833285714,-123.51428746,145.14285714285714,0.14285714285714285,0.0,0.0,0.0,2.0794415416798357,1.0,42.0,0.023809523809523808,0.5,0.1,-0.5,0.5,0,0,0,1,23
Mendocino,Fall,2007,9,0,39.18583077777778,-123.71399200000002,0.8999999999999999,0.0,1.0,0.0,0.3333333333333333,2.302585092994046,2.0,49.0,0.04081632653061224,-2.0,-0.56,0.5,-0.5,0,0,0,1,23
Mendocino,Fall,2010,1,0,39.6086111,-122.98,0.25,0.0,0.0,1.0,0.3333333333333333,0.6931471805599453,2.0,58.0,0.034482758620689655,-2.0,-1.05,1.0,-0.5,0,0,0,1,23
Mendocino,Fall,2011,21,0,39.319027142857145,-123.36129223809523,1.0542857142857143,0.0,0.0,0.0,0.3333333333333333,3.091042453358316,2.0,59.0,0.03389830508474576,-1.0,-0.43,-2.0,1.0,0,0,0,1,23
Mendocino,Fall,2012,14,0,39.318017499999996,-123.44564371428571,0.25357142857142856,0.0,0.0,0.0,0.0,2.70805020110221,2.0,80.0,0.025,0.0,0.3,-1.0,-2.0,0,0,0,1,23
Mendocino,Fall,2013,33,0,39.320923575757575,-123.37249993939393,1.406060606060606,0.0,0.0,0.0,0.0,3.5263605246161616,2.0,94.0,0.02127659574468085,0.0,-0.35,0.0,-1.0,0,0,0,1,23
Mendocino,Fall,2014,7,0,39.25885628571429,-123.38621042857143,0.15857142857142856,0.0,0.0,0.0,0.0,2.0794415416798357,2.0,127.0,0.015748031496062992,0.5,0.1,0.0,0.0,0,0,0,1,23
Mendocino,Fall,2015,26,0,39.38707526923077,-123.48687630769231,0.6503846153846153,0.0,0.0,0.0,0.0,3.295836866004329,2.0,134.0,0.014925373134328358,3.0,1.57,0.5,0.0,0,0,0,1,23
Mendocino,Spring,1998,2,0,39.192496,-123.6696945,0.1,0.0,,,,1.0986122886681098,2.0,160.0,0.0125,-2.0,-0.78,3.0,0.0,0,1,0,0,23
Mendocino,Spring,1999,6,0,39.560003333333334,-123.17377516666666,0.2333333333333333,0.0,0.0,,0.0,1.9459101490553132,0.0,2.0,0.0,-2.0,-1.1,-2.0,3.0,0,1,0,0,23
Mendocino,Spring,2000,7,0,39.24016785714286,-123.50270285714285,0.6142857142857142,0.0,0.0,0.0,0.0,2.0794415416798357,0.0,8.0,0.0,-0.5,-0.55,-2.0,-2.0,0,1,0,0,23
Mendocino,Spring,2001,11,0,39.18887563636363,-123.42595572727272,1.518181818181818,0.0,0.0,0.0,0.0,2.4849066497880004,0.0,15.0,0.0,0.0,-0.08,-0.5,-2.0,0,1,0,0,23
Mendocino,Spring,2002,5,0,39.3621316,-123.3184504,0.56,0.0,0.0,0.0,0.0,1.791759469228055,0.0,26.0,0.0,1.0,0.79,0.0,-0.5,0,1,0,0,23
Mendocino,Spring,2003,1,0,39.312139,-123.345039,1.0,0.0,0.0,0.0,0.0,0.6931471805599453,0.0,31.0,0.0,0.0,0.08,1.0,0.0,0,1,0,0,23
Mendocino,Spring,2004,5,0,39.3062484,-123.364735,0.13999999999999999,0.0,0.0,0.0,0.0,1.791759469228055,0.0,32.0,0.0,0.5,0.47,0.0,1.0,0,1,0,0,23
Mendocino,Spring,2006,6,0,39.563030833333336,-122.99079066666667,0.19999999999999998,0.0,0.0,0.0,0.0,1.9459101490553132,0.0,37.0,0.0,0.5,0.1,-0.5,0.5,0,1,0,0,23
Mendocino,Spring,2007,16,0,39.4211633125,-123.5388271875,0.5875,0.0,0.0,0.0,0.0,2.833213344056216,0.0,43.0,0.0,-2.0,-0.56,0.5,-0.5,0,1,0,0,23
Mendocino,Spring,2008,2,0,39.4344,-123.2611,0.25,0.0,0.0,0.0,0.0,1.0986122886681098,0.0,59.0,0.0,-0.5,-0.37,-2.0,0.5,0,1,0,0,23
Mendocino,Spring,2009,1,0,39.93194444,-123.06638889,0.09,0.0,0.0,0.0,0.0,0.6931471805599453,0.0,61.0,0.0,1.0,0.45,-0.5,-2.0,0,1,0,0,23
Mendocino,Spring,2011,14,0,39.35153557142858,-123.4628182142857,0.6335714285714286,0.0,0.0,0.0,0.0,2.70805020110221,0.0,62.0,0.0,-1.0,-0.43,-2.0,1.0,0,1,0,0,23
Mendocino,Spring,2012,21,0,39.31856880952381,-123.39072300000001,3.162857142857143,0.0,0.0,0.0,0.0,3.091042453358316,0.0,76.0,0.0,0.0,0.3,-1.0,-2.0,0,1,0,0,23
Mendocino,Spring,2013,37,1,39.31418964864865,-123.43952794594595,8.936756756756758,0.02702702702702703,0.0,0.0,0.0,3.6375861597263857,0.0,97.0,0.0,0.0,-0.35,0.0,-1.0,0,1,0,0,23
Mendocino,Spring,2014,22,0,39.31647313136364,-123.4400750959091,1.710909090909091,0.0,1.0,0.0,0.3333333333333333,3.1354942159291497,1.0,134.0,0.007462686567164179,0.5,0.1,0.0,0.0,0,1,0,0,23
Mendocino,Spring,2015,47,0,39.34867843744681,-123.4506596287234,8.877021276595745,0.0,0.0,1.0,0.3333333333333333,3.871201010907891,1.0,156.0,0.00641025641025641,3.0,1.57,0.5,0.0,0,1,0,0,23
Mendocino,Summer,1998,12,0,39.459990166666664,-123.36091108333333,1.1583333333333334,0.0,,,,2.5649493574615367,1.0,203.0,0.0049261083743842365,-2.0,-0.78,3.0,0.0,0,0,1,0,23
Mendocino,Summer,1999,14,0,39.26472,-123.49775771428573,0.17857142857142858,0.0,0.0,,0.0,2.70805020110221,0.0,12.0,0.0,-2.0,-1.1,-2.0,3.0,0,0,1,0,23
Mendocino,Summer,2000,16,0,39.4508279375,-123.516899125,1.2375,0.0,0.0,0.0,0.0,2.833213344056216,0.0,26.0,0.0,-0.5,-0.55,-2.0,-2.0,0,0,1,0,23
Mendocino,Summer,2001,13,0,39.233939692307686,-123.26952615384616,5.199999999999999,0.0,0.0,0.0,0.0,2.6390573296152584,0.0,42.0,0.0,0.0,-0.08,-0.5,-2.0,0,0,1,0,23
Mendocino,Summer,2002,7,1,39.31942328571428,-123.35130157142858,69.57142857142857,0.14285714285714285,0.0,0.0,0.0,2.0794415416798357,0.0,55.0,0.0,1.0,0.79,0.0,-0.5,0,0,1,0,23
Mendocino,Summer,2003,38,0,39.41302726315789,-123.45707707894738,3.9078947368421053,0.0,1.0,0.0,0.3333333333333333,3.6635616461296463,1.0,62.0,0.016129032258064516,0.0,0.08,1.0,0.0,0,0,1,0,23
Mendocino,Summer,2004,18,0,39.35099211111111,-123.32778100000002,7.3500000000000005,0.0,0.0,1.0,0.3333333333333333,2.9444389791664403,1.0,100.0,0.01,0.5,0.47,0.0,1.0,0,0,1,0,23
Mendocino,Summer,2005,3,0,39.231127,-123.57411666666667,0.10000000000000002,0.0,0.0,0.0,0.3333333333333333,1.3862943611198906,1.0,118.0,0.00847457627118644,-0.5,-0.06,0.5,0.0,0,0,1,0,23
Mendocino,Summer,2006,18,1,39.38422408666666,-123.46692123444444,906.6555555555556,0.05555555555555555,0.0,0.0,0.0,2.9444389791664403,1.0,121.0,0.008264462809917356,0.5,0.1,-0.5,0.5,0,0,1,0,23
Mendocino,Summer,2007,31,1,39.47123436225806,-123.54860230451612,14.63258064516129,0.03225806451612903,1.0,0.0,0.3333333333333333,3.4657359027997265,2.0,139.0,0.014388489208633094,-2.0,-0.56,0.5,-0.5,0,0,1,0,23
Mendocino,Summer,2008,8,2,39.73895694375,-123.33058611,640.3375,0.25,1.0,1.0,0.6666666666666666,2.1972245773362196,3.0,170.0,0.01764705882352941,-0.5,-0.37,-2.0,0.5,0,0,1,0,23
Mendocino,Summer,2011,83,0,39.355109036144576,-123.40244604819277,1.4604819277108434,0.0,2.0,1.0,1.3333333333333333,4.430816798843313,5.0,178.0,0.028089887640449437,-1.0,-0.43,-2.0,1.0,0,0,1,0,23
Mendocino,Summer,2012,53,2,39.363989536603775,-123.44235773377359,802.2320754716982,0.03773584905660377,0.0,2.0,1.0,3.9889840465642745,5.0,261.0,0.019157088122605363,0.0,0.3,-1.0,-2.0,0,0,1,0,23
Mendocino,Summer,2013,73,0,39.433660303013696,-123.3840125389041,2.8463013698630135,0.0,2.0,0.0,1.3333333333333333,4.30406509320417,7.0,314.0,0.022292993630573247,0.0,-0.35,0.0,-1.0,0,0,1,0,23
Mendocino,Summer,2014,63,0,39.47829261904762,-123.42717407936507,1.9401587301587302,0.0,0.0,2.0,0.6666666666666666,4.1588830833596715,7.0,387.0,0.01808785529715762,0.5,0.1,0.0,0.0,0,0,1,0,23
Mendocino,Summer,2015,54,0,39.41267425925926,-123.41013457,1.766851851851852,0.0,0.0,0.0,0.6666666666666666,4.007333185232471,7.0,450.0,0.015555555555555555,3.0,1.57,0.5,0.0,0,0,1,0,23
Mendocino,Winter,1999,3,0,39.41579633333333,-123.57792666666667,7.666666666666667,0.0,,,,1.3862943611198906,7.0,504.0,0.013888888888888888,-2.0,-1.1,-2.0,3.0,1,0,0,0,23
Mendocino,Winter,2007,2,0,39.1262845,-123.386143,0.55,0.0,0.0,,0.0,1.0986122886681098,0.0,3.0,0.0,-2.0,-0.56,0.5,-0.5,1,0,0,0,23
Mendocino,Winter,2011,5,0,39.5188364,-123.6286236,0.8099999999999999,0.0,0.0,0.0,0.0,1.791759469228055,0.0,5.0,0.0,-1.0,-0.43,-2.0,1.0,1,0,0,0,23
Mendocino,Winter,2012,8,0,39.453232570000004,-123.29903693,1.50625,0.0,0.0,0.0,0.0,2.1972245773362196,0.0,10.0,0.0,0.0,0.3,-1.0,-2.0,1,0,0,0,23
Mendocino,Winter,2013,8,0,39.331402,-123.318559,14.4625,0.0,0.0,0.0,0.0,2.1972245773362196,0.0,18.0,0.0,0.0,-0.35,0.0,-1.0,1,0,0,0,23
Mendocino,Winter,2014,12,0,39.515568,-123.35765691666666,0.875,0.0,0.0,0.0,0.0,2.5649493574615367,0.0,26.0,0.0,0.5,0.1,0.0,0.0,1,0,0,0,23
Mendocino,Winter,2015,3,0,39.677616,-123.452521,1.6666666666666667,0.0,0.0,0.0,0.0,1.3862943611198906,0.0,38.0,0.0,3.0,1.57,0.5,0.0,1,0,0,0,23
Merced,Fall,1999,1,0,36.8721,-120.789981,5.0,0.0,,,,0.6931471805599453,0.0,41.0,0.0,-2.0,-1.1,-2.0,3.0,0,0,0,1,24
Merced,Fall,2003,1,0,36.886689,-120.809931,0.2,0.0,0.0,,0.0,0.6931471805599453,0.0,1.0,0.0,0.0,0.08,1.0,0.0,0,0,0,1,24
Merced,Fall,2005,1,0,36.886689,-120.809931,270.0,0.0,0.0,0.0,0.0,0.6931471805599453,0.0,2.0,0.0,-0.5,-0.06,0.5,0.0,0,0,0,1,24
Merced,Fall,2011,38,0,37.19866897368421,-120.6785542894737,1.0513157894736842,0.0,0.0,0.0,0.0,3.6635616461296463,0.0,3.0,0.0,-1.0,-0.43,-2.0,1.0,0,0,0,1,24
Merced,Fall,2012,33,0,37.268000848484846,-120.63452036363636,0.7833333333333333,0.0,0.0,0.0,0.0,3.5263605246161616,0.0,41.0,0.0,0.0,0.3,-1.0,-2.0,0,0,0,1,24
Merced,Fall,2013,45,0,37.27636169866667,-120.72426490133334,3.506666666666667,0.0,0.0,0.0,0.0,3.828641396489095,0.0,74.0,0.0,0.0,-0.35,0.0,-1.0,0,0,0,1,24
Merced,Fall,2014,25,0,37.26120352,-120.67780332000001,1.4668,0.0,0.0,0.0,0.0,3.258096538021482,0.0,119.0,0.0,0.5,0.1,0.0,0.0,0,0,0,1,24
Merced,Fall,2015,50,0,37.27343398,-120.68530598,1.9995999999999998,0.0,0.0,0.0,0.0,3.9318256327243257,0.0,144.0,0.0,3.0,1.57,0.5,0.0,0,0,0,1,24
Merced,Spring,2011,99,0,37.28217483838384,-120.67129696969697,3.008585858585859,0.0,,,,4.605170185988092,0.0,194.0,0.0,-1.0,-0.43,-2.0,1.0,0,1,0,0,24
Merced,Spring,2012,74,1,37.27030594594595,-120.66927701351351,5.739324324324324,0.013513513513513514,0.0,,0.0,4.31748811353631,0.0,99.0,0.0,0.0,0.3,-1.0,-2.0,0,1,0,0,24
Merced,Spring,2013,143,1,37.30799344993007,-120.6319904195804,6.514335664335664,0.006993006993006993,1.0,0.0,0.5,4.969813299576001,1.0,173.0,0.005780346820809248,0.0,-0.35,0.0,-1.0,0,1,0,0,24
Merced,Spring,2014,75,1,37.279218799999995,-120.6616944,6.374533333333334,0.013333333333333334,1.0,1.0,0.6666666666666666,4.330733340286331,2.0,316.0,0.006329113924050633,0.5,0.1,0.0,0.0,0,1,0,0,24
Merced,Spring,2015,101,1,37.272533633663365,-120.63922178217823,4.792475247524752,0.009900990099009901,1.0,1.0,1.0,4.624972813284271,3.0,391.0,0.0076726342710997444,3.0,1.57,0.5,0.0,0,1,0,0,24
Merced,Summer,2001,1,0,36.8721,-120.789981,0.2,0.0,,,,0.6931471805599453,4.0,492.0,0.008130081300813009,0.0,-0.08,-0.5,-2.0,0,0,1,0,24
Merced,Summer,2005,1,1,36.8721,-120.789981,447.0,1.0,0.0,,0.0,0.6931471805599453,0.0,1.0,0.0,-0.5,-0.06,0.5,0.0,0,0,1,0,24
Merced,Summer,2006,2,0,36.8468735,-120.87666949999999,10.5,0.0,1.0,0.0,0.5,1.0986122886681098,1.0,2.0,0.5,0.5,0.1,-0.5,0.5,0,0,1,0,24
Merced,Summer,2011,119,1,37.2629230420168,-120.65192784873949,8.085966386554622,0.008403361344537815,0.0,1.0,0.3333333333333333,4.787491742782046,1.0,4.0,0.25,-1.0,-0.43,-2.0,1.0,0,0,1,0,24
Merced,Summer,2012,76,0,37.276346184210524,-120.6138975,2.2221052631578946,0.0,1.0,0.0,0.6666666666666666,4.343805421853684,2.0,123.0,0.016260162601626018,0.0,0.3,-1.0,-2.0,0,0,1,0,24
Merced,Summer,2013,105,0,37.26891671961904,-120.65389209942857,2.185047619047619,0.0,0.0,1.0,0.3333333333333333,4.663439094112067,2.0,199.0,0.010050251256281407,0.0,-0.35,0.0,-1.0,0,0,1,0,24
Merced,Summer,2014,76,2,37.3017002631579,-120.69586724999999,26.60394736842105,0.02631578947368421,0.0,0.0,0.3333333333333333,4.343805421853684,2.0,304.0,0.006578947368421052,0.5,0.1,0.0,0.0,0,0,1,0,24
Merced,Summer,2015,119,2,37.280261411764705,-120.65857878991598,27.509159663865546,0.01680672268907563,2.0,0.0,0.6666666666666666,4.787491742782046,4.0,380.0,0.010526315789473684,3.0,1.57,0.5,0.0,0,0,1,0,24
Merced,Winter,2007,1,0,36.893747,-120.798339,0.1,0.0,,,,0.6931471805599453,6.0,499.0,0.012024048096192385,-2.0,-0.56,0.5,-0.5,1,0,0,0,24
Merced,Winter,2011,8,0,37.272038625,-120.687278375,5.10125,0.0,0.0,,0.0,2.1972245773362196,0.0,1.0,0.0,-1.0,-0.43,-2.0,1.0,1,0,0,0,24
Merced,Winter,2012,28,0,37.301601285714284,-120.67984107142857,0.7575000000000001,0.0,0.0,0.0,0.0,3.367295829986474,0.0,9.0,0.0,0.0,0.3,-1.0,-2.0,1,0,0,0,24
Merced,Winter,2013,28,0,37.273604944285715,-120.62983138892857,3.8789285714285713,0.0,0.0,0.0,0.0,3.367295829986474,0.0,37.0,0.0,0.0,-0.35,0.0,-1.0,1,0,0,0,24
Merced,Winter,2014,19,0,37.21942642105263,-120.53514731578946,2.467368421052632,0.0,0.0,0.0,0.0,2.995732273553991,0.0,65.0,0.0,0.5,0.1,0.0,0.0,1,0,0,0,24
Merced,Winter,2015,1,0,37.192558,-120.824639,0.1,0.0,0.0,0.0,0.0,0.6931471805599453,0.0,84.0,0.0,3.0,1.57,0.5,0.0,1,0,0,0,24
Modoc,Fall,1997,1,0,41.204331,-120.9422,1.0,0.0,,,,0.6931471805599453,0.0,85.0,0.0,3.0,1.6,0.0,-1.0,0,0,0,1,25
Modoc,Fall,1998,1,0,41.406819,-120.669031,0.1,0.0,0.0,,0.0,0.6931471805599453,0.0,1.0,0.0,-2.0,-0.78,3.0,0.0,0,0,0,1,25
Modoc,Fall,1999,7,1,41.41271428571429,-120.65690900000001,455.90000000000003,0.14285714285714285,0.0,0.0,0.0,2.0794415416798357,0.0,2.0,0.0,-2.0,-1.1,-2.0,3.0,0,0,0,1,25
Modoc,Fall,2000,1,0,41.5649,-120.1744,0.1,0.0,1.0,0.0,0.3333333333333333,0.6931471805599453,1.0,9.0,0.1111111111111111,-0.5,-0.55,-2.0,-2.0,0,0,0,1,25
Modoc,Fall,2003,3,0,41.484423,-120.33528333333334,7.666666666666667,0.0,0.0,1.0,0.3333333333333333,1.3862943611198906,1.0,10.0,0.1,0.0,0.08,1.0,0.0,0,0,0,1,25
Modoc,Fall,2004,1,0,41.537919,-120.554139,5.0,0.0,0.0,0.0,0.3333333333333333,0.6931471805599453,1.0,13.0,0.07692307692307693,0.5,0.47,0.0,1.0,0,0,0,1,25
Modoc,Fall,2005,1,0,41.2767,-120.5017,2.0,0.0,0.0,0.0,0.0,0.6931471805599453,1.0,14.0,0.07142857142857142,-0.5,-0.06,0.5,0.0,0,0,0,1,25
Modoc,Fall,2006,14,0,41.65617222142857,-120.61684365071429,4.357142857142857,0.0,0.0,0.0,0.0,2.70805020110221,1.0,15.0,0.06666666666666667,0.5,0.1,-0.5,0.5,0,0,0,1,25
Modoc,Fall,2007,10,0,41.549484211999996,-120.70961641,7.01,0.0,0.0,0.0,0.0,2.3978952727983707,1.0,29.0,0.034482758620689655,-2.0,-0.56,0.5,-0.5,0,0,0,1,25
Modoc,Fall,2008,13,0,41.534018888461546,-121.03485931538461,0.4346153846153846,0.0,0.0,0.0,0.0,2.6390573296152584,1.0,39.0,0.02564102564102564,-0.5,-0.37,-2.0,0.5,0,0,0,1,25
Modoc,Fall,2009,4,0,41.50736111,-120.3229333325,0.575,0.0,0.0,0.0,0.0,1.6094379124341003,1.0,52.0,0.019230769230769232,1.0,0.45,-0.5,-2.0,0,0,0,1,25
Modoc,Fall,2010,2,0,41.2252778,-120.91722250000001,0.1,0.0,0.0,0.0,0.0,1.0986122886681098,1.0,56.0,0.017857142857142856,-2.0,-1.05,1.0,-0.5,0,0,0,1,25
Modoc,Fall,2011,4,0,41.42939825,-120.84443725,3.79,0.0,0.0,0.0,0.0,1.6094379124341003,1.0,58.0,0.017241379310344827,-1.0,-0.43,-2.0,1.0,0,0,0,1,25
Modoc,Fall,2012,6,0,41.59386766666667,-120.95526368666667,26.208333333333332,0.0,0.0,0.0,0.0,1.9459101490553132,1.0,62.0,0.016129032258064516,0.0,0.3,-1.0,-2.0,0,0,0,1,25
Modoc,Fall,2013,5,0,41.353867776,-120.847096734,0.44000000000000006,0.0,0.0,0.0,0.0,1.791759469228055,1.0,68.0,0.014705882352941176,0.0,-0.35,0.0,-1.0,0,0,0,1,25
Modoc,Spring,1997,2,0,41.493831,-120.687761,0.1,0.0,,,,1.0986122886681098,1.0,73.0,0.0136986301369863,3.0,1.6,0.0,-1.0,0,1,0,0,25
Modoc,Spring,1998,1,0,41.522461,-120.3989,0.5,0.0,0.0,,0.0,0.6931471805599453,0.0,2.0,0.0,-2.0,-0.78,3.0,0.0,0,1,0,0,25
Modoc,Spring,1999,3,0,41.30090666666667,-120.92764733333333,0.8666666666666667,0.0,0.0,0.0,0.0,1.3862943611198906,0.0,3.0,0.0,-2.0,-1.1,-2.0,3.0,0,1,0,0,25
Modoc,Spring,2000,1,0,41.8699,-120.1627,1.0,0.0,0.0,0.0,0.0,0.6931471805599453,0.0,6.0,0.0,-0.5,-0.55,-2.0,-2.0,0,1,0,0,25
Modoc,Spring,2001,3,1,41.3336,-120.67483633333335,130.06666666666666,0.3333333333333333,0.0,0.0,0.0,1.3862943611198906,0.0,7.0,0.0,0.0,-0.08,-0.5,-2.0,0,1,0,0,25
Modoc,Spring,2002,1,0,41.2899,-120.5044,0.1,0.0,1.0,0.0,0.3333333333333333,0.6931471805599453,1.0,10.0,0.1,1.0,0.79,0.0,-0.5,0,1,0,0,25
Modoc,Spring,2003,2,0,41.2463345,-120.5716305,0.1,0.0,0.0,1.0,0.3333333333333333,1.0986122886681098,1.0,11.0,0.09090909090909091,0.0,0.08,1.0,0.0,0,1,0,0,25
Modoc,Spring,2004,3,0,41.67033333333333,-120.30226666666665,0.16666666666666666,0.0,0.0,0.0,0.3333333333333333,1.3862943611198906,1.0,13.0,0.07692307692307693,0.5,0.47,0.0,1.0,0,1,0,0,25
Modoc,Spring,2006,5,0,41.65102549,-120.647078334,0.7100000000000001,0.0,0.0,0.0,0.0,1.791759469228055,1.0,16.0,0.0625,0.5,0.1,-0.5,0.5,0,1,0,0,25
Modoc,Spring,2007,19,0,41.557533081578946,-120.83703181210527,2.7736842105263158,0.0,0.0,0.0,0.0,2.995732273553991,1.0,21.0,0.047619047619047616,-2.0,-0.56,0.5,-0.5,0,1,0,0,25
Modoc,Spring,2008,5,0,41.505555556000004,-120.94078222200001,1.26,0.0,0.0,0.0,0.0,1.791759469228055,1.0,40.0,0.025,-0.5,-0.37,-2.0,0.5,0,1,0,0,25
Modoc,Spring,2009,19,0,41.51312046789474,-120.87622456052632,0.10789473684210528,0.0,0.0,0.0,0.0,2.995732273553991,1.0,45.0,0.022222222222222223,1.0,0.45,-0.5,-2.0,0,1,0,0,25
Modoc,Spring,2011,2,0,41.3986,-120.3296,0.2,0.0,0.0,0.0,0.0,1.0986122886681098,1.0,64.0,0.015625,-1.0,-0.43,-2.0,1.0,0,1,0,0,25
Modoc,Spring,2012,11,0,41.508800382727266,-120.62401512272727,0.7227272727272728,0.0,0.0,0.0,0.0,2.4849066497880004,1.0,66.0,0.015151515151515152,0.0,0.3,-1.0,-2.0,0,1,0,0,25
Modoc,Spring,2013,16,0,41.52232743125,-120.96105138875,0.6325,0.0,0.0,0.0,0.0,2.833213344056216,1.0,77.0,0.012987012987012988,0.0,-0.35,0.0,-1.0,0,1,0,0,25
Modoc,Spring,2014,9,0,41.57598395111111,-120.89614444444445,5.138888888888889,0.0,0.0,0.0,0.0,2.302585092994046,1.0,93.0,0.010752688172043012,0.5,0.1,0.0,0.0,0,1,0,0,25
Modoc,Spring,2015,23,0,41.51030197521739,-121.07337462391305,0.6469565217391304,0.0,0.0,0.0,0.0,3.1780538303479458,1.0,102.0,0.00980392156862745,3.0,1.57,0.5,0.0,0,1,0,0,25
Modoc,Summer,1997,3,0,41.40739,-120.79821666666668,0.7666666666666666,0.0,,,,1.3862943611198906,1.0,125.0,0.008,3.0,1.6,0.0,-1.0,0,0,1,0,25
Modoc,Summer,1998,13,0,41.48949092307692,-120.63896523076923,3.207692307692308,0.0,0.0,,0.0,2.6390573296152584,0.0,3.0,0.0,-2.0,-0.78,3.0,0.0,0,0,1,0,25
Modoc,Summer,1999,21,1,41.39882424857143,-120.70857629095238,32.67619047619048,0.047619047619047616,0.0,0.0,0.0,3.091042453358316,0.0,16.0,0.0,-2.0,-1.1,-2.0,3.0,0,0,1,0,25
Modoc,Summer,2000,7,0,41.321106,-120.401346,10.314285714285715,0.0,1.0,0.0,0.3333333333333333,2.0794415416798357,1.0,37.0,0.02702702702702703,-0.5,-0.55,-2.0,-2.0,0,0,1,0,25
Modoc,Summer,2001,28,1,41.477304714285715,-120.51153817857143,31.964285714285715,0.03571428571428571,0.0,1.0,0.3333333333333333,3.367295829986474,1.0,44.0,0.022727272727272728,0.0,-0.08,-0.5,-2.0,0,0,1,0,25
Modoc,Summer,2002,11,0,41.411212,-120.61141290909092,29.181818181818183,0.0,1.0,0.0,0.6666666666666666,2.4849066497880004,2.0,72.0,0.027777777777777776,1.0,0.79,0.0,-0.5,0,0,1,0,25
Modoc,Summer,2003,14,1,41.43492585714286,-120.37259564285715,95.38571428571427,0.07142857142857142,0.0,1.0,0.3333333333333333,2.70805020110221,2.0,83.0,0.024096385542168676,0.0,0.08,1.0,0.0,0,0,1,0,25
Modoc,Summer,2004,13,1,41.3760828376923,-120.47946795692307,43.33846153846154,0.07692307692307693,1.0,0.0,0.6666666666666666,2.6390573296152584,3.0,97.0,0.030927835051546393,0.5,0.47,0.0,1.0,0,0,1,0,25
Modoc,Summer,2005,5,0,41.4160472,-120.5611038,1.6800000000000002,0.0,1.0,1.0,0.6666666666666666,1.791759469228055,4.0,110.0,0.03636363636363636,-0.5,-0.06,0.5,0.0,0,0,1,0,25
Modoc,Summer,2006,146,6,41.52760889664384,-120.81776279575342,58.850890410958904,0.0410958904109589,0.0,1.0,0.6666666666666666,4.990432586778736,4.0,115.0,0.034782608695652174,0.5,0.1,-0.5,0.5,0,0,1,0,25
Modoc,Summer,2007,82,1,41.60988206634146,-120.85300090243902,109.94268292682926,0.012195121951219513,6.0,0.0,2.3333333333333335,4.418840607796598,10.0,261.0,0.038314176245210725,-2.0,-0.56,0.5,-0.5,0,0,1,0,25
Modoc,Summer,2008,87,0,41.570715747126435,-120.85647037034482,0.6689655172413793,0.0,1.0,6.0,2.3333333333333335,4.477336814478207,11.0,343.0,0.03206997084548105,-0.5,-0.37,-2.0,0.5,0,0,1,0,25
Modoc,Summer,2009,50,0,41.568684667199996,-120.941394,4.21,0.0,0.0,1.0,2.3333333333333335,3.9318256327243257,11.0,430.0,0.02558139534883721,1.0,0.45,-0.5,-2.0,0,0,1,0,25
Modoc,Summer,2010,88,0,41.52875303068182,-120.70882178409092,6.207954545454546,0.0,0.0,0.0,0.3333333333333333,4.48863636973214,11.0,480.0,0.022916666666666665,-2.0,-1.05,1.0,-0.5,0,0,1,0,25
Modoc,Summer,2011,32,1,41.3781053125,-120.63033546875,65.6621875,0.03125,0.0,0.0,0.0,3.4965075614664802,11.0,568.0,0.01936619718309859,-1.0,-0.43,-2.0,1.0,0,0,1,0,25
Modoc,Summer,2012,39,3,41.637851573333336,-120.6686716571795,157.40384615384616,0.07692307692307693,1.0,0.0,0.3333333333333333,3.6888794541139363,12.0,600.0,0.02,0.0,0.3,-1.0,-2.0,0,0,1,0,25
Modoc,Summer,2013,126,1,41.61256992944444,-120.83499942166667,7.025476190476191,0.007936507936507936,3.0,1.0,1.3333333333333333,4.844187086458591,15.0,639.0,0.023474178403755867,0.0,-0.35,0.0,-1.0,0,0,1,0,25
Modoc,Summer,2014,104,5,41.62860843048077,-120.86233146038461,154.73961538461538,0.04807692307692308,1.0,3.0,1.6666666666666667,4.653960350157523,16.0,765.0,0.02091503267973856,0.5,0.1,0.0,0.0,0,0,1,0,25
Modoc,Summer,2015,63,1,41.62792872126984,-120.87334422396825,78.23269841269841,0.015873015873015872,5.0,1.0,3.0,4.1588830833596715,21.0,869.0,0.024165707710011506,3.0,1.57,0.5,0.0,0,0,1,0,25
Modoc,Winter,1997,1,0,41.552381,-120.534711,0.2,0.0,,,,0.6931471805599453,22.0,932.0,0.023605150214592276,3.0,1.6,0.0,-1.0,1,0,0,0,25
Modoc,Winter,2000,1,0,41.3634,-120.669319,1.5,0.0,0.0,,0.0,0.6931471805599453,0.0,1.0,0.0,-0.5,-0.55,-2.0,-2.0,1,0,0,0,25
Modoc,Winter,2006,1,0,41.78583333,-120.36833333,0.25,0.0,0.0,0.0,0.0,0.6931471805599453,0.0,2.0,0.0,0.5,0.1,-0.5,0.5,1,0,0,0,25
Modoc,Winter,2007,3,0,41.34167218666667,-121.08064437,6.733333333333333,0.0,0.0,0.0,0.0,1.3862943611198906,0.0,3.0,0.0,-2.0,-0.56,0.5,-0.5,1,0,0,0,25
Modoc,Winter,2010,2,0,41.63875,-120.940139,0.175,0.0,0.0,0.0,0.0,1.0986122886681098,0.0,6.0,0.0,-2.0,-1.05,1.0,-0.5,1,0,0,0,25
Modoc,Winter,2012,3,0,41.51014155666667,-120.676769,2.533333333333333,0.0,0.0,0.0,0.0,1.3862943611198906,0.0,8.0,0.0,0.0,0.3,-1.0,-2.0,1,0,0,0,25
Modoc,Winter,2013,1,0,41.8608,-120.1869,0.1,0.0,0.0,0.0,0.0,0.6931471805599453,0.0,11.0,0.0,0.0,-0.35,0.0,-1.0,1,0,0,0,25
Modoc,Winter,2014,5,0,41.363196666,-120.713331044,2.52,0.0,0.0,0.0,0.0,1.791759469228055,0.0,12.0,0.0,0.5,0.1,0.0,0.0,1,0,0,0,25
Modoc,Winter,2015,2,0,41.655122219999996,-120.47387222,0.3,0.0,0.0,0.0,0.0,1.0986122886681098,0.0,17.0,0.0,3.0,1.57,0.5,0.0,1,0,0,0,25
Mono,Fall,1999,1,0,38.308457,-119.276521,0.1,0.0,,,,0.6931471805599453,0.0,19.0,0.0,-2.0,-1.1,-2.0,3.0,0,0,0,1,26
Mono,Fall,2000,1,0,37.456,-118.3351,0.1,0.0,0.0,,0.0,0.6931471805599453,0.0,1.0,0.0,-0.5,-0.55,-2.0,-2.0,0,0,0,1,26
Mono,Fall,2002,1,0,37.833,-118.4832,0.1,0.0,0.0,0.0,0.0,0.6931471805599453,0.0,2.0,0.0,1.0,0.79,0.0,-0.5,0,0,0,1,26
Mono,Fall,2003,3,0,37.6128,-118.38643333333333,0.2333333333333333,0.0,0.0,0.0,0.0,1.3862943611198906,0.0,3.0,0.0,0.0,0.08,1.0,0.0,0,0,0,1,26
Mono,Fall,2005,3,0,37.87857966666667,-119.01524444333334,0.15,0.0,0.0,0.0,0.0,1.3862943611198906,0.0,6.0,0.0,-0.5,-0.06,0.5,0.0,0,0,0,1,26
Mono,Fall,2006,2,0,37.795694444999995,-119.059444445,0.175,0.0,0.0,0.0,0.0,1.0986122886681098,0.0,9.0,0.0,0.5,0.1,-0.5,0.5,0,0,0,1,26
Mono,Fall,2007,5,1,37.606055556,-118.8075,112.1,0.2,0.0,0.0,0.0,1.791759469228055,0.0,11.0,0.0,-2.0,-0.56,0.5,-0.5,0,0,0,1,26
Mono,Fall,2008,3,0,38.012362593333336,-118.94584444333333,0.16666666666666666,0.0,1.0,0.0,0.3333333333333333,1.3862943611198906,1.0,16.0,0.0625,-0.5,-0.37,-2.0,0.5,0,0,0,1,26
Mono,Fall,2009,2,0,37.62361111,-118.81444444,0.3,0.0,0.0,1.0,0.3333333333333333,1.0986122886681098,1.0,19.0,0.05263157894736842,1.0,0.45,-0.5,-2.0,0,0,0,1,26
Mono,Fall,2010,2,0,38.2283333,-119.46722199999999,0.1,0.0,0.0,0.0,0.3333333333333333,1.0986122886681098,1.0,21.0,0.047619047619047616,-2.0,-1.05,1.0,-0.5,0,0,0,1,26
Mono,Fall,2012,3,0,37.923240740000004,-119.16787037,0.16666666666666666,0.0,0.0,0.0,0.0,1.3862943611198906,1.0,23.0,0.043478260869565216,0.0,0.3,-1.0,-2.0,0,0,0,1,26
Mono,Fall,2014,4,0,37.9748611075,-119.12833333,0.05500000000000001,0.0,0.0,0.0,0.0,1.6094379124341003,1.0,26.0,0.038461538461538464,0.5,0.1,0.0,0.0,0,0,0,1,26
Mono,Fall,2015,3,0,38.049681480000004,-119.14082863,0.15,0.0,0.0,0.0,0.0,1.3862943611198906,1.0,30.0,0.03333333333333333,3.0,1.57,0.5,0.0,0,0,0,1,26
Mono,Spring,1999,2,0,37.837050000000005,-118.952715,0.1,0.0,,,,1.0986122886681098,1.0,33.0,0.030303030303030304,-2.0,-1.1,-2.0,3.0,0,1,0,0,26
Mono,Spring,2000,3,0,37.985255556666665,-118.86823333333332,0.10000000000000002,0.0,0.0,,0.0,1.3862943611198906,0.0,2.0,0.0,-0.5,-0.55,-2.0,-2.0,0,1,0,0,26
Mono,Spring,2001,1,0,38.123,-118.9171,0.3,0.0,0.0,0.0,0.0,0.6931471805599453,0.0,5.0,0.0,0.0,-0.08,-0.5,-2.0,0,1,0,0,26
Mono,Spring,2002,3,0,37.82326666666666,-118.93239999999999,0.16666666666666666,0.0,0.0,0.0,0.0,1.3862943611198906,0.0,6.0,0.0,1.0,0.79,0.0,-0.5,0,1,0,0,26
Mono,Spring,2003,9,0,37.853100000000005,-118.6421111111111,0.2,0.0,0.0,0.0,0.0,2.302585092994046,0.0,9.0,0.0,0.0,0.08,1.0,0.0,0,1,0,0,26
Mono,Spring,2004,7,0,38.12395396857143,-119.12195238000001,9.37142857142857,0.0,0.0,0.0,0.0,2.0794415416798357,0.0,18.0,0.0,0.5,0.47,0.0,1.0,0,1,0,0,26
Mono,Spring,2005,1,0,38.1321,-118.9826,0.5,0.0,0.0,0.0,0.0,0.6931471805599453,0.0,25.0,0.0,-0.5,-0.06,0.5,0.0,0,1,0,0,26
Mono,Spring,2006,2,0,37.612094445,-118.82042222,0.375,0.0,0.0,0.0,0.0,1.0986122886681098,0.0,26.0,0.0,0.5,0.1,-0.5,0.5,0,1,0,0,26
Mono,Spring,2007,12,1,37.95197047166666,-119.06841592583334,97.01666666666665,0.08333333333333333,0.0,0.0,0.0,2.5649493574615367,0.0,28.0,0.0,-2.0,-0.56,0.5,-0.5,0,1,0,0,26
Mono,Spring,2008,7,0,37.75689698285714,-118.98307333285713,0.1285714285714286,0.0,1.0,0.0,0.3333333333333333,2.0794415416798357,1.0,40.0,0.025,-0.5,-0.37,-2.0,0.5,0,1,0,0,26
Mono,Spring,2009,21,0,38.03863788333334,-119.01715448190477,0.19761904761904764,0.0,0.0,1.0,0.3333333333333333,3.091042453358316,1.0,47.0,0.02127659574468085,1.0,0.45,-0.5,-2.0,0,1,0,0,26
Mono,Spring,2010,3,0,37.65861483333333,-118.67841466666665,32.733333333333334,0.0,0.0,0.0,0.3333333333333333,1.3862943611198906,1.0,68.0,0.014705882352941176,-2.0,-1.05,1.0,-0.5,0,1,0,0,26
Mono,Spring,2011,1,0,38.2371,-119.2203,0.5,0.0,0.0,0.0,0.0,0.6931471805599453,1.0,71.0,0.014084507042253521,-1.0,-0.43,-2.0,1.0,0,1,0,0,26
Mono,Spring,2012,5,0,37.707499999999996,-118.943555556,0.21000000000000002,0.0,0.0,0.0,0.0,1.791759469228055,1.0,72.0,0.013888888888888888,0.0,0.3,-1.0,-2.0,0,1,0,0,26
Mono,Spring,2013,9,0,37.97325259111111,-119.09082703444444,0.5833333333333334,0.0,0.0,0.0,0.0,2.302585092994046,1.0,77.0,0.012987012987012988,0.0,-0.35,0.0,-1.0,0,1,0,0,26
Mono,Spring,2014,11,0,37.81118774909091,-118.90489966636363,0.19636363636363638,0.0,0.0,0.0,0.0,2.4849066497880004,1.0,86.0,0.011627906976744186,0.5,0.1,0.0,0.0,0,1,0,0,26
Mono,Spring,2015,11,0,37.86196464636364,-118.85451616090909,0.19090909090909092,0.0,0.0,0.0,0.0,2.4849066497880004,1.0,97.0,0.010309278350515464,3.0,1.57,0.5,0.0,0,1,0,0,26
Mono,Summer,1999,1,0,37.485111,-118.576981,0.1,0.0,,,,0.6931471805599453,1.0,108.0,0.009259259259259259,-2.0,-1.1,-2.0,3.0,0,0,1,0,26
Mono,Summer,2000,11,1,38.172509090909095,-119.02477272727273,195.8272727272727,0.09090909090909091,0.0,,0.0,2.4849066497880004,0.0,1.0,0.0,-0.5,-0.55,-2.0,-2.0,0,0,1,0,26
Mono,Summer,2001,14,0,38.07361121428572,-119.0093865,5.985714285714286,0.0,1.0,0.0,0.5,2.70805020110221,1.0,12.0,0.08333333333333333,0.0,-0.08,-0.5,-2.0,0,0,1,0,26
Mono,Summer,2002,8,2,38.232887500000004,-119.17546250000001,1120.9375,0.25,0.0,1.0,0.3333333333333333,2.1972245773362196,1.0,26.0,0.038461538461538464,1.0,0.79,0.0,-0.5,0,0,1,0,26
Mono,Summer,2003,8,0,38.017877375,-119.01715762500001,0.15000000000000002,0.0,2.0,0.0,1.0,2.1972245773362196,3.0,34.0,0.08823529411764706,0.0,0.08,1.0,0.0,0,0,1,0,26
Mono,Summer,2004,24,1,38.22077685208333,-119.20797499999999,130.57500000000002,0.041666666666666664,0.0,2.0,0.6666666666666666,3.2188758248682006,3.0,42.0,0.07142857142857142,0.5,0.47,0.0,1.0,0,0,1,0,26
Mono,Summer,2005,28,0,38.27193769785714,-119.3061730157143,7.173571428571429,0.0,1.0,0.0,1.0,3.367295829986474,4.0,66.0,0.06060606060606061,-0.5,-0.06,0.5,0.0,0,0,1,0,26
Mono,Summer,2006,65,2,37.998077436307696,-119.08350341892307,212.5430769230769,0.03076923076923077,0.0,1.0,0.3333333333333333,4.189654742026425,4.0,94.0,0.0425531914893617,0.5,0.1,-0.5,0.5,0,0,1,0,26
Mono,Summer,2007,29,1,37.89628142172414,-118.9945306513793,28.13448275862069,0.034482758620689655,2.0,0.0,1.0,3.4011973816621555,6.0,159.0,0.03773584905660377,-2.0,-0.56,0.5,-0.5,0,0,1,0,26
Mono,Summer,2008,31,2,37.94108891387097,-118.94734737258065,32.70322580645161,0.06451612903225806,1.0,2.0,1.0,3.4657359027997265,7.0,188.0,0.03723404255319149,-0.5,-0.37,-2.0,0.5,0,0,1,0,26
Mono,Summer,2009,49,0,37.96282541918367,-119.0349443312245,2.533673469387755,0.0,2.0,1.0,1.6666666666666667,3.912023005428146,9.0,219.0,0.0410958904109589,1.0,0.45,-0.5,-2.0,0,0,1,0,26
Mono,Summer,2010,33,2,37.955031581818176,-119.09906042424242,57.4560606060606,0.06060606060606061,0.0,2.0,1.0,3.5263605246161616,9.0,268.0,0.033582089552238806,-2.0,-1.05,1.0,-0.5,0,0,1,0,26
Mono,Summer,2011,4,0,38.01922175,-118.829301,0.15,0.0,2.0,0.0,1.3333333333333333,1.6094379124341003,11.0,301.0,0.036544850498338874,-1.0,-0.43,-2.0,1.0,0,0,1,0,26
Mono,Summer,2012,58,1,37.97771023017241,-118.99092600913794,219.1143103448276,0.017241379310344827,0.0,2.0,0.6666666666666666,4.07753744390572,11.0,305.0,0.036065573770491806,0.0,0.3,-1.0,-2.0,0,0,1,0,26
Mono,Summer,2013,59,0,37.97650297559322,-119.0534616322034,0.23779661016949152,0.0,1.0,0.0,1.0,4.0943445622221,12.0,363.0,0.03305785123966942,0.0,-0.35,0.0,-1.0,0,0,1,0,26
Mono,Summer,2014,61,0,37.968675774426224,-119.05440801459017,6.47327868852459,0.0,0.0,1.0,0.3333333333333333,4.127134385045092,12.0,422.0,0.02843601895734597,0.5,0.1,0.0,0.0,0,0,1,0,26
Mono,Summer,2015,30,1,38.026806026,-119.0870001,127.63266666666667,0.03333333333333333,0.0,0.0,0.3333333333333333,3.4339872044851463,12.0,483.0,0.024844720496894408,3.0,1.57,0.5,0.0,0,0,1,0,26
Mono,Winter,1999,1,0,37.57114,-118.63365,2.0,0.0,,,,0.6931471805599453,13.0,513.0,0.025341130604288498,-2.0,-1.1,-2.0,3.0,1,0,0,0,26
Mono,Winter,2001,1,0,37.4855,-118.3329,0.1,0.0,0.0,,0.0,0.6931471805599453,0.0,1.0,0.0,0.0,-0.08,-0.5,-2.0,1,0,0,0,26
Mono,Winter,2002,2,0,37.6331,-118.40165,0.1,0.0,0.0,0.0,0.0,1.0986122886681098,0.0,2.0,0.0,1.0,0.79,0.0,-0.5,1,0,0,0,26
Mono,Winter,2003,2,0,37.82955,-118.6833,2.75,0.0,0.0,0.0,0.0,1.0986122886681098,0.0,4.0,0.0,0.0,0.08,1.0,0.0,1,0,0,0,26
Mono,Winter,2006,1,0,37.5144,-118.4125,10.5,0.0,0.0,0.0,0.0,0.6931471805599453,0.0,6.0,0.0,0.5,0.1,-0.5,0.5,1,0,0,0,26
Mono,Winter,2007,2,0,37.5102695,-118.48671,0.55,0.0,0.0,0.0,0.0,1.0986122886681098,0.0,7.0,0.0,-2.0,-0.56,0.5,-0.5,1,0,0,0,26
Mono,Winter,2008,1,0,38.5845,-119.51317,4.0,0.0,0.0,0.0,0.0,0.6931471805599453,0.0,9.0,0.0,-0.5,-0.37,-2.0,0.5,1,0,0,0,26
Mono,Winter,2011,1,0,38.0239,-119.1564,0.3,0.0,0.0,0.0,0.0,0.6931471805599453,0.0,10.0,0.0,-1.0,-0.43,-2.0,1.0,1,0,0,0,26
Mono,Winter,2012,1,0,38.621788,-119.521251,1.0,0.0,0.0,0.0,0.0,0.6931471805599453,0.0,11.0,0.0,0.0,0.3,-1.0,-2.0,1,0,0,0,26
Mono,Winter,2013,2,0,37.73097222,-119.014027775,0.055,0.0,0.0,0.0,0.0,1.0986122886681098,0.0,12.0,0.0,0.0,-0.35,0.0,-1.0,1,0,0,0,26
Mono,Winter,2014,2,0,38.0907,-119.1199,0.3,0.0,0.0,0.0,0.0,1.0986122886681098,0.0,14.0,0.0,0.5,0.1,0.0,0.0,1,0,0,0,26
Mono,Winter,2015,3,1,37.82352592666667,-119.00156296,169.86666666666667,0.3333333333333333,0.0,0.0,0.0,1.3862943611198906,0.0,16.0,0.0,3.0,1.57,0.5,0.0,1,0,0,0,26
Monterey,Fall,1998,1,0,36.580511,-121.967731,0.1,0.0,,,,0.6931471805599453,1.0,19.0,0.05263157894736842,-2.0,-0.78,3.0,0.0,0,0,0,1,27
Monterey,Fall,1999,2,0,36.21956,-121.521846,1.05,0.0,0.0,,0.0,1.0986122886681098,0.0,1.0,0.0,-2.0,-1.1,-2.0,3.0,0,0,0,1,27
Monterey,Fall,2002,2,0,36.464711,-121.674,0.1,0.0,0.0,0.0,0.0,1.0986122886681098,0.0,3.0,0.0,1.0,0.79,0.0,-0.5,0,0,0,1,27
Monterey,Fall,2003,2,0,36.314538999999996,-121.2325445,2.55,0.0,0.0,0.0,0.0,1.0986122886681098,0.0,5.0,0.0,0.0,0.08,1.0,0.0,0,0,0,1,27
Monterey,Fall,2005,5,0,36.5015962,-121.7354278,1.7399999999999998,0.0,0.0,0.0,0.0,1.791759469228055,0.0,7.0,0.0,-0.5,-0.06,0.5,0.0,0,0,0,1,27
Monterey,Fall,2006,3,0,36.127685183333334,-121.63583333000001,13.9,0.0,0.0,0.0,0.0,1.3862943611198906,0.0,12.0,0.0,0.5,0.1,-0.5,0.5,0,0,0,1,27
Monterey,Fall,2007,10,0,36.430646311,-121.779060611,5.29,0.0,0.0,0.0,0.0,2.3978952727983707,0.0,15.0,0.0,-2.0,-0.56,0.5,-0.5,0,0,0,1,27
Monterey,Fall,2008,5,1,36.113333332,-121.61766666599999,2240.7200000000003,0.2,0.0,0.0,0.0,1.791759469228055,0.0,25.0,0.0,-0.5,-0.37,-2.0,0.5,0,0,0,1,27
Monterey,Fall,2010,4,0,36.268124975,-121.64743075,1.5525,0.0,1.0,0.0,0.3333333333333333,1.6094379124341003,1.0,30.0,0.03333333333333333,-2.0,-1.05,1.0,-0.5,0,0,0,1,27
Monterey,Fall,2011,19,0,36.47789242105264,-121.42656447368422,17.406315789473684,0.0,0.0,1.0,0.3333333333333333,2.995732273553991,1.0,34.0,0.029411764705882353,-1.0,-0.43,-2.0,1.0,0,0,0,1,27
Monterey,Fall,2012,17,0,36.56446972529412,-121.54464170588236,1.5764705882352938,0.0,0.0,0.0,0.3333333333333333,2.8903717578961645,1.0,53.0,0.018867924528301886,0.0,0.3,-1.0,-2.0,0,0,0,1,27
Monterey,Fall,2013,11,0,36.54468481818182,-121.51031054545454,0.2,0.0,0.0,0.0,0.0,2.4849066497880004,1.0,70.0,0.014285714285714285,0.0,-0.35,0.0,-1.0,0,0,0,1,27
Monterey,Fall,2014,7,0,36.39746036571429,-121.53182108,0.2542857142857143,0.0,0.0,0.0,0.0,2.0794415416798357,1.0,81.0,0.012345679012345678,0.5,0.1,0.0,0.0,0,0,0,1,27
Monterey,Fall,2015,8,0,36.23275979125,-121.346107875,0.64625,0.0,0.0,0.0,0.0,2.1972245773362196,1.0,88.0,0.011363636363636364,3.0,1.57,0.5,0.0,0,0,0,1,27
Monterey,Spring,1998,1,0,36.379219,-121.23335,0.5,0.0,,,,0.6931471805599453,1.0,96.0,0.010416666666666666,-2.0,-0.78,3.0,0.0,0,1,0,0,27
Monterey,Spring,1999,2,0,36.416721,-121.59659450000001,0.15000000000000002,0.0,0.0,,0.0,1.0986122886681098,0.0,1.0,0.0,-2.0,-1.1,-2.0,3.0,0,1,0,0,27
Monterey,Spring,2000,1,0,36.26445,-121.378139,0.1,0.0,0.0,0.0,0.0,0.6931471805599453,0.0,3.0,0.0,-0.5,-0.55,-2.0,-2.0,0,1,0,0,27
Monterey,Spring,2001,4,0,36.21318075,-121.3879575,2.725,0.0,0.0,0.0,0.0,1.6094379124341003,0.0,4.0,0.0,0.0,-0.08,-0.5,-2.0,0,1,0,0,27
Monterey,Spring,2002,5,0,36.4231038,-121.6112038,4.26,0.0,0.0,0.0,0.0,1.791759469228055,0.0,8.0,0.0,1.0,0.79,0.0,-0.5,0,1,0,0,27
Monterey,Spring,2003,1,0,35.986831,-120.984481,3.0,0.0,0.0,0.0,0.0,0.6931471805599453,0.0,13.0,0.0,0.0,0.08,1.0,0.0,0,1,0,0,27
Monterey,Spring,2004,6,0,36.355188500000004,-121.552614,1.0166666666666668,0.0,0.0,0.0,0.0,1.9459101490553132,0.0,14.0,0.0,0.5,0.47,0.0,1.0,0,1,0,0,27
Monterey,Spring,2006,6,0,36.125678353333335,-121.30674601833334,0.3333333333333333,0.0,0.0,0.0,0.0,1.9459101490553132,0.0,20.0,0.0,0.5,0.1,-0.5,0.5,0,1,0,0,27
Monterey,Spring,2007,15,0,36.40322050333334,-121.79575143666668,1.7600000000000002,0.0,0.0,0.0,0.0,2.772588722239781,0.0,26.0,0.0,-2.0,-0.56,0.5,-0.5,0,1,0,0,27
Monterey,Spring,2008,5,1,36.182495556000006,-121.576444444,16277.3,0.2,0.0,0.0,0.0,1.791759469228055,0.0,41.0,0.0,-0.5,-0.37,-2.0,0.5,0,1,0,0,27
Monterey,Spring,2009,3,0,36.08749999666667,-121.63074074000001,1.1833333333333333,0.0,1.0,0.0,0.3333333333333333,1.3862943611198906,1.0,46.0,0.021739130434782608,1.0,0.45,-0.5,-2.0,0,1,0,0,27
Monterey,Spring,2010,4,0,36.011041649999996,-121.4708335,2.5525,0.0,0.0,1.0,0.3333333333333333,1.6094379124341003,1.0,49.0,0.02040816326530612,-2.0,-1.05,1.0,-0.5,0,1,0,0,27
Monterey,Spring,2011,18,2,36.198379555555555,-121.23912666666666,69.17777777777778,0.1111111111111111,0.0,0.0,0.3333333333333333,2.9444389791664403,1.0,53.0,0.018867924528301886,-1.0,-0.43,-2.0,1.0,0,1,0,0,27
Monterey,Spring,2012,17,0,36.363920379411766,-121.45883516294118,4.672941176470588,0.0,2.0,0.0,0.6666666666666666,2.8903717578961645,3.0,71.0,0.04225352112676056,0.0,0.3,-1.0,-2.0,0,1,0,0,27
Monterey,Spring,2013,43,0,36.40300283720931,-121.3716859639535,1.205813953488372,0.0,0.0,2.0,0.6666666666666666,3.784189633918261,3.0,88.0,0.03409090909090909,0.0,-0.35,0.0,-1.0,0,1,0,0,27
Monterey,Spring,2014,27,1,36.44601893074074,-121.58982177703703,181.9148148148148,0.037037037037037035,0.0,0.0,0.6666666666666666,3.332204510175204,3.0,131.0,0.022900763358778626,0.5,0.1,0.0,0.0,0,1,0,0,27
Monterey,Spring,2015,40,1,36.352219214,-121.33059624975002,19.93325,0.025,1.0,0.0,0.3333333333333333,3.713572066704308,4.0,158.0,0.02531645569620253,3.0,1.57,0.5,0.0,0,1,0,0,27
Monterey,Summer,1998,6,0,36.14774633333334,-121.19013333333334,0.18333333333333335,0.0,,,,1.9459101490553132,5.0,198.0,0.025252525252525252,-2.0,-0.78,3.0,0.0,0,0,1,0,27
Monterey,Summer,1999,4,0,36.40610775,-121.7470075,0.1,0.0,0.0,,0.0,1.6094379124341003,0.0,6.0,0.0,-2.0,-1.1,-2.0,3.0,0,0,1,0,27
Monterey,Summer,2000,5,0,36.530890799999995,-121.71873860000001,1.06,0.0,0.0,0.0,0.0,1.791759469228055,0.0,10.0,0.0,-0.5,-0.55,-2.0,-2.0,0,0,1,0,27
Monterey,Summer,2001,8,0,36.47019875,-121.555868875,0.5125,0.0,0.0,0.0,0.0,2.1972245773362196,0.0,15.0,0.0,0.0,-0.08,-0.5,-2.0,0,0,1,0,27
Monterey,Summer,2002,8,1,36.328314500000005,-121.53300225,313.1125,0.125,0.0,0.0,0.0,2.1972245773362196,0.0,23.0,0.0,1.0,0.79,0.0,-0.5,0,0,1,0,27
Monterey,Summer,2003,5,0,36.3220462,-121.46795339999998,11.74,0.0,1.0,0.0,0.3333333333333333,1.791759469228055,1.0,31.0,0.03225806451612903,0.0,0.08,1.0,0.0,0,0,1,0,27
Monterey,Summer,2004,3,0,36.38433333333334,-121.44298333333334,0.4000000000000001,0.0,0.0,1.0,0.3333333333333333,1.3862943611198906,1.0,36.0,0.027777777777777776,0.5,0.47,0.0,1.0,0,0,1,0,27
Monterey,Summer,2005,9,0,36.50115288888889,-121.5691678888889,4.955555555555556,0.0,0.0,0.0,0.3333333333333333,2.302585092994046,1.0,39.0,0.02564102564102564,-0.5,-0.06,0.5,0.0,0,0,1,0,27
Monterey,Summer,2006,14,2,36.09578714214286,-121.31824115857144,1091.1157142857144,0.14285714285714285,0.0,0.0,0.0,2.70805020110221,1.0,48.0,0.020833333333333332,0.5,0.1,-0.5,0.5,0,0,1,0,27
Monterey,Summer,2007,13,0,36.298603795384615,-121.71526756384615,13.923076923076923,0.0,2.0,0.0,0.6666666666666666,2.6390573296152584,3.0,62.0,0.04838709677419355,-2.0,-0.56,0.5,-0.5,0,0,1,0,27
Monterey,Summer,2008,3,1,36.248148146666665,-121.63194444333334,54272.73333333334,0.3333333333333333,0.0,2.0,0.6666666666666666,1.3862943611198906,3.0,75.0,0.04,-0.5,-0.37,-2.0,0.5,0,0,1,0,27
Monterey,Summer,2009,3,1,36.407870370000005,-121.41777777666665,152.73333333333332,0.3333333333333333,1.0,0.0,1.0,1.3862943611198906,4.0,78.0,0.05128205128205128,1.0,0.45,-0.5,-2.0,0,0,1,0,27
Monterey,Summer,2010,9,0,36.135678988888884,-121.61354944444444,11.857777777777777,0.0,1.0,1.0,0.6666666666666666,2.302585092994046,5.0,81.0,0.06172839506172839,-2.0,-1.05,1.0,-0.5,0,0,1,0,27
Monterey,Summer,2011,52,0,36.283449980769234,-121.26618303846155,13.69096153846154,0.0,0.0,1.0,0.6666666666666666,3.970291913552122,5.0,90.0,0.05555555555555555,-1.0,-0.43,-2.0,1.0,0,0,1,0,27
Monterey,Summer,2012,45,0,36.44573236288889,-121.45867113577778,4.617555555555556,0.0,0.0,0.0,0.3333333333333333,3.828641396489095,5.0,142.0,0.035211267605633804,0.0,0.3,-1.0,-2.0,0,0,1,0,27
Monterey,Summer,2013,42,1,36.34090706880953,-121.36653239166667,116.17476190476191,0.023809523809523808,0.0,0.0,0.0,3.7612001156935624,5.0,187.0,0.026737967914438502,0.0,-0.35,0.0,-1.0,0,0,1,0,27
Monterey,Summer,2014,25,1,36.4135996932,-121.4191416936,32.7452,0.04,1.0,0.0,0.3333333333333333,3.258096538021482,6.0,229.0,0.026200873362445413,0.5,0.1,0.0,0.0,0,0,1,0,27
Monterey,Summer,2015,46,0,36.386473449130435,-121.49560539391304,1.5280434782608694,0.0,1.0,1.0,0.6666666666666666,3.8501476017100584,7.0,254.0,0.027559055118110236,3.0,1.57,0.5,0.0,0,0,1,0,27
Monterey,Winter,1998,1,0,36.569381,-121.951761,0.1,0.0,,,,0.6931471805599453,7.0,300.0,0.023333333333333334,-2.0,-0.78,3.0,0.0,1,0,0,0,27
Monterey,Winter,2002,1,0,36.452531,-121.485689,5.0,0.0,0.0,,0.0,0.6931471805599453,0.0,1.0,0.0,1.0,0.79,0.0,-0.5,1,0,0,0,27
Monterey,Winter,2003,1,0,36.607761,-121.934811,0.1,0.0,0.0,0.0,0.0,0.6931471805599453,0.0,2.0,0.0,0.0,0.08,1.0,0.0,1,0,0,0,27
Monterey,Winter,2004,1,0,36.26445,-121.378139,0.1,0.0,0.0,0.0,0.0,0.6931471805599453,0.0,3.0,0.0,0.5,0.47,0.0,1.0,1,0,0,0,27
Monterey,Winter,2006,1,0,35.83555556,-121.38555556,0.1,0.0,0.0,0.0,0.0,0.6931471805599453,0.0,4.0,0.0,0.5,0.1,-0.5,0.5,1,0,0,0,27
Monterey,Winter,2007,6,0,36.51144466666667,-121.85276566666666,0.10000000000000002,0.0,0.0,0.0,0.0,1.9459101490553132,0.0,5.0,0.0,-2.0,-0.56,0.5,-0.5,1,0,0,0,27
Monterey,Winter,2008,1,0,36.01944444,-121.53194444,2.4,0.0,0.0,0.0,0.0,0.6931471805599453,0.0,11.0,0.0,-0.5,-0.37,-2.0,0.5,1,0,0,0,27
Monterey,Winter,2009,1,0,36.26722222,-121.80305556,0.01,0.0,0.0,0.0,0.0,0.6931471805599453,0.0,12.0,0.0,1.0,0.45,-0.5,-2.0,1,0,0,0,27
Monterey,Winter,2011,8,0,36.4024685,-121.492257875,0.90625,0.0,0.0,0.0,0.0,2.1972245773362196,0.0,13.0,0.0,-1.0,-0.43,-2.0,1.0,1,0,0,0,27
Monterey,Winter,2012,15,0,36.47777640733333,-121.52357648866668,2.986666666666667,0.0,0.0,0.0,0.0,2.772588722239781,0.0,21.0,0.0,0.0,0.3,-1.0,-2.0,1,0,0,0,27
Monterey,Winter,2013,12,0,36.3825633425,-121.30501426833332,0.9708333333333333,0.0,0.0,0.0,0.0,2.5649493574615367,0.0,36.0,0.0,0.0,-0.35,0.0,-1.0,1,0,0,0,27
Monterey,Winter,2014,13,0,36.40642730769231,-121.46804938461538,0.6392307692307693,0.0,0.0,0.0,0.0,2.6390573296152584,0.0,48.0,0.0,0.5,0.1,0.0,0.0,1,0,0,0,27
Monterey,Winter,2015,5,0,36.490156134,-121.69099404399999,1.052,0.0,0.0,0.0,0.0,1.791759469228055,0.0,61.0,0.0,3.0,1.57,0.5,0.0,1,0,0,0,27
Napa,Fall,1999,2,0,38.61269,-122.252835,13.0,0.0,,,,1.0986122886681098,0.0,66.0,0.0,-2.0,-1.1,-2.0,3.0,0,0,0,1,28
Napa,Fall,2000,3,0,38.657013,-122.40717033333333,12.5,0.0,0.0,,0.0,1.3862943611198906,0.0,2.0,0.0,-0.5,-0.55,-2.0,-2.0,0,0,0,1,28
Napa,Fall,2001,1,0,38.643731,-122.531,0.2,0.0,0.0,0.0,0.0,0.6931471805599453,0.0,5.0,0.0,0.0,-0.08,-0.5,-2.0,0,0,0,1,28
Napa,Fall,2002,3,0,38.57411666666667,-122.34378066666666,0.16666666666666666,0.0,0.0,0.0,0.0,1.3862943611198906,0.0,6.0,0.0,1.0,0.79,0.0,-0.5,0,0,0,1,28
Napa,Fall,2003,5,0,38.5383362,-122.23131559999999,12.84,0.0,0.0,0.0,0.0,1.791759469228055,0.0,9.0,0.0,0.0,0.08,1.0,0.0,0,0,0,1,28
Napa,Fall,2004,7,0,38.586195714285715,-122.37992185714286,9.528571428571428,0.0,0.0,0.0,0.0,2.0794415416798357,0.0,14.0,0.0,0.5,0.47,0.0,1.0,0,0,0,1,28
Napa,Fall,2007,4,0,38.530572500000005,-122.37458125,0.8250000000000001,0.0,0.0,0.0,0.0,1.6094379124341003,0.0,21.0,0.0,-2.0,-0.56,0.5,-0.5,0,0,0,1,28
Napa,Fall,2011,18,0,38.40079611111111,-122.35162116666667,4.140555555555555,0.0,0.0,0.0,0.0,2.9444389791664403,0.0,25.0,0.0,-1.0,-0.43,-2.0,1.0,0,0,0,1,28
Napa,Fall,2012,2,0,38.310093499999994,-122.3062045,0.75,0.0,0.0,0.0,0.0,1.0986122886681098,0.0,43.0,0.0,0.0,0.3,-1.0,-2.0,0,0,0,1,28
Napa,Fall,2013,20,1,38.474737600000005,-122.35585920000001,19.91,0.05,0.0,0.0,0.0,3.044522437723423,0.0,45.0,0.0,0.0,-0.35,0.0,-1.0,0,0,0,1,28
Napa,Fall,2014,8,0,38.430824625,-122.330244375,0.56875,0.0,1.0,0.0,0.3333333333333333,2.1972245773362196,1.0,65.0,0.015384615384615385,0.5,0.1,0.0,0.0,0,0,0,1,28
Napa,Fall,2015,9,0,38.35165522222222,-122.29709644444445,0.16777777777777778,0.0,0.0,1.0,0.3333333333333333,2.302585092994046,1.0,73.0,0.0136986301369863,3.0,1.57,0.5,0.0,0,0,0,1,28
Napa,Spring,1998,1,0,38.53955,-122.232481,0.5,0.0,,,,0.6931471805599453,1.0,82.0,0.012195121951219513,-2.0,-0.78,3.0,0.0,0,1,0,0,28
Napa,Spring,2000,1,0,38.4549,-122.2527,60.0,0.0,0.0,,0.0,0.6931471805599453,0.0,1.0,0.0,-0.5,-0.55,-2.0,-2.0,0,1,0,0,28
Napa,Spring,2001,5,0,38.5791484,-122.4009902,2.6599999999999997,0.0,0.0,0.0,0.0,1.791759469228055,0.0,2.0,0.0,0.0,-0.08,-0.5,-2.0,0,1,0,0,28
Napa,Spring,2002,3,0,38.59827966666666,-122.33311400000001,0.10000000000000002,0.0,0.0,0.0,0.0,1.3862943611198906,0.0,7.0,0.0,1.0,0.79,0.0,-0.5,0,1,0,0,28
Napa,Spring,2003,1,0,38.599781,-122.585789,3.0,0.0,0.0,0.0,0.0,0.6931471805599453,0.0,10.0,0.0,0.0,0.08,1.0,0.0,0,1,0,0,28
Napa,Spring,2004,3,0,38.60144733333333,-122.33898599999999,4.066666666666666,0.0,0.0,0.0,0.0,1.3862943611198906,0.0,11.0,0.0,0.5,0.47,0.0,1.0,0,1,0,0,28
Napa,Spring,2007,11,1,38.56509709090909,-122.27322854545454,41.11818181818182,0.09090909090909091,0.0,0.0,0.0,2.4849066497880004,0.0,14.0,0.0,-2.0,-0.56,0.5,-0.5,0,1,0,0,28
Napa,Spring,2011,8,0,38.350442875,-122.307630375,1.165,0.0,1.0,0.0,0.3333333333333333,2.1972245773362196,1.0,25.0,0.04,-1.0,-0.43,-2.0,1.0,0,1,0,0,28
Napa,Spring,2012,14,0,38.55881828571428,-122.37906178571428,3.314285714285714,0.0,0.0,1.0,0.3333333333333333,2.70805020110221,1.0,33.0,0.030303030303030304,0.0,0.3,-1.0,-2.0,0,1,0,0,28
Napa,Spring,2013,27,0,38.402010592592596,-122.32530992592592,4.379259259259259,0.0,0.0,0.0,0.3333333333333333,3.332204510175204,1.0,47.0,0.02127659574468085,0.0,-0.35,0.0,-1.0,0,1,0,0,28
Napa,Spring,2014,15,0,38.39587953333333,-122.29282613333334,1.3026666666666666,0.0,0.0,0.0,0.0,2.772588722239781,1.0,74.0,0.013513513513513514,0.5,0.1,0.0,0.0,0,1,0,0,28
Napa,Spring,2015,15,0,38.4721878,-122.4030578,2.0373333333333337,0.0,0.0,0.0,0.0,2.772588722239781,1.0,89.0,0.011235955056179775,3.0,1.57,0.5,0.0,0,1,0,0,28
Napa,Summer,1998,5,0,38.553700000000006,-122.2535508,0.45999999999999996,0.0,,,,1.791759469228055,1.0,104.0,0.009615384615384616,-2.0,-0.78,3.0,0.0,0,0,1,0,28
Napa,Summer,1999,8,0,38.601442375,-122.356289375,12.8375,0.0,0.0,,0.0,2.1972245773362196,0.0,5.0,0.0,-2.0,-1.1,-2.0,3.0,0,0,1,0,28
Napa,Summer,2000,4,0,38.5086355,-122.39539425,0.925,0.0,0.0,0.0,0.0,1.6094379124341003,0.0,13.0,0.0,-0.5,-0.55,-2.0,-2.0,0,0,1,0,28
Napa,Summer,2001,6,0,38.592464,-122.43442133333333,2.8166666666666664,0.0,0.0,0.0,0.0,1.9459101490553132,0.0,17.0,0.0,0.0,-0.08,-0.5,-2.0,0,0,1,0,28
Napa,Summer,2002,11,1,38.54404481818182,-122.19578254545453,74.28181818181818,0.09090909090909091,0.0,0.0,0.0,2.4849066497880004,0.0,23.0,0.0,1.0,0.79,0.0,-0.5,0,0,1,0,28
Napa,Summer,2003,14,0,38.497130000000006,-122.25349928571428,0.6142857142857142,0.0,1.0,0.0,0.3333333333333333,2.70805020110221,1.0,34.0,0.029411764705882353,0.0,0.08,1.0,0.0,0,0,1,0,28
Napa,Summer,2004,10,0,38.5462369,-122.29135570000001,4.86,0.0,0.0,1.0,0.3333333333333333,2.3978952727983707,1.0,48.0,0.020833333333333332,0.5,0.47,0.0,1.0,0,0,1,0,28
Napa,Summer,2005,11,0,38.55477781818182,-122.2005911818182,26.727272727272727,0.0,0.0,0.0,0.3333333333333333,2.4849066497880004,1.0,58.0,0.017241379310344827,-0.5,-0.06,0.5,0.0,0,0,1,0,28
Napa,Summer,2006,4,0,38.45743675,-122.20613675,4.625,0.0,0.0,0.0,0.0,1.6094379124341003,1.0,69.0,0.014492753623188406,0.5,0.1,-0.5,0.5,0,0,1,0,28
Napa,Summer,2007,17,0,38.55031864705882,-122.26053229411764,1.0235294117647058,0.0,0.0,0.0,0.0,2.8903717578961645,1.0,73.0,0.0136986301369863,-2.0,-0.56,0.5,-0.5,0,0,1,0,28
Napa,Summer,2008,2,0,38.54375,-122.23335,55.5,0.0,0.0,0.0,0.0,1.0986122886681098,1.0,90.0,0.011111111111111112,-0.5,-0.37,-2.0,0.5,0,0,1,0,28
Napa,Summer,2009,1,0,38.518567,-122.150983,20.0,0.0,0.0,0.0,0.0,0.6931471805599453,1.0,92.0,0.010869565217391304,1.0,0.45,-0.5,-2.0,0,0,1,0,28
Napa,Summer,2011,26,1,38.39593446153846,-122.32289423076924,20.825000000000003,0.038461538461538464,0.0,0.0,0.0,3.295836866004329,1.0,93.0,0.010752688172043012,-1.0,-0.43,-2.0,1.0,0,0,1,0,28
Napa,Summer,2012,32,0,38.43778109375,-122.34372815625,0.6646875,0.0,1.0,0.0,0.3333333333333333,3.4965075614664802,2.0,119.0,0.01680672268907563,0.0,0.3,-1.0,-2.0,0,0,1,0,28
Napa,Summer,2013,26,0,38.41306165384616,-122.36032903846154,0.7265384615384616,0.0,0.0,1.0,0.3333333333333333,3.295836866004329,2.0,151.0,0.013245033112582781,0.0,-0.35,0.0,-1.0,0,0,1,0,28
Napa,Summer,2014,27,1,38.42262570370371,-122.36101440740741,160.76333333333335,0.037037037037037035,0.0,0.0,0.3333333333333333,3.332204510175204,2.0,177.0,0.011299435028248588,0.5,0.1,0.0,0.0,0,0,1,0,28
Napa,Summer,2015,31,1,38.40655258064516,-122.35004670967741,812.8316129032257,0.03225806451612903,1.0,0.0,0.3333333333333333,3.4657359027997265,3.0,204.0,0.014705882352941176,3.0,1.57,0.5,0.0,0,0,1,0,28
Napa,Winter,1999,1,0,38.496239,-122.178331,1.0,0.0,,,,0.6931471805599453,4.0,235.0,0.01702127659574468,-2.0,-1.1,-2.0,3.0,1,0,0,0,28
Napa,Winter,2001,1,0,38.337019,-122.400111,5.0,0.0,0.0,,0.0,0.6931471805599453,0.0,1.0,0.0,0.0,-0.08,-0.5,-2.0,1,0,0,0,28
Napa,Winter,2002,1,0,38.818081,-122.32755,8.0,0.0,0.0,0.0,0.0,0.6931471805599453,0.0,2.0,0.0,1.0,0.79,0.0,-0.5,1,0,0,0,28
Napa,Winter,2004,1,0,38.441331,-122.30805,0.1,0.0,0.0,0.0,0.0,0.6931471805599453,0.0,3.0,0.0,0.5,0.47,0.0,1.0,1,0,0,0,28
Napa,Winter,2006,1,0,38.633408,-122.288958,0.1,0.0,0.0,0.0,0.0,0.6931471805599453,0.0,4.0,0.0,0.5,0.1,-0.5,0.5,1,0,0,0,28
Napa,Winter,2007,5,0,38.5999834,-122.26592439999999,0.1,0.0,0.0,0.0,0.0,1.791759469228055,0.0,5.0,0.0,-2.0,-0.56,0.5,-0.5,1,0,0,0,28
Napa,Winter,2011,2,0,38.7050885,-122.462774,3.0,0.0,0.0,0.0,0.0,1.0986122886681098,0.0,10.0,0.0,-1.0,-0.43,-2.0,1.0,1,0,0,0,28
Napa,Winter,2012,2,0,38.487421499999996,-122.31742750000001,103.5,0.0,0.0,0.0,0.0,1.0986122886681098,0.0,12.0,0.0,0.0,0.3,-1.0,-2.0,1,0,0,0,28
Napa,Winter,2013,4,0,38.499483749999996,-122.344296,1.3775,0.0,0.0,0.0,0.0,1.6094379124341003,0.0,14.0,0.0,0.0,-0.35,0.0,-1.0,1,0,0,0,28
Napa,Winter,2014,9,0,38.40455766666667,-122.31439033333332,0.4833333333333333,0.0,0.0,0.0,0.0,2.302585092994046,0.0,18.0,0.0,0.5,0.1,0.0,0.0,1,0,0,0,28
Napa,Winter,2015,1,0,38.468036,-122.359488,1.0,0.0,0.0,0.0,0.0,0.6931471805599453,0.0,27.0,0.0,3.0,1.57,0.5,0.0,1,0,0,0,28
Nevada,Fall,1998,5,0,39.1600738,-121.0688222,0.16,0.0,,,,1.791759469228055,0.0,28.0,0.0,-2.0,-0.78,3.0,0.0,0,0,0,1,29
Nevada,Fall,1999,12,0,39.315152230833334,-120.75140887083334,0.9249999999999999,0.0,0.0,,0.0,2.5649493574615367,0.0,5.0,0.0,-2.0,-1.1,-2.0,3.0,0,0,0,1,29
Nevada,Fall,2000,6,0,39.25712133333334,-121.1019,0.9833333333333334,0.0,0.0,0.0,0.0,1.9459101490553132,0.0,17.0,0.0,-0.5,-0.55,-2.0,-2.0,0,0,0,1,29
Nevada,Fall,2001,12,0,39.224668648333335,-120.9660178425,0.6166666666666667,0.0,0.0,0.0,0.0,2.5649493574615367,0.0,23.0,0.0,0.0,-0.08,-0.5,-2.0,0,0,0,1,29
Nevada,Fall,2002,17,0,39.235563019411764,-121.00140972529412,0.7529411764705882,0.0,0.0,0.0,0.0,2.8903717578961645,0.0,35.0,0.0,1.0,0.79,0.0,-0.5,0,0,0,1,29
Nevada,Fall,2003,13,0,39.239362469999996,-120.99329364923076,1.4230769230769231,0.0,0.0,0.0,0.0,2.6390573296152584,0.0,52.0,0.0,0.0,0.08,1.0,0.0,0,0,0,1,29
Nevada,Fall,2004,10,0,39.2140246,-121.0486142,0.63,0.0,0.0,0.0,0.0,2.3978952727983707,0.0,65.0,0.0,0.5,0.47,0.0,1.0,0,0,0,1,29
Nevada,Fall,2005,7,0,38.91624881,-120.92069081,1.2285714285714284,0.0,0.0,0.0,0.0,2.0794415416798357,0.0,75.0,0.0,-0.5,-0.06,0.5,0.0,0,0,0,1,29
Nevada,Fall,2006,15,0,39.28300834,-120.87875234866667,0.5866666666666666,0.0,0.0,0.0,0.0,2.772588722239781,0.0,82.0,0.0,0.5,0.1,-0.5,0.5,0,0,0,1,29
Nevada,Fall,2007,7,0,39.20400547571428,-120.84639161857142,1.3071428571428572,0.0,0.0,0.0,0.0,2.0794415416798357,0.0,97.0,0.0,-2.0,-0.56,0.5,-0.5,0,0,0,1,29
Nevada,Fall,2008,10,0,39.380111113,-120.49966666499999,0.165,0.0,0.0,0.0,0.0,2.3978952727983707,0.0,104.0,0.0,-0.5,-0.37,-2.0,0.5,0,0,0,1,29
Nevada,Fall,2009,2,0,39.360694445,-120.50638889,0.25,0.0,0.0,0.0,0.0,1.0986122886681098,0.0,114.0,0.0,1.0,0.45,-0.5,-2.0,0,0,0,1,29
Nevada,Fall,2010,3,0,39.37953703333333,-120.491574,0.10000000000000002,0.0,0.0,0.0,0.0,1.3862943611198906,0.0,116.0,0.0,-2.0,-1.05,1.0,-0.5,0,0,0,1,29
Nevada,Fall,2011,8,0,39.1866915,-120.974597,2.7625,0.0,0.0,0.0,0.0,2.1972245773362196,0.0,119.0,0.0,-1.0,-0.43,-2.0,1.0,0,0,0,1,29
Nevada,Fall,2012,15,0,39.260614792666665,-120.75498696999999,0.654,0.0,0.0,0.0,0.0,2.772588722239781,0.0,127.0,0.0,0.0,0.3,-1.0,-2.0,0,0,0,1,29
Nevada,Fall,2013,32,0,39.215856823125,-121.00774513906251,0.48125,0.0,0.0,0.0,0.0,3.4965075614664802,0.0,142.0,0.0,0.0,-0.35,0.0,-1.0,0,0,0,1,29
Nevada,Fall,2014,5,0,39.296263556,-120.875756822,0.288,0.0,0.0,0.0,0.0,1.791759469228055,0.0,174.0,0.0,0.5,0.1,0.0,0.0,0,0,0,1,29
Nevada,Fall,2015,18,0,39.293482420000004,-120.91592156055556,1.8816666666666666,0.0,0.0,0.0,0.0,2.9444389791664403,0.0,179.0,0.0,3.0,1.57,0.5,0.0,0,0,0,1,29
Nevada,Spring,1998,3,0,39.2925,-121.03459366666668,0.39999999999999997,0.0,,,,1.3862943611198906,0.0,197.0,0.0,-2.0,-0.78,3.0,0.0,0,1,0,0,29
Nevada,Spring,1999,30,0,39.257987422,-120.99580315166666,0.62,0.0,0.0,,0.0,3.4339872044851463,0.0,3.0,0.0,-2.0,-1.1,-2.0,3.0,0,1,0,0,29
Nevada,Spring,2000,12,0,39.294604156666665,-120.88443422166667,1.625,0.0,0.0,0.0,0.0,2.5649493574615367,0.0,33.0,0.0,-0.5,-0.55,-2.0,-2.0,0,1,0,0,29
Nevada,Spring,2001,19,0,39.280833754210526,-120.83810847999999,0.2473684210526316,0.0,0.0,0.0,0.0,2.995732273553991,0.0,45.0,0.0,0.0,-0.08,-0.5,-2.0,0,1,0,0,29
Nevada,Spring,2002,23,0,39.2467713573913,-121.0586522947826,0.4652173913043478,0.0,0.0,0.0,0.0,3.1780538303479458,0.0,64.0,0.0,1.0,0.79,0.0,-0.5,0,1,0,0,29
Nevada,Spring,2003,7,0,39.217386031428575,-120.91502538142858,0.2,0.0,0.0,0.0,0.0,2.0794415416798357,0.0,87.0,0.0,0.0,0.08,1.0,0.0,0,1,0,0,29
Nevada,Spring,2004,25,0,39.2846980264,-120.8852743332,5.09,0.0,0.0,0.0,0.0,3.258096538021482,0.0,94.0,0.0,0.5,0.47,0.0,1.0,0,1,0,0,29
Nevada,Spring,2005,10,0,39.2065945,-121.0612606,0.36,0.0,0.0,0.0,0.0,2.3978952727983707,0.0,119.0,0.0,-0.5,-0.06,0.5,0.0,0,1,0,0,29
Nevada,Spring,2006,19,0,39.24217371947368,-120.93482914052632,0.46315789473684216,0.0,0.0,0.0,0.0,2.995732273553991,0.0,129.0,0.0,0.5,0.1,-0.5,0.5,0,1,0,0,29
Nevada,Spring,2007,20,0,39.2818672445,-120.727543328,0.41,0.0,0.0,0.0,0.0,3.044522437723423,0.0,148.0,0.0,-2.0,-0.56,0.5,-0.5,0,1,0,0,29
Nevada,Spring,2008,8,0,39.37732639,-120.51732639125001,0.6,0.0,0.0,0.0,0.0,2.1972245773362196,0.0,168.0,0.0,-0.5,-0.37,-2.0,0.5,0,1,0,0,29
Nevada,Spring,2009,13,0,39.36459401692308,-120.46388888923077,0.1553846153846154,0.0,0.0,0.0,0.0,2.6390573296152584,0.0,176.0,0.0,1.0,0.45,-0.5,-2.0,0,1,0,0,29
Nevada,Spring,2010,1,0,39.4130556,-120.076111,0.1,0.0,0.0,0.0,0.0,0.6931471805599453,0.0,189.0,0.0,-2.0,-1.05,1.0,-0.5,0,1,0,0,29
Nevada,Spring,2011,11,0,39.226458,-121.08343227272726,0.37000000000000005,0.0,0.0,0.0,0.0,2.4849066497880004,0.0,190.0,0.0,-1.0,-0.43,-2.0,1.0,0,1,0,0,29
Nevada,Spring,2012,24,0,39.236139666666666,-120.89197981041667,0.53125,0.0,0.0,0.0,0.0,3.2188758248682006,0.0,201.0,0.0,0.0,0.3,-1.0,-2.0,0,1,0,0,29
Nevada,Spring,2013,42,0,39.23991297642857,-120.93675499738096,0.36904761904761907,0.0,0.0,0.0,0.0,3.7612001156935624,0.0,225.0,0.0,0.0,-0.35,0.0,-1.0,0,1,0,0,29
Nevada,Spring,2014,22,0,39.21875926772727,-120.97390591454545,1.5577272727272726,0.0,0.0,0.0,0.0,3.1354942159291497,0.0,267.0,0.0,0.5,0.1,0.0,0.0,0,1,0,0,29
Nevada,Spring,2015,29,0,39.250421023448276,-120.8845284751724,0.42172413793103447,0.0,0.0,0.0,0.0,3.4011973816621555,0.0,289.0,0.0,3.0,1.57,0.5,0.0,0,1,0,0,29
Nevada,Summer,1998,22,0,39.262343651818185,-121.04315762136365,0.5454545454545454,0.0,,,,3.1354942159291497,0.0,318.0,0.0,-2.0,-0.78,3.0,0.0,0,0,1,0,29
Nevada,Summer,1999,33,0,39.25019311090909,-120.80245292969698,0.3242424242424243,0.0,0.0,,0.0,3.5263605246161616,0.0,22.0,0.0,-2.0,-1.1,-2.0,3.0,0,0,1,0,29
Nevada,Summer,2000,42,0,39.23542193666667,-120.95165749214286,0.9666666666666667,0.0,0.0,0.0,0.0,3.7612001156935624,0.0,55.0,0.0,-0.5,-0.55,-2.0,-2.0,0,0,1,0,29
Nevada,Summer,2001,37,0,39.25909351054054,-121.00113982891892,0.8243243243243243,0.0,0.0,0.0,0.0,3.6375861597263857,0.0,97.0,0.0,0.0,-0.08,-0.5,-2.0,0,0,1,0,29
Nevada,Summer,2002,32,0,39.25249354875,-120.819938559375,1.846875,0.0,0.0,0.0,0.0,3.4965075614664802,0.0,134.0,0.0,1.0,0.79,0.0,-0.5,0,0,1,0,29
Nevada,Summer,2003,36,0,39.279113092500005,-120.85170728694445,0.5388888888888889,0.0,0.0,0.0,0.0,3.6109179126442243,0.0,166.0,0.0,0.0,0.08,1.0,0.0,0,0,1,0,29
Nevada,Summer,2004,38,0,39.29518304394737,-120.8538990586842,1.7239473684210527,0.0,0.0,0.0,0.0,3.6635616461296463,0.0,202.0,0.0,0.5,0.47,0.0,1.0,0,0,1,0,29
Nevada,Summer,2005,29,0,39.20331603448276,-121.07009713793103,0.33448275862068966,0.0,0.0,0.0,0.0,3.4011973816621555,0.0,240.0,0.0,-0.5,-0.06,0.5,0.0,0,0,1,0,29
Nevada,Summer,2006,38,0,39.31951267,-120.70221122263156,2.3855263157894737,0.0,0.0,0.0,0.0,3.6635616461296463,0.0,269.0,0.0,0.5,0.1,-0.5,0.5,0,0,1,0,29
Nevada,Summer,2007,44,0,39.30250984818181,-120.81252828045454,1.5011363636363635,0.0,0.0,0.0,0.0,3.8066624897703196,0.0,307.0,0.0,-2.0,-0.56,0.5,-0.5,0,0,1,0,29
Nevada,Summer,2008,26,2,39.37448717923077,-120.65041666807693,141.67346153846154,0.07692307692307693,0.0,0.0,0.0,3.295836866004329,0.0,351.0,0.0,-0.5,-0.37,-2.0,0.5,0,0,1,0,29
Nevada,Summer,2009,16,0,39.37533194375,-120.57758611187501,0.22875,0.0,2.0,0.0,0.6666666666666666,2.833213344056216,2.0,377.0,0.005305039787798408,1.0,0.45,-0.5,-2.0,0,0,1,0,29
Nevada,Summer,2010,12,0,39.373055558333334,-120.5189815,0.15416666666666667,0.0,0.0,2.0,0.6666666666666666,2.5649493574615367,2.0,393.0,0.005089058524173028,-2.0,-1.05,1.0,-0.5,0,0,1,0,29
Nevada,Summer,2011,36,0,39.208137083333334,-120.88154011111111,0.3561111111111111,0.0,0.0,0.0,0.6666666666666666,3.6109179126442243,2.0,405.0,0.0049382716049382715,-1.0,-0.43,-2.0,1.0,0,0,1,0,29
Nevada,Summer,2012,59,0,39.29611303542373,-120.72475432898304,0.7227118644067797,0.0,0.0,0.0,0.0,4.0943445622221,2.0,441.0,0.0045351473922902496,0.0,0.3,-1.0,-2.0,0,0,1,0,29
Nevada,Summer,2013,47,0,39.27579986765957,-120.7499495625532,1.5770212765957448,0.0,0.0,0.0,0.0,3.871201010907891,2.0,500.0,0.004,0.0,-0.35,0.0,-1.0,0,0,1,0,29
Nevada,Summer,2014,43,0,39.31208629232558,-120.58035050116278,2.3234883720930233,0.0,0.0,0.0,0.0,3.784189633918261,2.0,547.0,0.003656307129798903,0.5,0.1,0.0,0.0,0,0,1,0,29
Nevada,Summer,2015,54,0,39.28793887888889,-120.78198617074075,2.352777777777778,0.0,0.0,0.0,0.0,4.007333185232471,2.0,590.0,0.003389830508474576,3.0,1.57,0.5,0.0,0,0,1,0,29
Nevada,Winter,1998,4,0,39.18589775,-121.04801225,2.625,0.0,,,,1.6094379124341003,2.0,644.0,0.003105590062111801,-2.0,-0.78,3.0,0.0,1,0,0,0,29
Nevada,Winter,1999,3,0,39.217196333333334,-121.04405633333333,0.5333333333333333,0.0,0.0,,0.0,1.3862943611198906,0.0,4.0,0.0,-2.0,-1.1,-2.0,3.0,1,0,0,0,29
Nevada,Winter,2000,3,0,39.244506666666666,-121.07406666666667,0.13333333333333333,0.0,0.0,0.0,0.0,1.3862943611198906,0.0,7.0,0.0,-0.5,-0.55,-2.0,-2.0,1,0,0,0,29
Nevada,Winter,2001,1,0,39.247811,-121.121711,1.0,0.0,0.0,0.0,0.0,0.6931471805599453,0.0,10.0,0.0,0.0,-0.08,-0.5,-2.0,1,0,0,0,29
Nevada,Winter,2002,1,0,39.263131,-121.066369,0.1,0.0,0.0,0.0,0.0,0.6931471805599453,0.0,11.0,0.0,1.0,0.79,0.0,-0.5,1,0,0,0,29
Nevada,Winter,2003,4,0,39.2513,-120.9987645,1.2,0.0,0.0,0.0,0.0,1.6094379124341003,0.0,12.0,0.0,0.0,0.08,1.0,0.0,1,0,0,0,29
Nevada,Winter,2004,4,0,39.27716475,-121.08487075,0.125,0.0,0.0,0.0,0.0,1.6094379124341003,0.0,16.0,0.0,0.5,0.47,0.0,1.0,1,0,0,0,29
Nevada,Winter,2005,5,0,39.193879800000005,-120.9938044,0.32,0.0,0.0,0.0,0.0,1.791759469228055,0.0,20.0,0.0,-0.5,-0.06,0.5,0.0,1,0,0,0,29
Nevada,Winter,2006,4,0,39.238397,-121.07389725,1.5,0.0,0.0,0.0,0.0,1.6094379124341003,0.0,25.0,0.0,0.5,0.1,-0.5,0.5,1,0,0,0,29
Nevada,Winter,2007,10,0,39.1993981,-121.057600411,1.6800000000000002,0.0,0.0,0.0,0.0,2.3978952727983707,0.0,29.0,0.0,-2.0,-0.56,0.5,-0.5,1,0,0,0,29
Nevada,Winter,2008,1,0,39.38722222,-120.16305556,0.1,0.0,0.0,0.0,0.0,0.6931471805599453,0.0,39.0,0.0,-0.5,-0.37,-2.0,0.5,1,0,0,0,29
Nevada,Winter,2011,6,0,39.1977705,-121.14147833333334,0.2966666666666667,0.0,0.0,0.0,0.0,1.9459101490553132,0.0,40.0,0.0,-1.0,-0.43,-2.0,1.0,1,0,0,0,29
Nevada,Winter,2012,13,0,39.20368712,-121.08709429076923,0.566923076923077,0.0,0.0,0.0,0.0,2.6390573296152584,0.0,46.0,0.0,0.0,0.3,-1.0,-2.0,1,0,0,0,29
Nevada,Winter,2013,24,0,39.19594504166667,-121.063285375,0.6004166666666667,0.0,0.0,0.0,0.0,3.2188758248682006,0.0,59.0,0.0,0.0,-0.35,0.0,-1.0,1,0,0,0,29
Nevada,Winter,2014,11,0,39.27601147454545,-121.01857762636364,1.2636363636363637,0.0,0.0,0.0,0.0,2.4849066497880004,0.0,83.0,0.0,0.5,0.1,0.0,0.0,1,0,0,0,29
Nevada,Winter,2015,7,0,39.228256428571434,-121.07031199999999,0.62,0.0,0.0,0.0,0.0,2.0794415416798357,0.0,94.0,0.0,3.0,1.57,0.5,0.0,1,0,0,0,29
Orange,Fall,2002,1,1,33.9,-117.775,477.0,1.0,,,,0.6931471805599453,0.0,101.0,0.0,1.0,0.79,0.0,-0.5,0,0,0,1,30
Orange,Fall,2004,2,0,33.817917,-117.734028,24.5,0.0,1.0,,1.0,1.0986122886681098,1.0,1.0,1.0,0.5,0.47,0.0,1.0,0,0,0,1,30
Orange,Fall,2006,2,0,33.60166667,-117.51,1.255,0.0,0.0,1.0,0.5,1.0986122886681098,1.0,3.0,0.3333333333333333,0.5,0.1,-0.5,0.5,0,0,0,1,30
Orange,Fall,2007,1,1,33.74583333,-117.66666667,28476.0,1.0,0.0,0.0,0.3333333333333333,0.6931471805599453,1.0,5.0,0.2,-2.0,-0.56,0.5,-0.5,0,0,0,1,30
Orange,Fall,2008,2,1,33.86541667,-117.70138889,15154.5,0.5,1.0,0.0,0.3333333333333333,1.0986122886681098,2.0,6.0,0.3333333333333333,-0.5,-0.37,-2.0,0.5,0,0,0,1,30
Orange,Fall,2009,4,0,33.6316668625,-117.5661803875,56.2775,0.0,1.0,1.0,0.6666666666666666,1.6094379124341003,3.0,8.0,0.375,1.0,0.45,-0.5,-2.0,0,0,0,1,30
Orange,Fall,2011,16,0,33.730902875,-117.86096756250001,1.07125,0.0,0.0,1.0,0.6666666666666666,2.833213344056216,3.0,12.0,0.25,-1.0,-0.43,-2.0,1.0,0,0,0,1,30
Orange,Fall,2012,1,0,33.67111111,-117.555,0.01,0.0,0.0,0.0,0.3333333333333333,0.6931471805599453,3.0,28.0,0.10714285714285714,0.0,0.3,-1.0,-2.0,0,0,0,1,30
Orange,Fall,2013,8,0,33.7254998475,-117.8548017775,6.475,0.0,0.0,0.0,0.0,2.1972245773362196,3.0,29.0,0.10344827586206896,0.0,-0.35,0.0,-1.0,0,0,0,1,30
Orange,Fall,2014,7,0,33.62452755571429,-117.68165209571428,0.25142857142857145,0.0,0.0,0.0,0.0,2.0794415416798357,3.0,37.0,0.08108108108108109,0.5,0.1,0.0,0.0,0,0,0,1,30
Orange,Fall,2015,13,0,33.73863458076923,-117.85815526461539,0.7592307692307692,0.0,0.0,0.0,0.0,2.6390573296152584,3.0,44.0,0.06818181818181818,3.0,1.57,0.5,0.0,0,0,0,1,30
Orange,Spring,2002,2,2,33.730417,-117.650139,1182.0,1.0,,,,1.0986122886681098,3.0,57.0,0.05263157894736842,1.0,0.79,0.0,-0.5,0,1,0,0,30
Orange,Spring,2004,1,0,33.795833,-117.745833,57.0,0.0,2.0,,2.0,0.6931471805599453,2.0,2.0,1.0,0.5,0.47,0.0,1.0,0,1,0,0,30
Orange,Spring,2006,5,0,33.652277778,-117.452833332,0.064,0.0,0.0,2.0,1.0,1.791759469228055,2.0,3.0,0.6666666666666666,0.5,0.1,-0.5,0.5,0,1,0,0,30
Orange,Spring,2007,6,0,33.55083338833333,-117.41689809333333,20.083333333333332,0.0,0.0,0.0,0.6666666666666666,1.9459101490553132,2.0,8.0,0.25,-2.0,-0.56,0.5,-0.5,0,1,0,0,30
Orange,Spring,2008,3,0,33.72731481666667,-117.52777777666667,0.4000000000000001,0.0,0.0,0.0,0.0,1.3862943611198906,2.0,14.0,0.14285714285714285,-0.5,-0.37,-2.0,0.5,0,1,0,0,30
Orange,Spring,2009,8,0,33.65732638875,-117.5182986125,0.6625,0.0,0.0,0.0,0.0,2.1972245773362196,2.0,17.0,0.11764705882352941,1.0,0.45,-0.5,-2.0,0,1,0,0,30
Orange,Spring,2011,21,0,33.70266371428571,-117.86362328571428,0.23523809523809522,0.0,0.0,0.0,0.0,3.091042453358316,2.0,25.0,0.08,-1.0,-0.43,-2.0,1.0,0,1,0,0,30
Orange,Spring,2012,15,0,33.662934556,-117.76317541466666,0.49933333333333335,0.0,0.0,0.0,0.0,2.772588722239781,2.0,46.0,0.043478260869565216,0.0,0.3,-1.0,-2.0,0,1,0,0,30
Orange,Spring,2013,42,0,33.66804032809524,-117.78301570380953,0.20976190476190476,0.0,0.0,0.0,0.0,3.7612001156935624,2.0,61.0,0.03278688524590164,0.0,-0.35,0.0,-1.0,0,1,0,0,30
Orange,Spring,2014,34,0,33.67247870911765,-117.78581601647059,0.33029411764705885,0.0,0.0,0.0,0.0,3.5553480614894135,2.0,103.0,0.019417475728155338,0.5,0.1,0.0,0.0,0,1,0,0,30
Orange,Spring,2015,13,0,33.71880689692308,-117.78295892307693,0.06692307692307692,0.0,0.0,0.0,0.0,2.6390573296152584,2.0,137.0,0.014598540145985401,3.0,1.57,0.5,0.0,0,1,0,0,30
Orange,Summer,2004,2,0,33.565139,-117.62305549999999,19.0,0.0,,,,1.0986122886681098,2.0,150.0,0.013333333333333334,0.5,0.47,0.0,1.0,0,0,1,0,30
Orange,Summer,2005,4,1,33.694583335000004,-117.477916585,269.5075,0.25,0.0,,0.0,1.6094379124341003,0.0,2.0,0.0,-0.5,-0.06,0.5,0.0,0,0,1,0,30
Orange,Summer,2006,7,0,33.64623016,-117.46623015857143,0.07857142857142858,0.0,1.0,0.0,0.5,2.0794415416798357,1.0,6.0,0.16666666666666666,0.5,0.1,-0.5,0.5,0,0,1,0,30
Orange,Summer,2007,2,0,33.49027778,-117.38777778,0.1,0.0,0.0,1.0,0.3333333333333333,1.0986122886681098,1.0,13.0,0.07692307692307693,-2.0,-0.56,0.5,-0.5,0,0,1,0,30
Orange,Summer,2008,3,0,33.69009259333333,-117.52194444666667,0.39999999999999997,0.0,0.0,0.0,0.3333333333333333,1.3862943611198906,1.0,15.0,0.06666666666666667,-0.5,-0.37,-2.0,0.5,0,0,1,0,30
Orange,Summer,2009,9,0,33.604506173333334,-117.45854938222222,7.433333333333334,0.0,0.0,0.0,0.0,2.302585092994046,1.0,18.0,0.05555555555555555,1.0,0.45,-0.5,-2.0,0,0,1,0,30
Orange,Summer,2010,1,0,33.795833,-117.745833,77.0,0.0,0.0,0.0,0.0,0.6931471805599453,1.0,27.0,0.037037037037037035,-2.0,-1.05,1.0,-0.5,0,0,1,0,30
Orange,Summer,2011,29,0,33.65640568965517,-117.77581648275861,0.4237931034482758,0.0,0.0,0.0,0.0,3.4011973816621555,1.0,28.0,0.03571428571428571,-1.0,-0.43,-2.0,1.0,0,0,1,0,30
Orange,Summer,2012,31,0,33.670939555483876,-117.74721682451613,0.0703225806451613,0.0,0.0,0.0,0.0,3.4657359027997265,1.0,57.0,0.017543859649122806,0.0,0.3,-1.0,-2.0,0,0,1,0,30
Orange,Summer,2013,16,0,33.744858930625,-117.806565104375,0.288125,0.0,0.0,0.0,0.0,2.833213344056216,1.0,88.0,0.011363636363636364,0.0,-0.35,0.0,-1.0,0,0,1,0,30
Orange,Summer,2014,28,1,33.71550730142857,-117.77504289321428,35.731785714285714,0.03571428571428571,0.0,0.0,0.0,3.367295829986474,1.0,104.0,0.009615384615384616,0.5,0.1,0.0,0.0,0,0,1,0,30
Orange,Summer,2015,18,0,33.73036112277778,-117.82856777833334,12.133333333333333,0.0,1.0,0.0,0.3333333333333333,2.9444389791664403,2.0,132.0,0.015151515151515152,3.0,1.57,0.5,0.0,0,0,1,0,30
Orange,Winter,1999,2,0,33.57708333,-117.51722222,0.5,0.0,,,,1.0986122886681098,2.0,150.0,0.013333333333333334,-2.0,-1.1,-2.0,3.0,1,0,0,0,30
Orange,Winter,2006,2,1,33.72097222,-117.57680555499999,5292.125,0.5,0.0,,0.0,1.0986122886681098,0.0,2.0,0.0,0.5,0.1,-0.5,0.5,1,0,0,0,30
Orange,Winter,2007,1,1,33.829167,-117.7125,2036.0,1.0,1.0,0.0,0.5,0.6931471805599453,1.0,4.0,0.25,-2.0,-0.56,0.5,-0.5,1,0,0,0,30
Orange,Winter,2008,1,0,33.56138889,-117.50194444,0.1,0.0,1.0,1.0,0.6666666666666666,0.6931471805599453,2.0,5.0,0.4,-0.5,-0.37,-2.0,0.5,1,0,0,0,30
Orange,Winter,2009,3,0,33.64851852,-117.45907407333334,0.10000000000000002,0.0,0.0,1.0,0.6666666666666666,1.3862943611198906,2.0,6.0,0.3333333333333333,1.0,0.45,-0.5,-2.0,1,0,0,0,30
Orange,Winter,2010,1,0,33.6513889,-117.455,0.1,0.0,0.0,0.0,0.3333333333333333,0.6931471805599453,2.0,9.0,0.2222222222222222,-2.0,-1.05,1.0,-0.5,1,0,0,0,30
Orange,Winter,2011,16,0,33.7183669375,-117.851945125,0.46,0.0,0.0,0.0,0.0,2.833213344056216,2.0,10.0,0.2,-1.0,-0.43,-2.0,1.0,1,0,0,0,30
Orange,Winter,2012,9,0,33.64819333333333,-117.71024544444445,0.09333333333333332,0.0,0.0,0.0,0.0,2.302585092994046,2.0,26.0,0.07692307692307693,0.0,0.3,-1.0,-2.0,1,0,0,0,30
Orange,Winter,2013,10,0,33.6656874,-117.8240428,0.384,0.0,0.0,0.0,0.0,2.3978952727983707,2.0,35.0,0.05714285714285714,0.0,-0.35,0.0,-1.0,1,0,0,0,30
Orange,Winter,2014,6,0,33.647690759999996,-117.77129472166666,0.19000000000000003,0.0,0.0,0.0,0.0,1.9459101490553132,2.0,45.0,0.044444444444444446,0.5,0.1,0.0,0.0,1,0,0,0,30
Orange,Winter,2015,9,0,33.71770519777778,-117.92227808666667,0.08666666666666667,0.0,0.0,0.0,0.0,2.302585092994046,2.0,51.0,0.0392156862745098,3.0,1.57,0.5,0.0,1,0,0,0,30
Placer,Fall,1997,1,0,39.19333333,-120.11333333,0.1,0.0,,,,0.6931471805599453,2.0,60.0,0.03333333333333333,3.0,1.6,0.0,-1.0,0,0,0,1,31
Placer,Fall,1998,4,0,39.007847,-120.94421925,0.1,0.0,0.0,,0.0,1.6094379124341003,0.0,1.0,0.0,-2.0,-0.78,3.0,0.0,0,0,0,1,31
Placer,Fall,1999,13,0,39.11563674384615,-120.59198973615383,0.1,0.0,0.0,0.0,0.0,2.6390573296152584,0.0,5.0,0.0,-2.0,-1.1,-2.0,3.0,0,0,0,1,31
Placer,Fall,2000,10,0,39.081952133,-120.60431198900001,0.49000000000000005,0.0,0.0,0.0,0.0,2.3978952727983707,0.0,18.0,0.0,-0.5,-0.55,-2.0,-2.0,0,0,0,1,31
Placer,Fall,2001,9,0,38.98601566666667,-120.96316144444444,0.5444444444444445,0.0,0.0,0.0,0.0,2.302585092994046,0.0,28.0,0.0,0.0,-0.08,-0.5,-2.0,0,0,0,1,31
Placer,Fall,2002,4,0,39.085776332500004,-120.71808336,0.45,0.0,0.0,0.0,0.0,1.6094379124341003,0.0,37.0,0.0,1.0,0.79,0.0,-0.5,0,0,0,1,31
Placer,Fall,2003,10,0,39.050113666,-120.723174212,31.660000000000004,0.0,0.0,0.0,0.0,2.3978952727983707,0.0,41.0,0.0,0.0,0.08,1.0,0.0,0,0,0,1,31
Placer,Fall,2004,2,0,39.168472225,-120.178194445,0.1,0.0,0.0,0.0,0.0,1.0986122886681098,0.0,51.0,0.0,0.5,0.47,0.0,1.0,0,0,0,1,31
Placer,Fall,2005,6,0,39.071605518333335,-120.77386753666667,0.7333333333333334,0.0,0.0,0.0,0.0,1.9459101490553132,0.0,53.0,0.0,-0.5,-0.06,0.5,0.0,0,0,0,1,31
Placer,Fall,2006,4,0,39.2162499975,-120.40631944500001,0.4625,0.0,0.0,0.0,0.0,1.6094379124341003,0.0,59.0,0.0,0.5,0.1,-0.5,0.5,0,0,0,1,31
Placer,Fall,2007,14,0,39.11797702357143,-120.72117876214286,0.44642857142857145,0.0,0.0,0.0,0.0,2.70805020110221,0.0,63.0,0.0,-2.0,-0.56,0.5,-0.5,0,0,0,1,31
Placer,Fall,2008,5,0,39.233777778000004,-120.38711111,0.15,0.0,0.0,0.0,0.0,1.791759469228055,0.0,77.0,0.0,-0.5,-0.37,-2.0,0.5,0,0,0,1,31
Placer,Fall,2009,6,0,39.261296296666664,-120.48944444666667,0.11,0.0,0.0,0.0,0.0,1.9459101490553132,0.0,82.0,0.0,1.0,0.45,-0.5,-2.0,0,0,0,1,31
Placer,Fall,2010,6,0,39.16004628333334,-120.44203683333335,0.65,0.0,0.0,0.0,0.0,1.9459101490553132,0.0,88.0,0.0,-2.0,-1.05,1.0,-0.5,0,0,0,1,31
Placer,Fall,2011,29,0,38.9423704137931,-121.07352231034483,0.5203448275862069,0.0,0.0,0.0,0.0,3.4011973816621555,0.0,94.0,0.0,-1.0,-0.43,-2.0,1.0,0,0,0,1,31
Placer,Fall,2012,18,0,38.95970919111111,-120.94509232777779,0.33055555555555555,0.0,0.0,0.0,0.0,2.9444389791664403,0.0,123.0,0.0,0.0,0.3,-1.0,-2.0,0,0,0,1,31
Placer,Fall,2013,76,0,38.98241997960526,-121.03110190934211,0.7625000000000001,0.0,0.0,0.0,0.0,4.343805421853684,0.0,141.0,0.0,0.0,-0.35,0.0,-1.0,0,0,0,1,31
Placer,Fall,2014,18,1,38.99053841388889,-120.9725076361111,179.30888888888887,0.05555555555555555,0.0,0.0,0.0,2.9444389791664403,0.0,217.0,0.0,0.5,0.1,0.0,0.0,0,0,0,1,31
Placer,Fall,2015,34,0,38.98611159470588,-120.99157309470587,0.5029411764705882,0.0,1.0,0.0,0.3333333333333333,3.5553480614894135,1.0,235.0,0.00425531914893617,3.0,1.57,0.5,0.0,0,0,0,1,31
Placer,Spring,1998,6,0,39.01537233333333,-120.97426566666667,0.3333333333333333,0.0,,,,1.9459101490553132,1.0,269.0,0.0037174721189591076,-2.0,-0.78,3.0,0.0,0,1,0,0,31
Placer,Spring,1999,12,0,39.0494505,-120.86251155583334,0.39166666666666666,0.0,0.0,,0.0,2.5649493574615367,0.0,6.0,0.0,-2.0,-1.1,-2.0,3.0,0,1,0,0,31
Placer,Spring,2000,6,0,39.072715054999996,-120.71441027833333,1.0166666666666666,0.0,0.0,0.0,0.0,1.9459101490553132,0.0,18.0,0.0,-0.5,-0.55,-2.0,-2.0,0,1,0,0,31
Placer,Spring,2001,10,0,39.0845719,-120.691710844,0.72,0.0,0.0,0.0,0.0,2.3978952727983707,0.0,24.0,0.0,0.0,-0.08,-0.5,-2.0,0,1,0,0,31
Placer,Spring,2002,9,0,38.99525460555556,-120.80927562888888,0.34444444444444444,0.0,0.0,0.0,0.0,2.302585092994046,0.0,34.0,0.0,1.0,0.79,0.0,-0.5,0,1,0,0,31
Placer,Spring,2003,8,0,39.12496833375,-120.55344820875,1.1625,0.0,0.0,0.0,0.0,2.1972245773362196,0.0,43.0,0.0,0.0,0.08,1.0,0.0,0,1,0,0,31
Placer,Spring,2004,23,0,39.06111954173913,-120.70182117869565,0.15217391304347827,0.0,0.0,0.0,0.0,3.1780538303479458,0.0,51.0,0.0,0.5,0.47,0.0,1.0,0,1,0,0,31
Placer,Spring,2005,5,0,39.0290222,-120.94378739999999,0.12000000000000002,0.0,0.0,0.0,0.0,1.791759469228055,0.0,74.0,0.0,-0.5,-0.06,0.5,0.0,0,1,0,0,31
Placer,Spring,2006,12,0,39.098717352499996,-120.80136257416666,0.19999999999999998,0.0,0.0,0.0,0.0,2.5649493574615367,0.0,79.0,0.0,0.5,0.1,-0.5,0.5,0,1,0,0,31
Placer,Spring,2007,35,0,39.09309949228572,-120.81894852685714,0.31314285714285717,0.0,0.0,0.0,0.0,3.58351893845611,0.0,91.0,0.0,-2.0,-0.56,0.5,-0.5,0,1,0,0,31
Placer,Spring,2008,12,0,39.1715731475,-120.4122712975,1.2208333333333334,0.0,0.0,0.0,0.0,2.5649493574615367,0.0,126.0,0.0,-0.5,-0.37,-2.0,0.5,0,1,0,0,31
Placer,Spring,2009,5,0,39.111722222000004,-120.568722224,0.276,0.0,0.0,0.0,0.0,1.791759469228055,0.0,138.0,0.0,1.0,0.45,-0.5,-2.0,0,1,0,0,31
Placer,Spring,2010,5,0,39.2205,-120.299,0.154,0.0,0.0,0.0,0.0,1.791759469228055,0.0,143.0,0.0,-2.0,-1.05,1.0,-0.5,0,1,0,0,31
Placer,Spring,2011,27,0,38.84070496296296,-121.17580996296296,0.39296296296296296,0.0,0.0,0.0,0.0,3.332204510175204,0.0,148.0,0.0,-1.0,-0.43,-2.0,1.0,0,1,0,0,31
Placer,Spring,2012,41,0,39.00207751195122,-120.95997573439024,8.936585365853658,0.0,0.0,0.0,0.0,3.7376696182833684,0.0,175.0,0.0,0.0,0.3,-1.0,-2.0,0,1,0,0,31
Placer,Spring,2013,68,0,38.98325688558823,-121.05373922749999,4.544705882352941,0.0,0.0,0.0,0.0,4.23410650459726,0.0,216.0,0.0,0.0,-0.35,0.0,-1.0,0,1,0,0,31
Placer,Spring,2014,72,0,38.94872252472222,-121.00398225,0.49416666666666664,0.0,0.0,0.0,0.0,4.290459441148391,0.0,284.0,0.0,0.5,0.1,0.0,0.0,0,1,0,0,31
Placer,Spring,2015,50,0,38.9853389334,-121.06152290440001,2.1364,0.0,0.0,0.0,0.0,3.9318256327243257,0.0,356.0,0.0,3.0,1.57,0.5,0.0,0,1,0,0,31
Placer,Summer,1998,18,0,38.992725981666666,-120.78781729666667,2.6444444444444444,0.0,,,,2.9444389791664403,0.0,406.0,0.0,-2.0,-0.78,3.0,0.0,0,0,1,0,31
Placer,Summer,1999,28,0,39.12902707535714,-120.54583925357143,0.8464285714285715,0.0,0.0,,0.0,3.367295829986474,0.0,18.0,0.0,-2.0,-1.1,-2.0,3.0,0,0,1,0,31
Placer,Summer,2000,25,1,39.0701338752,-120.8182512536,14.972000000000001,0.04,0.0,0.0,0.0,3.258096538021482,0.0,46.0,0.0,-0.5,-0.55,-2.0,-2.0,0,0,1,0,31
Placer,Summer,2001,32,0,39.078473614687496,-120.5201532984375,4.1625,0.0,1.0,0.0,0.3333333333333333,3.4965075614664802,1.0,71.0,0.014084507042253521,0.0,-0.08,-0.5,-2.0,0,0,1,0,31
Placer,Summer,2002,22,1,39.11946819681818,-120.67931172272728,29.454545454545453,0.045454545454545456,0.0,1.0,0.3333333333333333,3.1354942159291497,1.0,103.0,0.009708737864077669,1.0,0.79,0.0,-0.5,0,0,1,0,31
Placer,Summer,2003,28,0,39.087277611785716,-120.66705206714286,0.7607142857142858,0.0,1.0,0.0,0.6666666666666666,3.367295829986474,2.0,125.0,0.016,0.0,0.08,1.0,0.0,0,0,1,0,31
Placer,Summer,2004,24,0,39.00767360625,-120.62375911125001,1.3958333333333333,0.0,0.0,1.0,0.3333333333333333,3.2188758248682006,2.0,153.0,0.013071895424836602,0.5,0.47,0.0,1.0,0,0,1,0,31
Placer,Summer,2005,21,0,39.080903137619046,-120.62194204238097,0.2857142857142857,0.0,0.0,0.0,0.3333333333333333,3.091042453358316,2.0,177.0,0.011299435028248588,-0.5,-0.06,0.5,0.0,0,0,1,0,31
Placer,Summer,2006,42,1,39.09784772833333,-120.63066950476191,201.97238095238095,0.023809523809523808,0.0,0.0,0.0,3.7612001156935624,2.0,198.0,0.010101010101010102,0.5,0.1,-0.5,0.5,0,0,1,0,31
Placer,Summer,2007,76,0,39.13314317263158,-120.64674102078946,0.6340789473684211,0.0,1.0,0.0,0.3333333333333333,4.343805421853684,3.0,240.0,0.0125,-2.0,-0.56,0.5,-0.5,0,0,1,0,31
Placer,Summer,2008,25,3,39.191233333599996,-120.38730000039999,822.768,0.12,0.0,1.0,0.3333333333333333,3.258096538021482,3.0,316.0,0.00949367088607595,-0.5,-0.37,-2.0,0.5,0,0,1,0,31
Placer,Summer,2009,45,1,39.16653827133334,-120.314277038,15.15177777777778,0.022222222222222223,3.0,0.0,1.3333333333333333,3.828641396489095,6.0,341.0,0.017595307917888565,1.0,0.45,-0.5,-2.0,0,0,1,0,31
Placer,Summer,2010,24,0,39.16947916666667,-120.36949079166668,4.242083333333333,0.0,1.0,3.0,1.3333333333333333,3.2188758248682006,7.0,386.0,0.018134715025906734,-2.0,-1.05,1.0,-0.5,0,0,1,0,31
Placer,Summer,2011,95,0,38.89513292631579,-121.14426357894737,1.6292631578947367,0.0,0.0,1.0,1.3333333333333333,4.564348191467836,7.0,410.0,0.01707317073170732,-1.0,-0.43,-2.0,1.0,0,0,1,0,31
Placer,Summer,2012,135,1,39.00465701748148,-120.88272161718518,20.63888888888889,0.007407407407407408,0.0,0.0,0.3333333333333333,4.912654885736052,7.0,505.0,0.013861386138613862,0.0,0.3,-1.0,-2.0,0,0,1,0,31
Placer,Summer,2013,95,1,39.007824156842105,-120.89086497747368,290.15505263157894,0.010526315789473684,1.0,0.0,0.3333333333333333,4.564348191467836,8.0,640.0,0.0125,0.0,-0.35,0.0,-1.0,0,0,1,0,31
Placer,Summer,2014,85,0,39.001596245882354,-120.89663108858824,0.8784705882352941,0.0,1.0,1.0,0.6666666666666666,4.454347296253507,9.0,735.0,0.012244897959183673,0.5,0.1,0.0,0.0,0,0,1,0,31
Placer,Summer,2015,98,0,39.061876869489794,-120.80955169387755,1.3727551020408164,0.0,0.0,1.0,0.6666666666666666,4.59511985013459,9.0,820.0,0.01097560975609756,3.0,1.57,0.5,0.0,0,0,1,0,31
Placer,Winter,1999,1,0,39.07875,-120.941331,0.1,0.0,,,,0.6931471805599453,9.0,918.0,0.00980392156862745,-2.0,-1.1,-2.0,3.0,1,0,0,0,31
Placer,Winter,2001,4,0,39.085075,-120.8668175,1.1,0.0,0.0,,0.0,1.6094379124341003,0.0,1.0,0.0,0.0,-0.08,-0.5,-2.0,1,0,0,0,31
Placer,Winter,2006,4,0,39.076778250000004,-120.9510445,0.1,0.0,0.0,0.0,0.0,1.6094379124341003,0.0,5.0,0.0,0.5,0.1,-0.5,0.5,1,0,0,0,31
Placer,Winter,2007,9,0,39.10858658,-120.88668503666668,0.14444444444444446,0.0,0.0,0.0,0.0,2.302585092994046,0.0,9.0,0.0,-2.0,-0.56,0.5,-0.5,1,0,0,0,31
Placer,Winter,2011,9,0,38.986891444444446,-121.09125566666665,0.3922222222222222,0.0,0.0,0.0,0.0,2.302585092994046,0.0,18.0,0.0,-1.0,-0.43,-2.0,1.0,1,0,0,0,31
Placer,Winter,2012,26,0,38.91003732461539,-121.095266325,0.9103846153846155,0.0,0.0,0.0,0.0,3.295836866004329,0.0,27.0,0.0,0.0,0.3,-1.0,-2.0,1,0,0,0,31
Placer,Winter,2013,17,0,38.932688705882356,-121.19483429411764,0.6947058823529412,0.0,0.0,0.0,0.0,2.8903717578961645,0.0,53.0,0.0,0.0,-0.35,0.0,-1.0,1,0,0,0,31
Placer,Winter,2014,23,0,38.84799712565217,-120.99779882608695,6.09695652173913,0.0,0.0,0.0,0.0,3.1780538303479458,0.0,70.0,0.0,0.5,0.1,0.0,0.0,1,0,0,0,31
Placer,Winter,2015,3,0,38.97554181333334,-120.79233462999998,31.0,0.0,0.0,0.0,0.0,1.3862943611198906,0.0,93.0,0.0,3.0,1.57,0.5,0.0,1,0,0,0,31
Plumas,Fall,2001,1,0,39.7025,-120.20194444,1.2,0.0,,,,0.6931471805599453,0.0,96.0,0.0,0.0,-0.08,-0.5,-2.0,0,0,0,1,32
Plumas,Fall,2004,1,0,39.7525,-120.18472222,131.0,0.0,0.0,,0.0,0.6931471805599453,0.0,1.0,0.0,0.5,0.47,0.0,1.0,0,0,0,1,32
Plumas,Fall,2005,17,0,39.91547581647059,-120.8744261447059,2.5941176470588236,0.0,0.0,0.0,0.0,2.8903717578961645,0.0,2.0,0.0,-0.5,-0.06,0.5,0.0,0,0,0,1,32
Plumas,Fall,2006,20,0,39.9516666675,-120.72593055600001,0.43499999999999994,0.0,0.0,0.0,0.0,3.044522437723423,0.0,19.0,0.0,0.5,0.1,-0.5,0.5,0,0,0,1,32
Plumas,Fall,2007,12,0,40.00210648,-120.9079629625,4.079166666666667,0.0,0.0,0.0,0.0,2.5649493574615367,0.0,39.0,0.0,-2.0,-0.56,0.5,-0.5,0,0,0,1,32
Plumas,Fall,2008,9,0,39.63277777888889,-120.83228395222221,0.6788888888888889,0.0,0.0,0.0,0.0,2.302585092994046,0.0,51.0,0.0,-0.5,-0.37,-2.0,0.5,0,0,0,1,32
Plumas,Fall,2009,10,0,40.059138889,-120.801972223,0.303,0.0,0.0,0.0,0.0,2.3978952727983707,0.0,60.0,0.0,1.0,0.45,-0.5,-2.0,0,0,0,1,32
Plumas,Fall,2010,12,0,40.0268287,-120.77069458333334,0.22999999999999998,0.0,0.0,0.0,0.0,2.5649493574615367,0.0,70.0,0.0,-2.0,-1.05,1.0,-0.5,0,0,0,1,32
Plumas,Fall,2011,1,0,40.251134,-121.142948,0.25,0.0,0.0,0.0,0.0,0.6931471805599453,0.0,82.0,0.0,-1.0,-0.43,-2.0,1.0,0,0,0,1,32
Plumas,Fall,2012,8,0,40.07657936,-120.91168362250001,12.63875,0.0,0.0,0.0,0.0,2.1972245773362196,0.0,83.0,0.0,0.0,0.3,-1.0,-2.0,0,0,0,1,32
Plumas,Fall,2013,9,0,39.97915744444444,-120.88976296222222,2.6666666666666665,0.0,0.0,0.0,0.0,2.302585092994046,0.0,91.0,0.0,0.0,-0.35,0.0,-1.0,0,0,0,1,32
Plumas,Fall,2014,6,0,39.87962962833333,-120.78648148166667,0.10000000000000002,0.0,0.0,0.0,0.0,1.9459101490553132,0.0,100.0,0.0,0.5,0.1,0.0,0.0,0,0,0,1,32
Plumas,Fall,2015,7,0,40.07083333285714,-120.90146825571428,0.3657142857142857,0.0,0.0,0.0,0.0,2.0794415416798357,0.0,106.0,0.0,3.0,1.57,0.5,0.0,0,0,0,1,32
Plumas,Spring,2001,2,0,40.336139,-121.222975,0.65,0.0,,,,1.0986122886681098,0.0,113.0,0.0,0.0,-0.08,-0.5,-2.0,0,1,0,0,32
Plumas,Spring,2002,2,0,40.040441720000004,-120.669816665,0.55,0.0,0.0,,0.0,1.0986122886681098,0.0,2.0,0.0,1.0,0.79,0.0,-0.5,0,1,0,0,32
Plumas,Spring,2003,1,0,40.328731,-121.241689,0.5,0.0,0.0,0.0,0.0,0.6931471805599453,0.0,4.0,0.0,0.0,0.08,1.0,0.0,0,1,0,0,32
Plumas,Spring,2004,1,0,39.831811,-120.2675,0.1,0.0,0.0,0.0,0.0,0.6931471805599453,0.0,5.0,0.0,0.5,0.47,0.0,1.0,0,1,0,0,32
Plumas,Spring,2005,3,0,39.884537036666664,-120.37907407333334,1.0,0.0,0.0,0.0,0.0,1.3862943611198906,0.0,6.0,0.0,-0.5,-0.06,0.5,0.0,0,1,0,0,32
Plumas,Spring,2006,20,0,40.027027778000004,-120.7188472215,0.20950000000000002,0.0,0.0,0.0,0.0,3.044522437723423,0.0,9.0,0.0,0.5,0.1,-0.5,0.5,0,1,0,0,32
Plumas,Spring,2007,33,0,39.91867845151515,-120.6535690239394,2.213030303030303,0.0,0.0,0.0,0.0,3.5263605246161616,0.0,29.0,0.0,-2.0,-0.56,0.5,-0.5,0,1,0,0,32
Plumas,Spring,2008,20,0,39.967680556,-120.786111112,0.179,0.0,0.0,0.0,0.0,3.044522437723423,0.0,62.0,0.0,-0.5,-0.37,-2.0,0.5,0,1,0,0,32
Plumas,Spring,2009,37,0,39.97920420378379,-120.76904654675675,0.20459459459459461,0.0,0.0,0.0,0.0,3.6375861597263857,0.0,82.0,0.0,1.0,0.45,-0.5,-2.0,0,1,0,0,32
Plumas,Spring,2010,4,0,40.15041665,-120.92006925,0.0775,0.0,0.0,0.0,0.0,1.6094379124341003,0.0,119.0,0.0,-2.0,-1.05,1.0,-0.5,0,1,0,0,32
Plumas,Spring,2012,18,0,39.96614354388888,-120.81263960555556,0.3938888888888889,0.0,0.0,0.0,0.0,2.9444389791664403,0.0,123.0,0.0,0.0,0.3,-1.0,-2.0,0,1,0,0,32
Plumas,Spring,2013,22,0,40.027495574999996,-120.84046821772728,0.25272727272727274,0.0,0.0,0.0,0.0,3.1354942159291497,0.0,141.0,0.0,0.0,-0.35,0.0,-1.0,0,1,0,0,32
Plumas,Spring,2014,23,0,39.98327948347826,-120.85939590826086,0.3991304347826087,0.0,0.0,0.0,0.0,3.1780538303479458,0.0,163.0,0.0,0.5,0.1,0.0,0.0,0,1,0,0,32
Plumas,Spring,2015,35,0,39.960270167714285,-120.95683174599999,4.500857142857143,0.0,0.0,0.0,0.0,3.58351893845611,0.0,186.0,0.0,3.0,1.57,0.5,0.0,0,1,0,0,32
Plumas,Summer,1998,1,0,40.373169,-121.0705,0.1,0.0,,,,0.6931471805599453,0.0,221.0,0.0,-2.0,-0.78,3.0,0.0,0,0,1,0,32
Plumas,Summer,2000,1,0,40.3436,-121.204281,1.0,0.0,0.0,,0.0,0.6931471805599453,0.0,1.0,0.0,-0.5,-0.55,-2.0,-2.0,0,0,1,0,32
Plumas,Summer,2001,1,0,40.3436,-121.204281,0.1,0.0,0.0,0.0,0.0,0.6931471805599453,0.0,2.0,0.0,0.0,-0.08,-0.5,-2.0,0,0,1,0,32
Plumas,Summer,2002,2,0,40.0643,-120.68658494499999,6.55,0.0,0.0,0.0,0.0,1.0986122886681098,0.0,3.0,0.0,1.0,0.79,0.0,-0.5,0,0,1,0,32
Plumas,Summer,2003,3,1,39.746111113333335,-120.26046296333334,1905.0333333333335,0.3333333333333333,0.0,0.0,0.0,1.3862943611198906,0.0,5.0,0.0,0.0,0.08,1.0,0.0,0,0,1,0,32
Plumas,Summer,2004,5,0,39.842396198,-120.506641134,0.86,0.0,1.0,0.0,0.3333333333333333,1.791759469228055,1.0,8.0,0.125,0.5,0.47,0.0,1.0,0,0,1,0,32
Plumas,Summer,2005,47,0,39.96125295531915,-120.67026004702127,1.226595744680851,0.0,0.0,1.0,0.3333333333333333,3.871201010907891,1.0,13.0,0.07692307692307693,-0.5,-0.06,0.5,0.0,0,0,1,0,32
Plumas,Summer,2006,101,3,40.00796201732673,-120.66034901277229,39.71306930693069,0.0297029702970297,0.0,0.0,0.3333333333333333,4.624972813284271,1.0,60.0,0.016666666666666666,0.5,0.1,-0.5,0.5,0,0,1,0,32
Plumas,Summer,2007,53,3,40.06120020943396,-120.77762054528301,1669.1671698113207,0.05660377358490566,3.0,0.0,1.0,3.9889840465642745,4.0,161.0,0.024844720496894408,-2.0,-0.56,0.5,-0.5,0,0,1,0,32
Plumas,Summer,2008,75,9,39.99184444466666,-121.05812592560001,578.7569333333333,0.12,3.0,3.0,2.0,4.330733340286331,7.0,214.0,0.03271028037383177,-0.5,-0.37,-2.0,0.5,0,0,1,0,32
Plumas,Summer,2009,48,2,39.948564815208336,-120.67651620354167,19.39375,0.041666666666666664,9.0,3.0,5.0,3.8918202981106265,16.0,289.0,0.05536332179930796,1.0,0.45,-0.5,-2.0,0,0,1,0,32
Plumas,Summer,2010,52,1,39.98982906153846,-120.78220084615386,24.46076923076923,0.019230769230769232,2.0,9.0,4.666666666666667,3.970291913552122,18.0,337.0,0.05341246290801187,-2.0,-1.05,1.0,-0.5,0,0,1,0,32
Plumas,Summer,2011,7,0,40.06680885714286,-121.12740285714287,0.48142857142857143,0.0,1.0,2.0,4.0,2.0794415416798357,19.0,389.0,0.04884318766066838,-1.0,-0.43,-2.0,1.0,0,0,1,0,32
Plumas,Summer,2012,58,2,39.999194283965515,-120.77627339655173,1314.3879310344828,0.034482758620689655,0.0,1.0,1.0,4.07753744390572,19.0,396.0,0.047979797979797977,0.0,0.3,-1.0,-2.0,0,0,1,0,32
Plumas,Summer,2013,87,0,40.01099622448275,-120.76684169137931,7.237126436781609,0.0,2.0,0.0,1.0,4.477336814478207,21.0,454.0,0.046255506607929514,0.0,-0.35,0.0,-1.0,0,0,1,0,32
Plumas,Summer,2014,94,0,40.01123189,-120.6663695181915,0.842659574468085,0.0,0.0,2.0,0.6666666666666666,4.553876891600541,21.0,541.0,0.038817005545286505,0.5,0.1,0.0,0.0,0,0,1,0,32
Plumas,Summer,2015,133,0,40.03056789639098,-120.71693613661654,0.21789473684210528,0.0,0.0,0.0,0.6666666666666666,4.897839799950911,21.0,635.0,0.03307086614173228,3.0,1.57,0.5,0.0,0,0,1,0,32
Plumas,Winter,2005,2,0,40.021388885,-120.6075,9.05,0.0,,,,1.0986122886681098,21.0,768.0,0.02734375,-0.5,-0.06,0.5,0.0,1,0,0,0,32
Plumas,Winter,2006,5,0,39.364722222,-120.709666668,1.3,0.0,0.0,,0.0,1.791759469228055,0.0,2.0,0.0,0.5,0.1,-0.5,0.5,1,0,0,0,32
Plumas,Winter,2007,5,0,39.679944444,-120.56199999999998,18.02,0.0,0.0,0.0,0.0,1.791759469228055,0.0,7.0,0.0,-2.0,-0.56,0.5,-0.5,1,0,0,0,32
Plumas,Winter,2008,1,0,40.04888889,-120.815,1.0,0.0,0.0,0.0,0.0,0.6931471805599453,0.0,12.0,0.0,-0.5,-0.37,-2.0,0.5,1,0,0,0,32
Plumas,Winter,2009,1,0,39.9775,-120.90305556,0.25,0.0,0.0,0.0,0.0,0.6931471805599453,0.0,13.0,0.0,1.0,0.45,-0.5,-2.0,1,0,0,0,32
Plumas,Winter,2011,1,0,39.7632,-120.589874,0.1,0.0,0.0,0.0,0.0,0.6931471805599453,0.0,14.0,0.0,-1.0,-0.43,-2.0,1.0,1,0,0,0,32
Plumas,Winter,2012,12,0,40.05416413,-120.82100607416668,1.9108333333333334,0.0,0.0,0.0,0.0,2.5649493574615367,0.0,15.0,0.0,0.0,0.3,-1.0,-2.0,1,0,0,0,32
Plumas,Winter,2013,4,0,40.0769650825,-120.98083511,0.3625,0.0,0.0,0.0,0.0,1.6094379124341003,0.0,27.0,0.0,0.0,-0.35,0.0,-1.0,1,0,0,0,32
Plumas,Winter,2014,2,0,40.08427339,-120.825355335,0.1,0.0,0.0,0.0,0.0,1.0986122886681098,0.0,31.0,0.0,0.5,0.1,0.0,0.0,1,0,0,0,32
Plumas,Winter,2015,9,0,39.87817901333333,-120.72608024555555,5.596666666666667,0.0,0.0,0.0,0.0,2.302585092994046,0.0,33.0,0.0,3.0,1.57,0.5,0.0,1,0,0,0,32
Riverside,Fall,1998,54,0,33.78559914814815,-116.70625603703704,1.6796296296296296,0.0,,,,4.007333185232471,0.0,42.0,0.0,-2.0,-0.78,3.0,0.0,0,0,0,1,33
Riverside,Fall,1999,37,0,33.76439467567568,-116.73979191891893,0.5243243243243244,0.0,0.0,,0.0,3.6375861597263857,0.0,54.0,0.0,-2.0,-1.1,-2.0,3.0,0,0,0,1,33
Riverside,Fall,2000,29,0,33.77250613793104,-116.95839796551724,0.3793103448275862,0.0,0.0,0.0,0.0,3.4011973816621555,0.0,91.0,0.0,-0.5,-0.55,-2.0,-2.0,0,0,0,1,33
Riverside,Fall,2001,33,0,33.77537006060606,-116.70863960606061,2.2454545454545456,0.0,0.0,0.0,0.0,3.5263605246161616,0.0,120.0,0.0,0.0,-0.08,-0.5,-2.0,0,0,0,1,33
Riverside,Fall,2002,31,0,33.78634638709677,-116.8268364516129,0.9225806451612903,0.0,0.0,0.0,0.0,3.4657359027997265,0.0,153.0,0.0,1.0,0.79,0.0,-0.5,0,0,0,1,33
Riverside,Fall,2003,36,2,33.78734238888889,-116.85765013888889,366.6722222222222,0.05555555555555555,0.0,0.0,0.0,3.6109179126442243,0.0,184.0,0.0,0.0,0.08,1.0,0.0,0,0,0,1,33
Riverside,Fall,2004,22,0,33.77614094954546,-116.47037009090909,0.18227272727272725,0.0,2.0,0.0,0.6666666666666666,3.1354942159291497,2.0,220.0,0.00909090909090909,0.5,0.47,0.0,1.0,0,0,0,1,33
Riverside,Fall,2005,40,1,33.7357275,-116.7771959,179.93,0.025,0.0,2.0,0.6666666666666666,3.713572066704308,2.0,242.0,0.008264462809917356,-0.5,-0.06,0.5,0.0,0,0,0,1,33
Riverside,Fall,2006,50,2,33.775118311199996,-116.96669007759999,825.2014,0.04,1.0,0.0,1.0,3.9318256327243257,3.0,282.0,0.010638297872340425,0.5,0.1,-0.5,0.5,0,0,0,1,33
Riverside,Fall,2007,212,1,33.73894448325472,-116.68566485382075,3.6424528301886796,0.0047169811320754715,2.0,1.0,1.0,5.3612921657094255,5.0,332.0,0.015060240963855422,-2.0,-0.56,0.5,-0.5,0,0,0,1,33
Riverside,Fall,2008,33,0,33.684553568484844,-116.90413617848485,0.8751515151515151,0.0,1.0,2.0,1.3333333333333333,3.5263605246161616,6.0,544.0,0.011029411764705883,-0.5,-0.37,-2.0,0.5,0,0,0,1,33
Riverside,Fall,2009,22,0,33.73036612136364,-116.83163330318183,2.1750000000000003,0.0,0.0,1.0,1.0,3.1354942159291497,6.0,577.0,0.010398613518197574,1.0,0.45,-0.5,-2.0,0,0,0,1,33
Riverside,Fall,2010,35,0,33.749946542857145,-116.54126085714286,1.6585714285714286,0.0,0.0,0.0,0.3333333333333333,3.58351893845611,6.0,599.0,0.01001669449081803,-2.0,-1.05,1.0,-0.5,0,0,0,1,33
Riverside,Fall,2011,142,0,33.775751542253516,-116.98262357042253,1.2427464788732394,0.0,0.0,0.0,0.0,4.962844630259907,6.0,634.0,0.00946372239747634,-1.0,-0.43,-2.0,1.0,0,0,0,1,33
Riverside,Fall,2012,113,1,33.779107938938054,-116.7774960077876,5.088849557522123,0.008849557522123894,0.0,0.0,0.0,4.736198448394496,6.0,776.0,0.007731958762886598,0.0,0.3,-1.0,-2.0,0,0,0,1,33
Riverside,Fall,2013,105,0,33.778734171428574,-117.02583708133334,2.6199999999999997,0.0,1.0,0.0,0.3333333333333333,4.663439094112067,7.0,889.0,0.007874015748031496,0.0,-0.35,0.0,-1.0,0,0,0,1,33
Riverside,Fall,2014,97,0,33.78476328515464,-116.85111170340205,1.467938144329897,0.0,0.0,1.0,0.3333333333333333,4.584967478670572,7.0,994.0,0.007042253521126761,0.5,0.1,0.0,0.0,0,0,0,1,33
Riverside,Fall,2015,119,1,33.72222018672269,-116.80543916151261,4.429159663865547,0.008403361344537815,0.0,0.0,0.3333333333333333,4.787491742782046,7.0,1091.0,0.006416131989000917,3.0,1.57,0.5,0.0,0,0,0,1,33
Riverside,Spring,1998,61,0,33.76312885245901,-116.70024447540983,1.5508196721311474,0.0,,,,4.127134385045092,8.0,1210.0,0.006611570247933884,-2.0,-0.78,3.0,0.0,0,1,0,0,33
Riverside,Spring,1999,55,0,33.814443272727274,-116.82544585454545,0.32545454545454544,0.0,0.0,,0.0,4.02535169073515,0.0,61.0,0.0,-2.0,-1.1,-2.0,3.0,0,1,0,0,33
Riverside,Spring,2000,54,0,33.73680501851852,-116.61804046296295,1.8351851851851853,0.0,0.0,0.0,0.0,4.007333185232471,0.0,116.0,0.0,-0.5,-0.55,-2.0,-2.0,0,1,0,0,33
Riverside,Spring,2001,43,0,33.793881488372094,-116.74879227906976,2.3418604651162793,0.0,0.0,0.0,0.0,3.784189633918261,0.0,170.0,0.0,0.0,-0.08,-0.5,-2.0,0,1,0,0,33
Riverside,Spring,2002,69,0,33.76966643478261,-116.70133497101449,0.8956521739130434,0.0,0.0,0.0,0.0,4.248495242049359,0.0,213.0,0.0,1.0,0.79,0.0,-0.5,0,1,0,0,33
Riverside,Spring,2003,34,0,33.80128873529412,-116.8583625,2.0411764705882356,0.0,0.0,0.0,0.0,3.5553480614894135,0.0,282.0,0.0,0.0,0.08,1.0,0.0,0,1,0,0,33
Riverside,Spring,2004,63,2,33.76553711111111,-116.81473380952382,295.136507936508,0.031746031746031744,0.0,0.0,0.0,4.1588830833596715,0.0,316.0,0.0,0.5,0.47,0.0,1.0,0,1,0,0,33
Riverside,Spring,2005,73,0,33.80414348712329,-116.8136342480822,4.775479452054794,0.0,2.0,0.0,0.6666666666666666,4.30406509320417,2.0,379.0,0.005277044854881266,-0.5,-0.06,0.5,0.0,0,1,0,0,33
Riverside,Spring,2006,82,1,33.742974914390246,-116.4896530704878,7.349390243902438,0.012195121951219513,0.0,2.0,0.6666666666666666,4.418840607796598,2.0,452.0,0.004424778761061947,0.5,0.1,-0.5,0.5,0,1,0,0,33
Riverside,Spring,2007,258,1,33.752808119689924,-116.71943918476744,4.056589147286822,0.003875968992248062,1.0,0.0,1.0,5.556828061699537,3.0,534.0,0.0056179775280898875,-2.0,-0.56,0.5,-0.5,0,1,0,0,33
Riverside,Spring,2008,21,2,33.73759280428572,-116.84429185238096,67.43095238095238,0.09523809523809523,1.0,1.0,0.6666666666666666,3.091042453358316,4.0,792.0,0.005050505050505051,-0.5,-0.37,-2.0,0.5,0,1,0,0,33
Riverside,Spring,2009,39,0,33.69552815358974,-116.83226747102563,1.9794871794871796,0.0,2.0,1.0,1.3333333333333333,3.6888794541139363,6.0,813.0,0.007380073800738007,1.0,0.45,-0.5,-2.0,0,1,0,0,33
Riverside,Spring,2010,50,1,33.755315972,-116.9439614,19.533,0.02,0.0,2.0,1.0,3.9318256327243257,6.0,852.0,0.007042253521126761,-2.0,-1.05,1.0,-0.5,0,1,0,0,33
Riverside,Spring,2011,221,0,33.798944760180994,-116.92532596380092,2.129502262443439,0.0,1.0,0.0,1.0,5.402677381872279,7.0,902.0,0.007760532150776054,-1.0,-0.43,-2.0,1.0,0,1,0,0,33
Riverside,Spring,2012,277,2,33.77919914361011,-116.90791141588447,11.828050541516244,0.007220216606498195,0.0,1.0,0.3333333333333333,5.627621113690637,7.0,1123.0,0.006233303650934996,0.0,0.3,-1.0,-2.0,0,1,0,0,33
Riverside,Spring,2013,279,3,33.78533838430108,-116.93958473792114,39.9463082437276,0.010752688172043012,2.0,0.0,1.0,5.634789603169249,9.0,1400.0,0.0064285714285714285,0.0,-0.35,0.0,-1.0,0,1,0,0,33
Riverside,Spring,2014,212,1,33.74819525872641,-116.73916123632077,70.7963679245283,0.0047169811320754715,3.0,2.0,1.6666666666666667,5.3612921657094255,12.0,1679.0,0.00714711137581894,0.5,0.1,0.0,0.0,0,1,0,0,33
Riverside,Spring,2015,225,1,33.779225034044444,-116.85549474022221,7.09951111111111,0.0044444444444444444,1.0,3.0,2.0,5.420534999272286,13.0,1891.0,0.006874669487043892,3.0,1.57,0.5,0.0,0,1,0,0,33
Riverside,Summer,1998,126,0,33.77978274603175,-116.82710699206349,5.108730158730159,0.0,,,,4.844187086458591,14.0,2116.0,0.006616257088846881,-2.0,-0.78,3.0,0.0,0,0,1,0,33
Riverside,Summer,1999,77,0,33.75508971428572,-116.8359396883117,3.102597402597403,0.0,0.0,,0.0,4.356708826689592,0.0,126.0,0.0,-2.0,-1.1,-2.0,3.0,0,0,1,0,33
Riverside,Summer,2000,86,0,33.79168368604651,-116.8138249883721,1.1174418604651164,0.0,0.0,0.0,0.0,4.465908118654584,0.0,203.0,0.0,-0.5,-0.55,-2.0,-2.0,0,0,1,0,33
Riverside,Summer,2001,97,0,33.8166166185567,-116.92693580412372,6.076288659793814,0.0,0.0,0.0,0.0,4.584967478670572,0.0,289.0,0.0,0.0,-0.08,-0.5,-2.0,0,0,1,0,33
Riverside,Summer,2002,59,1,33.75956144067796,-116.64446501694916,9.562711864406781,0.01694915254237288,0.0,0.0,0.0,4.0943445622221,0.0,386.0,0.0,1.0,0.79,0.0,-0.5,0,0,1,0,33
Riverside,Summer,2003,86,2,33.76616025581396,-116.95091395348837,250.88837209302324,0.023255813953488372,1.0,0.0,0.3333333333333333,4.465908118654584,1.0,445.0,0.0022471910112359553,0.0,0.08,1.0,0.0,0,0,1,0,33
Riverside,Summer,2004,74,1,33.77654910810811,-116.83540113513513,51.366216216216216,0.013513513513513514,2.0,1.0,1.0,4.31748811353631,3.0,531.0,0.005649717514124294,0.5,0.47,0.0,1.0,0,0,1,0,33
Riverside,Summer,2005,115,1,33.747745269565215,-116.72139794782608,24.390434782608697,0.008695652173913044,1.0,2.0,1.3333333333333333,4.7535901911063645,4.0,605.0,0.006611570247933884,-0.5,-0.06,0.5,0.0,0,0,1,0,33
Riverside,Summer,2006,141,1,33.738177621843974,-116.81540407666667,20.948439716312055,0.0070921985815602835,1.0,1.0,1.3333333333333333,4.955827057601261,5.0,720.0,0.006944444444444444,0.5,0.1,-0.5,0.5,0,0,1,0,33
Riverside,Summer,2007,297,1,33.76104769723906,-116.70313655868688,3.2335016835016837,0.003367003367003367,1.0,1.0,1.0,5.697093486505405,6.0,861.0,0.006968641114982578,-2.0,-0.56,0.5,-0.5,0,0,1,0,33
Riverside,Summer,2008,41,0,33.642035908780485,-116.73660187536585,8.298780487804878,0.0,1.0,1.0,1.0,3.7376696182833684,7.0,1158.0,0.006044905008635579,-0.5,-0.37,-2.0,0.5,0,0,1,0,33
Riverside,Summer,2009,57,3,33.730526793684206,-116.93697432368421,65.04824561403508,0.05263157894736842,0.0,1.0,0.6666666666666666,4.060443010546419,7.0,1199.0,0.005838198498748957,1.0,0.45,-0.5,-2.0,0,0,1,0,33
Riverside,Summer,2010,69,1,33.691203979710146,-116.83991788405797,17.552898550724635,0.014492753623188406,3.0,0.0,1.3333333333333333,4.248495242049359,10.0,1256.0,0.007961783439490446,-2.0,-1.05,1.0,-0.5,0,0,1,0,33
Riverside,Summer,2011,422,2,33.78401455450237,-116.96876195023697,6.716848341232228,0.004739336492890996,1.0,3.0,1.3333333333333333,6.0473721790462776,11.0,1325.0,0.00830188679245283,-1.0,-0.43,-2.0,1.0,0,0,1,0,33
Riverside,Summer,2012,330,4,33.777665728636364,-116.93678531651516,17.426151515151517,0.012121212121212121,2.0,1.0,2.0,5.802118375377063,13.0,1747.0,0.007441327990841442,0.0,0.3,-1.0,-2.0,0,0,1,0,33
Riverside,Summer,2013,244,3,33.782426690327874,-116.87061338528689,205.03209016393444,0.012295081967213115,4.0,2.0,2.3333333333333335,5.501258210544727,17.0,2077.0,0.008184882041405874,0.0,-0.35,0.0,-1.0,0,0,1,0,33
Riverside,Summer,2014,162,0,33.735155109691355,-116.76886952950616,1.810308641975309,0.0,3.0,4.0,3.0,5.093750200806762,20.0,2321.0,0.008616975441619991,0.5,0.1,0.0,0.0,0,0,1,0,33
Riverside,Summer,2015,203,1,33.750252074384235,-116.88380663384237,5.720837438423645,0.0049261083743842365,0.0,3.0,2.3333333333333335,5.318119993844216,20.0,2483.0,0.008054772452678213,3.0,1.57,0.5,0.0,0,0,1,0,33
Riverside,Winter,1998,16,0,33.751004875,-116.5603983125,0.1375,0.0,,,,2.833213344056216,21.0,2686.0,0.00781831720029784,-2.0,-0.78,3.0,0.0,1,0,0,0,33
Riverside,Winter,1999,39,0,33.74599569205129,-116.76669145307693,5.697435897435898,0.0,0.0,,0.0,3.6888794541139363,0.0,16.0,0.0,-2.0,-1.1,-2.0,3.0,1,0,0,0,33
Riverside,Winter,2000,17,0,33.77194552941177,-116.7036214117647,0.23529411764705882,0.0,0.0,0.0,0.0,2.8903717578961645,0.0,55.0,0.0,-0.5,-0.55,-2.0,-2.0,1,0,0,0,33
Riverside,Winter,2001,18,1,33.79999511111111,-116.8389748888889,133.58888888888887,0.05555555555555555,0.0,0.0,0.0,2.9444389791664403,0.0,72.0,0.0,0.0,-0.08,-0.5,-2.0,1,0,0,0,33
Riverside,Winter,2002,39,0,33.743164846153846,-116.84949499999999,0.20256410256410257,0.0,1.0,0.0,0.3333333333333333,3.6888794541139363,1.0,90.0,0.011111111111111112,1.0,0.79,0.0,-0.5,1,0,0,0,33
Riverside,Winter,2003,18,0,33.79795607388889,-116.47933465444446,0.11666666666666667,0.0,0.0,1.0,0.3333333333333333,2.9444389791664403,1.0,129.0,0.007751937984496124,0.0,0.08,1.0,0.0,1,0,0,0,33
Riverside,Winter,2004,22,0,33.789990409090905,-116.83496986363637,5.681818181818182,0.0,0.0,0.0,0.3333333333333333,3.1354942159291497,1.0,147.0,0.006802721088435374,0.5,0.47,0.0,1.0,1,0,0,0,33
Riverside,Winter,2005,10,0,33.7870514,-116.67833040000001,0.13999999999999999,0.0,0.0,0.0,0.0,2.3978952727983707,1.0,169.0,0.005917159763313609,-0.5,-0.06,0.5,0.0,1,0,0,0,33
Riverside,Winter,2006,35,0,33.76620393342857,-116.75818271114285,0.3545714285714286,0.0,0.0,0.0,0.0,3.58351893845611,1.0,179.0,0.00558659217877095,0.5,0.1,-0.5,0.5,1,0,0,0,33
Riverside,Winter,2007,236,1,33.739607430381355,-116.69351409559323,2.060593220338983,0.00423728813559322,0.0,0.0,0.0,5.4680601411351315,1.0,214.0,0.004672897196261682,-2.0,-0.56,0.5,-0.5,1,0,0,0,33
Riverside,Winter,2008,3,0,33.75934074,-116.66361111333333,0.10000000000000002,0.0,1.0,0.0,0.3333333333333333,1.3862943611198906,2.0,450.0,0.0044444444444444444,-0.5,-0.37,-2.0,0.5,1,0,0,0,33
Riverside,Winter,2009,7,0,33.77355598285714,-116.72376692,0.1,0.0,0.0,1.0,0.3333333333333333,2.0794415416798357,2.0,453.0,0.004415011037527594,1.0,0.45,-0.5,-2.0,1,0,0,0,33
Riverside,Winter,2010,7,0,33.7007065,-117.09236114285714,15.392857142857142,0.0,0.0,0.0,0.3333333333333333,2.0794415416798357,2.0,460.0,0.004347826086956522,-2.0,-1.05,1.0,-0.5,1,0,0,0,33
Riverside,Winter,2011,75,0,33.73394282666667,-116.64315244,0.6485333333333333,0.0,0.0,0.0,0.0,4.330733340286331,2.0,467.0,0.004282655246252677,-1.0,-0.43,-2.0,1.0,1,0,0,0,33
Riverside,Winter,2012,121,0,33.796218127685954,-116.91784967504132,0.8936363636363636,0.0,0.0,0.0,0.0,4.804021044733257,2.0,542.0,0.0036900369003690036,0.0,0.3,-1.0,-2.0,1,0,0,0,33
Riverside,Winter,2013,113,1,33.761031178053095,-116.80645183681416,4.293451327433628,0.008849557522123894,0.0,0.0,0.0,4.736198448394496,2.0,663.0,0.0030165912518853697,0.0,-0.35,0.0,-1.0,1,0,0,0,33
Riverside,Winter,2014,111,0,33.75233316207207,-116.79760346045045,1.0259459459459461,0.0,1.0,0.0,0.3333333333333333,4.718498871295094,3.0,776.0,0.003865979381443299,0.5,0.1,0.0,0.0,1,0,0,0,33
Riverside,Winter,2015,26,0,33.676611393076925,-116.65519629923077,0.2323076923076923,0.0,0.0,1.0,0.3333333333333333,3.295836866004329,3.0,887.0,0.0033821871476888386,3.0,1.57,0.5,0.0,1,0,0,0,33
Sacramento,Fall,1998,1,0,38.463819,-121.029669,2.0,0.0,,,,0.6931471805599453,3.0,913.0,0.0032858707557502738,-2.0,-0.78,3.0,0.0,0,0,0,1,34
Sacramento,Fall,2011,15,0,38.61797193333334,-121.34140853333334,0.16066666666666668,0.0,0.0,,0.0,2.772588722239781,0.0,1.0,0.0,-1.0,-0.43,-2.0,1.0,0,0,0,1,34
Sacramento,Fall,2012,3,0,38.550297,-121.13035333333335,2.066666666666667,0.0,0.0,0.0,0.0,1.3862943611198906,0.0,16.0,0.0,0.0,0.3,-1.0,-2.0,0,0,0,1,34
Sacramento,Fall,2013,21,0,38.587203476190474,-121.36061733333334,1.5333333333333334,0.0,0.0,0.0,0.0,3.091042453358316,0.0,19.0,0.0,0.0,-0.35,0.0,-1.0,0,0,0,1,34
Sacramento,Fall,2014,3,0,38.374848,-121.18107400000001,4.233333333333333,0.0,0.0,0.0,0.0,1.3862943611198906,0.0,40.0,0.0,0.5,0.1,0.0,0.0,0,0,0,1,34
Sacramento,Fall,2015,11,0,38.627722272727276,-121.29867290909091,1.1218181818181818,0.0,0.0,0.0,0.0,2.4849066497880004,0.0,43.0,0.0,3.0,1.57,0.5,0.0,0,0,0,1,34
Sacramento,Spring,2002,2,1,38.506404,-121.13765000000001,360.5,0.5,,,,1.0986122886681098,0.0,54.0,0.0,1.0,0.79,0.0,-0.5,0,1,0,0,34
Sacramento,Spring,2008,1,1,38.883333,-121.563611,6400.0,1.0,1.0,,1.0,0.6931471805599453,1.0,2.0,0.5,-0.5,-0.37,-2.0,0.5,0,1,0,0,34
Sacramento,Spring,2010,1,0,38.2789,-121.4497,3.0,0.0,1.0,1.0,1.0,0.6931471805599453,2.0,3.0,0.6666666666666666,-2.0,-1.05,1.0,-0.5,0,1,0,0,34
Sacramento,Spring,2011,33,0,38.57670521212121,-121.36621169696969,0.5509090909090909,0.0,0.0,1.0,0.6666666666666666,3.5263605246161616,2.0,4.0,0.5,-1.0,-0.43,-2.0,1.0,0,1,0,0,34
Sacramento,Spring,2012,4,0,38.4610135,-121.174413,3.9,0.0,0.0,0.0,0.3333333333333333,1.6094379124341003,2.0,37.0,0.05405405405405406,0.0,0.3,-1.0,-2.0,0,1,0,0,34
Sacramento,Spring,2013,94,0,38.614953127659575,-121.3185274042553,1.5868085106382979,0.0,0.0,0.0,0.0,4.553876891600541,2.0,41.0,0.04878048780487805,0.0,-0.35,0.0,-1.0,0,1,0,0,34
Sacramento,Spring,2014,52,0,38.6096120576923,-121.30644001923078,2.0934615384615385,0.0,0.0,0.0,0.0,3.970291913552122,2.0,135.0,0.014814814814814815,0.5,0.1,0.0,0.0,0,1,0,0,34
Sacramento,Spring,2015,7,0,38.47461,-121.21065271428571,17.701428571428572,0.0,0.0,0.0,0.0,2.0794415416798357,2.0,187.0,0.0106951871657754,3.0,1.57,0.5,0.0,0,1,0,0,34
Sacramento,Summer,2011,93,0,38.59767944086022,-121.32056668817204,1.5230107526881722,0.0,,,,4.543294782270004,2.0,194.0,0.010309278350515464,-1.0,-0.43,-2.0,1.0,0,0,1,0,34
Sacramento,Summer,2012,4,0,38.38682,-121.11577425,5.7375,0.0,0.0,,0.0,1.6094379124341003,0.0,93.0,0.0,0.0,0.3,-1.0,-2.0,0,0,1,0,34
Sacramento,Summer,2013,15,0,38.5306316,-121.1312968,4.602666666666666,0.0,0.0,0.0,0.0,2.772588722239781,0.0,97.0,0.0,0.0,-0.35,0.0,-1.0,0,0,1,0,34
Sacramento,Summer,2014,15,0,38.5545714,-121.26384826666667,0.47866666666666663,0.0,0.0,0.0,0.0,2.772588722239781,0.0,112.0,0.0,0.5,0.1,0.0,0.0,0,0,1,0,34
Sacramento,Summer,2015,9,1,37.91705634555555,-120.60266478999999,52.47222222222222,0.1111111111111111,0.0,0.0,0.0,2.302585092994046,0.0,127.0,0.0,3.0,1.57,0.5,0.0,0,0,1,0,34
Sacramento,Winter,2011,9,0,38.62365477777777,-121.34935233333333,0.04666666666666667,0.0,,,,2.302585092994046,1.0,136.0,0.007352941176470588,-1.0,-0.43,-2.0,1.0,1,0,0,0,34
Sacramento,Winter,2012,16,0,38.5744654375,-121.2818776875,0.30062500000000003,0.0,0.0,,0.0,2.833213344056216,0.0,9.0,0.0,0.0,0.3,-1.0,-2.0,1,0,0,0,34
Sacramento,Winter,2013,9,0,38.56398822222222,-121.39535844444445,0.22999999999999998,0.0,0.0,0.0,0.0,2.302585092994046,0.0,25.0,0.0,0.0,-0.35,0.0,-1.0,1,0,0,0,34
Sacramento,Winter,2014,15,0,38.56963906666667,-121.35329413333332,0.3813333333333333,0.0,0.0,0.0,0.0,2.772588722239781,0.0,34.0,0.0,0.5,0.1,0.0,0.0,1,0,0,0,34
Sacramento,Winter,2015,9,0,38.665713555555556,-121.35620666666667,0.01,0.0,0.0,0.0,0.0,2.302585092994046,0.0,49.0,0.0,3.0,1.57,0.5,0.0,1,0,0,0,34
San Benito,Fall,2007,1,0,36.358889,-120.785278,0.8,0.0,,,,0.6931471805599453,0.0,58.0,0.0,-2.0,-0.56,0.5,-0.5,0,0,0,1,35
San Benito,Fall,2011,6,0,36.71445283333333,-121.16401516666667,7.501666666666666,0.0,0.0,,0.0,1.9459101490553132,0.0,1.0,0.0,-1.0,-0.43,-2.0,1.0,0,0,0,1,35
San Benito,Fall,2012,2,0,36.843326000000005,-121.3848615,4.54,0.0,0.0,0.0,0.0,1.0986122886681098,0.0,7.0,0.0,0.0,0.3,-1.0,-2.0,0,0,0,1,35
San Benito,Fall,2013,3,0,36.808572,-121.52770566666668,1.4000000000000001,0.0,0.0,0.0,0.0,1.3862943611198906,0.0,9.0,0.0,0.0,-0.35,0.0,-1.0,0,0,0,1,35
San Benito,Fall,2015,2,1,36.787119000000004,-121.451244,345.05,0.5,0.0,0.0,0.0,1.0986122886681098,0.0,12.0,0.0,3.0,1.57,0.5,0.0,0,0,0,1,35
San Benito,Spring,2004,1,0,36.744569,-121.336369,0.1,0.0,,,,0.6931471805599453,1.0,14.0,0.07142857142857142,0.5,0.47,0.0,1.0,0,1,0,0,35
San Benito,Spring,2006,3,0,36.55765933333333,-121.14707333333332,6.366666666666667,0.0,0.0,,0.0,1.3862943611198906,0.0,1.0,0.0,0.5,0.1,-0.5,0.5,0,1,0,0,35
San Benito,Spring,2010,1,0,36.3318,-120.6763,20.0,0.0,0.0,0.0,0.0,0.6931471805599453,0.0,4.0,0.0,-2.0,-1.05,1.0,-0.5,0,1,0,0,35
San Benito,Spring,2011,6,0,36.833395,-121.39385383333332,3.6833333333333336,0.0,0.0,0.0,0.0,1.9459101490553132,0.0,5.0,0.0,-1.0,-0.43,-2.0,1.0,0,1,0,0,35
San Benito,Spring,2012,16,0,36.726370625,-121.2531294375,0.6268750000000001,0.0,0.0,0.0,0.0,2.833213344056216,0.0,11.0,0.0,0.0,0.3,-1.0,-2.0,0,1,0,0,35
San Benito,Spring,2013,11,1,36.82917454545455,-121.40520918181818,32.68545454545454,0.09090909090909091,0.0,0.0,0.0,2.4849066497880004,0.0,27.0,0.0,0.0,-0.35,0.0,-1.0,0,1,0,0,35
San Benito,Spring,2014,1,0,36.652717,-121.12465,1.0,0.0,1.0,0.0,0.3333333333333333,0.6931471805599453,1.0,38.0,0.02631578947368421,0.5,0.1,0.0,0.0,0,1,0,0,35
San Benito,Spring,2015,6,0,36.6998965,-121.30151716666667,1.05,0.0,0.0,1.0,0.3333333333333333,1.9459101490553132,1.0,39.0,0.02564102564102564,3.0,1.57,0.5,0.0,0,1,0,0,35
San Benito,Summer,1998,2,0,36.3620805,-120.793554,1.65,0.0,,,,1.0986122886681098,1.0,45.0,0.022222222222222223,-2.0,-0.78,3.0,0.0,0,0,1,0,35
San Benito,Summer,2001,2,0,36.3415095,-120.79908900000001,8.5,0.0,0.0,,0.0,1.0986122886681098,0.0,2.0,0.0,0.0,-0.08,-0.5,-2.0,0,0,1,0,35
San Benito,Summer,2002,1,0,36.580931,-120.735389,60.0,0.0,0.0,0.0,0.0,0.6931471805599453,0.0,4.0,0.0,1.0,0.79,0.0,-0.5,0,0,1,0,35
San Benito,Summer,2003,1,0,36.362711,-120.609031,0.1,0.0,0.0,0.0,0.0,0.6931471805599453,0.0,5.0,0.0,0.0,0.08,1.0,0.0,0,0,1,0,35
San Benito,Summer,2004,2,0,36.50035,-120.830086,59.55,0.0,0.0,0.0,0.0,1.0986122886681098,0.0,6.0,0.0,0.5,0.47,0.0,1.0,0,0,1,0,35
San Benito,Summer,2005,1,0,36.358428,-120.782131,2.0,0.0,0.0,0.0,0.0,0.6931471805599453,0.0,8.0,0.0,-0.5,-0.06,0.5,0.0,0,0,1,0,35
San Benito,Summer,2006,4,0,36.39076325,-120.8156905,3.025,0.0,0.0,0.0,0.0,1.6094379124341003,0.0,9.0,0.0,0.5,0.1,-0.5,0.5,0,0,1,0,35
San Benito,Summer,2007,2,1,36.455627,-120.8907065,250.5,0.5,0.0,0.0,0.0,1.0986122886681098,0.0,13.0,0.0,-2.0,-0.56,0.5,-0.5,0,0,1,0,35
San Benito,Summer,2008,1,1,36.417,-120.553,1054.0,1.0,1.0,0.0,0.3333333333333333,0.6931471805599453,1.0,15.0,0.06666666666666667,-0.5,-0.37,-2.0,0.5,0,0,1,0,35
San Benito,Summer,2011,24,0,36.77545908333334,-121.358914125,8.487916666666665,0.0,1.0,1.0,0.6666666666666666,3.2188758248682006,2.0,16.0,0.125,-1.0,-0.43,-2.0,1.0,0,0,1,0,35
San Benito,Summer,2012,18,0,36.71287844444444,-121.26494683333334,7.062777777777778,0.0,0.0,1.0,0.6666666666666666,2.9444389791664403,2.0,40.0,0.05,0.0,0.3,-1.0,-2.0,0,0,1,0,35
San Benito,Summer,2013,6,0,36.67990016666667,-121.22391649999999,16.400000000000002,0.0,0.0,0.0,0.3333333333333333,1.9459101490553132,2.0,58.0,0.034482758620689655,0.0,-0.35,0.0,-1.0,0,0,1,0,35
San Benito,Summer,2014,5,0,36.7648714,-121.3673626,3.9379999999999997,0.0,0.0,0.0,0.0,1.791759469228055,2.0,64.0,0.03125,0.5,0.1,0.0,0.0,0,0,1,0,35
San Benito,Summer,2015,11,0,36.755751636363634,-121.351715,5.681818181818182,0.0,0.0,0.0,0.0,2.4849066497880004,2.0,69.0,0.028985507246376812,3.0,1.57,0.5,0.0,0,0,1,0,35
San Benito,Winter,1998,1,0,36.319361,-120.737811,0.2,0.0,,,,0.6931471805599453,2.0,80.0,0.025,-2.0,-0.78,3.0,0.0,1,0,0,0,35
San Benito,Winter,2002,1,0,36.537981,-120.810461,0.1,0.0,0.0,,0.0,0.6931471805599453,0.0,1.0,0.0,1.0,0.79,0.0,-0.5,1,0,0,0,35
San Benito,Winter,2003,1,0,36.3044,-120.702489,0.1,0.0,0.0,0.0,0.0,0.6931471805599453,0.0,2.0,0.0,0.0,0.08,1.0,0.0,1,0,0,0,35
San Benito,Winter,2006,1,0,36.302347,-120.704394,1.0,0.0,0.0,0.0,0.0,0.6931471805599453,0.0,3.0,0.0,0.5,0.1,-0.5,0.5,1,0,0,0,35
San Benito,Winter,2011,4,0,36.852627749999996,-121.4321315,0.795,0.0,0.0,0.0,0.0,1.6094379124341003,0.0,4.0,0.0,-1.0,-0.43,-2.0,1.0,1,0,0,0,35
San Benito,Winter,2012,4,0,36.7250755,-121.23653025,1.0274999999999999,0.0,0.0,0.0,0.0,1.6094379124341003,0.0,8.0,0.0,0.0,0.3,-1.0,-2.0,1,0,0,0,35
San Benito,Winter,2013,4,0,36.5363375,-121.37688324999999,1.775,0.0,0.0,0.0,0.0,1.6094379124341003,0.0,12.0,0.0,0.0,-0.35,0.0,-1.0,1,0,0,0,35
San Benito,Winter,2014,2,0,36.795275,-121.225567,1.15,0.0,0.0,0.0,0.0,1.0986122886681098,0.0,16.0,0.0,0.5,0.1,0.0,0.0,1,0,0,0,35
San Bernardino,Fall,1998,6,0,34.25945183333334,-116.92560883333333,0.3166666666666667,0.0,,,,1.9459101490553132,0.0,18.0,0.0,-2.0,-0.78,3.0,0.0,0,0,0,1,36
San Bernardino,Fall,1999,7,0,34.24867142857143,-117.24821471428572,3.1999999999999997,0.0,0.0,,0.0,2.0794415416798357,0.0,6.0,0.0,-2.0,-1.1,-2.0,3.0,0,0,0,1,36
San Bernardino,Fall,2000,6,0,34.39315333333334,-116.92759816666667,0.18333333333333335,0.0,0.0,0.0,0.0,1.9459101490553132,0.0,13.0,0.0,-0.5,-0.55,-2.0,-2.0,0,0,0,1,36
San Bernardino,Fall,2001,9,0,34.60115926,-116.54502107444445,0.13333333333333333,0.0,0.0,0.0,0.0,2.302585092994046,0.0,19.0,0.0,0.0,-0.08,-0.5,-2.0,0,0,0,1,36
San Bernardino,Fall,2002,4,0,34.271602,-117.16980275,0.825,0.0,0.0,0.0,0.0,1.6094379124341003,0.0,28.0,0.0,1.0,0.79,0.0,-0.5,0,0,0,1,36
San Bernardino,Fall,2003,12,0,34.29896156416667,-116.979664185,4.641666666666667,0.0,0.0,0.0,0.0,2.5649493574615367,0.0,32.0,0.0,0.0,0.08,1.0,0.0,0,0,0,1,36
San Bernardino,Fall,2004,6,0,34.3192435,-116.54599666666667,0.25,0.0,0.0,0.0,0.0,1.9459101490553132,0.0,44.0,0.0,0.5,0.47,0.0,1.0,0,0,0,1,36
San Bernardino,Fall,2005,15,1,34.3778048,-116.21863286666667,63.233333333333334,0.06666666666666667,0.0,0.0,0.0,2.772588722239781,0.0,50.0,0.0,-0.5,-0.06,0.5,0.0,0,0,0,1,36
San Bernardino,Fall,2006,20,0,34.2898869495,-117.19744541600001,6.5815,0.0,1.0,0.0,0.3333333333333333,3.044522437723423,1.0,65.0,0.015384615384615385,0.5,0.1,-0.5,0.5,0,0,0,1,36
San Bernardino,Fall,2007,29,2,34.359920946551725,-117.18826300793104,496.0189655172413,0.06896551724137931,0.0,1.0,0.3333333333333333,3.4011973816621555,1.0,85.0,0.011764705882352941,-2.0,-0.56,0.5,-0.5,0,0,0,1,36
San Bernardino,Fall,2008,32,1,34.3329761771875,-117.053008260625,27.31125,0.03125,2.0,0.0,1.0,3.4965075614664802,3.0,114.0,0.02631578947368421,-0.5,-0.37,-2.0,0.5,0,0,0,1,36
San Bernardino,Fall,2009,22,1,34.29944530272727,-117.25511398954545,324.625,0.045454545454545456,1.0,2.0,1.0,3.1354942159291497,4.0,146.0,0.0273972602739726,1.0,0.45,-0.5,-2.0,0,0,0,1,36
San Bernardino,Fall,2010,37,0,34.231707699999994,-117.17718364864865,4.68972972972973,0.0,1.0,1.0,1.3333333333333333,3.6375861597263857,5.0,168.0,0.02976190476190476,-2.0,-1.05,1.0,-0.5,0,0,0,1,36
San Bernardino,Fall,2011,50,0,34.25335088,-117.10750669999999,1.1618000000000002,0.0,0.0,1.0,0.6666666666666666,3.9318256327243257,5.0,205.0,0.024390243902439025,-1.0,-0.43,-2.0,1.0,0,0,0,1,36
San Bernardino,Fall,2012,47,1,34.39750430553191,-117.36492204723405,8.48872340425532,0.02127659574468085,0.0,0.0,0.3333333333333333,3.871201010907891,5.0,255.0,0.0196078431372549,0.0,0.3,-1.0,-2.0,0,0,0,1,36
San Bernardino,Fall,2013,30,0,34.26950757433334,-117.32005273,7.730666666666666,0.0,1.0,0.0,0.3333333333333333,3.4339872044851463,6.0,302.0,0.019867549668874173,0.0,-0.35,0.0,-1.0,0,0,0,1,36
San Bernardino,Fall,2014,45,0,34.342047496,-117.20212386644445,3.078,0.0,0.0,1.0,0.3333333333333333,3.828641396489095,6.0,332.0,0.018072289156626505,0.5,0.1,0.0,0.0,0,0,0,1,36
San Bernardino,Fall,2015,34,0,34.28307308852941,-117.11436114411765,3.230294117647059,0.0,0.0,0.0,0.3333333333333333,3.5553480614894135,6.0,377.0,0.015915119363395226,3.0,1.57,0.5,0.0,0,0,0,1,36
San Bernardino,Spring,1998,11,0,34.278053,-116.61451636363637,0.4818181818181818,0.0,,,,2.4849066497880004,6.0,411.0,0.014598540145985401,-2.0,-0.78,3.0,0.0,0,1,0,0,36
San Bernardino,Spring,1999,21,0,34.67275433333333,-116.80209280952381,2.9238095238095236,0.0,0.0,,0.0,3.091042453358316,0.0,11.0,0.0,-2.0,-1.1,-2.0,3.0,0,1,0,0,36
San Bernardino,Spring,2000,16,0,34.3057518125,-116.9764856875,0.7125,0.0,0.0,0.0,0.0,2.833213344056216,0.0,32.0,0.0,-0.5,-0.55,-2.0,-2.0,0,1,0,0,36
San Bernardino,Spring,2001,18,0,34.72956005555555,-116.53268566666667,1.577777777777778,0.0,0.0,0.0,0.0,2.9444389791664403,0.0,48.0,0.0,0.0,-0.08,-0.5,-2.0,0,1,0,0,36
San Bernardino,Spring,2002,7,1,34.50362257142857,-117.12543014285714,391.9142857142857,0.14285714285714285,0.0,0.0,0.0,2.0794415416798357,0.0,66.0,0.0,1.0,0.79,0.0,-0.5,0,1,0,0,36
San Bernardino,Spring,2003,23,0,34.71272367652174,-116.71467656043478,4.596086956521739,0.0,1.0,0.0,0.3333333333333333,3.1780538303479458,1.0,73.0,0.0136986301369863,0.0,0.08,1.0,0.0,0,1,0,0,36
San Bernardino,Spring,2004,22,1,34.67077472727272,-116.17430545454545,16.363636363636363,0.045454545454545456,0.0,1.0,0.3333333333333333,3.1354942159291497,1.0,96.0,0.010416666666666666,0.5,0.47,0.0,1.0,0,1,0,0,36
San Bernardino,Spring,2005,35,0,34.82168962857143,-116.5915512,15.814285714285715,0.0,1.0,0.0,0.6666666666666666,3.58351893845611,2.0,118.0,0.01694915254237288,-0.5,-0.06,0.5,0.0,0,1,0,0,36
San Bernardino,Spring,2006,46,1,34.657298920652174,-116.63565440565218,9.53304347826087,0.021739130434782608,0.0,1.0,0.3333333333333333,3.8501476017100584,2.0,153.0,0.013071895424836602,0.5,0.1,-0.5,0.5,0,1,0,0,36
San Bernardino,Spring,2007,53,1,34.370080953962265,-116.99376884320755,81.97735849056605,0.018867924528301886,1.0,0.0,0.6666666666666666,3.9889840465642745,3.0,199.0,0.01507537688442211,-2.0,-0.56,0.5,-0.5,0,1,0,0,36
San Bernardino,Spring,2008,31,2,34.41574124,-117.11147401741935,29.149354838709677,0.06451612903225806,1.0,1.0,0.6666666666666666,3.4657359027997265,4.0,252.0,0.015873015873015872,-0.5,-0.37,-2.0,0.5,0,1,0,0,36
San Bernardino,Spring,2009,34,0,34.28260398735294,-117.14778993470588,5.351470588235294,0.0,2.0,1.0,1.3333333333333333,3.5553480614894135,6.0,283.0,0.02120141342756184,1.0,0.45,-0.5,-2.0,0,1,0,0,36
San Bernardino,Spring,2010,28,0,34.5100569,-117.19114114285715,3.386071428571429,0.0,0.0,2.0,1.0,3.367295829986474,6.0,317.0,0.01892744479495268,-2.0,-1.05,1.0,-0.5,0,1,0,0,36
San Bernardino,Spring,2011,85,1,34.398113,-117.04333955294118,15.045176470588235,0.011764705882352941,0.0,0.0,0.6666666666666666,4.454347296253507,6.0,345.0,0.017391304347826087,-1.0,-0.43,-2.0,1.0,0,1,0,0,36
San Bernardino,Spring,2012,81,0,34.32846976283951,-117.11832458728395,1.8853086419753087,0.0,1.0,0.0,0.3333333333333333,4.406719247264253,7.0,430.0,0.01627906976744186,0.0,0.3,-1.0,-2.0,0,1,0,0,36
San Bernardino,Spring,2013,81,0,34.270976112469135,-117.13684767061727,2.135925925925926,0.0,0.0,1.0,0.3333333333333333,4.406719247264253,7.0,511.0,0.0136986301369863,0.0,-0.35,0.0,-1.0,0,1,0,0,36
San Bernardino,Spring,2014,65,1,34.33443871061539,-117.20262490476922,34.44646153846154,0.015384615384615385,0.0,0.0,0.3333333333333333,4.189654742026425,7.0,592.0,0.011824324324324325,0.5,0.1,0.0,0.0,0,1,0,0,36
San Bernardino,Spring,2015,67,1,34.28500034522388,-117.06815710253731,761.9414925373135,0.014925373134328358,1.0,0.0,0.3333333333333333,4.219507705176107,8.0,657.0,0.0121765601217656,3.0,1.57,0.5,0.0,0,1,0,0,36
San Bernardino,Summer,1998,34,0,34.30552238235294,-116.95270973529412,1.9588235294117649,0.0,,,,3.5553480614894135,9.0,724.0,0.012430939226519336,-2.0,-0.78,3.0,0.0,0,0,1,0,36
San Bernardino,Summer,1999,39,0,34.61981174358974,-116.22462602564102,2.420512820512821,0.0,0.0,,0.0,3.6888794541139363,0.0,34.0,0.0,-2.0,-1.1,-2.0,3.0,0,0,1,0,36
San Bernardino,Summer,2000,25,0,34.52644516,-116.77950772,8.972,0.0,0.0,0.0,0.0,3.258096538021482,0.0,73.0,0.0,-0.5,-0.55,-2.0,-2.0,0,0,1,0,36
San Bernardino,Summer,2001,21,0,34.65220009523809,-116.57063861904763,1.4761904761904763,0.0,0.0,0.0,0.0,3.091042453358316,0.0,98.0,0.0,0.0,-0.08,-0.5,-2.0,0,0,1,0,36
San Bernardino,Summer,2002,10,0,34.337387899999996,-117.0919079,2.18,0.0,0.0,0.0,0.0,2.3978952727983707,0.0,119.0,0.0,1.0,0.79,0.0,-0.5,0,0,1,0,36
San Bernardino,Summer,2003,37,0,34.73938661,-116.28535312621622,0.217027027027027,0.0,0.0,0.0,0.0,3.6375861597263857,0.0,129.0,0.0,0.0,0.08,1.0,0.0,0,0,1,0,36
San Bernardino,Summer,2004,34,1,34.741371058823525,-116.32593358823529,35.205882352941174,0.029411764705882353,0.0,0.0,0.0,3.5553480614894135,0.0,166.0,0.0,0.5,0.47,0.0,1.0,0,0,1,0,36
San Bernardino,Summer,2005,63,3,34.73010417460318,-116.56350563492065,71.03174603174604,0.047619047619047616,1.0,0.0,0.3333333333333333,4.1588830833596715,1.0,200.0,0.005,-0.5,-0.06,0.5,0.0,0,0,1,0,36
San Bernardino,Summer,2006,115,8,34.318396779043475,-116.89312530469564,810.6986956521739,0.06956521739130435,3.0,1.0,1.3333333333333333,4.7535901911063645,4.0,263.0,0.015209125475285171,0.5,0.1,-0.5,0.5,0,0,1,0,36
San Bernardino,Summer,2007,93,2,34.384516542795694,-117.00354651784946,159.38301075268816,0.021505376344086023,8.0,3.0,4.0,4.543294782270004,12.0,378.0,0.031746031746031744,-2.0,-0.56,0.5,-0.5,0,0,1,0,36
San Bernardino,Summer,2008,47,0,34.43458574978723,-116.74835796042552,15.443617021276596,0.0,2.0,8.0,4.333333333333333,3.871201010907891,14.0,471.0,0.029723991507430998,-0.5,-0.37,-2.0,0.5,0,0,1,0,36
San Bernardino,Summer,2009,75,1,34.333391570399996,-117.041867926,53.73933333333333,0.013333333333333334,0.0,2.0,3.3333333333333335,4.330733340286331,14.0,518.0,0.02702702702702703,1.0,0.45,-0.5,-2.0,0,0,1,0,36
San Bernardino,Summer,2010,103,0,34.367567534951455,-117.05123092233009,2.2858252427184467,0.0,1.0,0.0,1.0,4.6443908991413725,15.0,593.0,0.025295109612141653,-2.0,-1.05,1.0,-0.5,0,0,1,0,36
San Bernardino,Summer,2011,131,0,34.33922419847328,-117.10752988549618,5.634198473282443,0.0,0.0,1.0,0.3333333333333333,4.882801922586371,15.0,696.0,0.021551724137931036,-1.0,-0.43,-2.0,1.0,0,0,1,0,36
San Bernardino,Summer,2012,157,0,34.303490485031844,-117.1636632988535,2.1617834394904456,0.0,0.0,0.0,0.3333333333333333,5.062595033026967,15.0,827.0,0.018137847642079808,0.0,0.3,-1.0,-2.0,0,0,1,0,36
San Bernardino,Summer,2013,118,1,34.32550639983051,-117.14456270525423,8.609576271186441,0.00847457627118644,0.0,0.0,0.0,4.77912349311153,15.0,984.0,0.01524390243902439,0.0,-0.35,0.0,-1.0,0,0,1,0,36
San Bernardino,Summer,2014,87,0,34.36775312896552,-117.10277676229886,0.28344827586206894,0.0,1.0,0.0,0.3333333333333333,4.477336814478207,16.0,1102.0,0.014519056261343012,0.5,0.1,0.0,0.0,0,0,1,0,36
San Bernardino,Summer,2015,88,1,34.38920820920455,-116.98101205329546,51.68875,0.011363636363636364,0.0,1.0,0.3333333333333333,4.48863636973214,16.0,1189.0,0.01345668629100084,3.0,1.57,0.5,0.0,0,0,1,0,36
San Bernardino,Winter,1998,1,0,34.156731,-116.343461,0.5,0.0,,,,0.6931471805599453,17.0,1277.0,0.01331245105716523,-2.0,-0.78,3.0,0.0,1,0,0,0,36
San Bernardino,Winter,1999,6,0,34.5152135,-116.39324866666668,0.6166666666666667,0.0,0.0,,0.0,1.9459101490553132,0.0,1.0,0.0,-2.0,-1.1,-2.0,3.0,1,0,0,0,36
San Bernardino,Winter,2000,2,0,34.494594500000005,-117.14060950000001,0.2,0.0,0.0,0.0,0.0,1.0986122886681098,0.0,7.0,0.0,-0.5,-0.55,-2.0,-2.0,1,0,0,0,36
San Bernardino,Winter,2001,1,0,34.14005,-116.572169,0.5,0.0,0.0,0.0,0.0,0.6931471805599453,0.0,9.0,0.0,0.0,-0.08,-0.5,-2.0,1,0,0,0,36
San Bernardino,Winter,2002,1,0,34.6483,-117.1225,0.1,0.0,0.0,0.0,0.0,0.6931471805599453,0.0,10.0,0.0,1.0,0.79,0.0,-0.5,1,0,0,0,36
San Bernardino,Winter,2003,2,0,34.097080500000004,-116.8784,0.1,0.0,0.0,0.0,0.0,1.0986122886681098,0.0,11.0,0.0,0.0,0.08,1.0,0.0,1,0,0,0,36
San Bernardino,Winter,2005,1,0,34.0731,-116.4811,0.1,0.0,0.0,0.0,0.0,0.6931471805599453,0.0,13.0,0.0,-0.5,-0.06,0.5,0.0,1,0,0,0,36
San Bernardino,Winter,2006,15,1,34.483790578000004,-116.96552551200001,32.52733333333334,0.06666666666666667,0.0,0.0,0.0,2.772588722239781,0.0,14.0,0.0,0.5,0.1,-0.5,0.5,1,0,0,0,36
San Bernardino,Winter,2007,33,0,34.24424689909091,-117.12412610151515,6.8545454545454545,0.0,1.0,0.0,0.3333333333333333,3.5263605246161616,1.0,29.0,0.034482758620689655,-2.0,-0.56,0.5,-0.5,1,0,0,0,36
San Bernardino,Winter,2008,3,0,34.54452889,-117.32808259333335,0.39999999999999997,0.0,0.0,1.0,0.3333333333333333,1.3862943611198906,1.0,62.0,0.016129032258064516,-0.5,-0.37,-2.0,0.5,1,0,0,0,36
San Bernardino,Winter,2009,7,0,34.42137285857143,-117.27365428714286,0.4428571428571429,0.0,0.0,0.0,0.3333333333333333,2.0794415416798357,1.0,65.0,0.015384615384615385,1.0,0.45,-0.5,-2.0,1,0,0,0,36
San Bernardino,Winter,2010,11,0,34.2543697,-117.09888481818183,0.10909090909090911,0.0,0.0,0.0,0.0,2.4849066497880004,1.0,72.0,0.013888888888888888,-2.0,-1.05,1.0,-0.5,1,0,0,0,36
San Bernardino,Winter,2011,16,0,34.2233656875,-117.2537114375,0.271875,0.0,0.0,0.0,0.0,2.833213344056216,1.0,83.0,0.012048192771084338,-1.0,-0.43,-2.0,1.0,1,0,0,0,36
San Bernardino,Winter,2012,45,0,34.29969839511111,-117.36997583933332,0.5822222222222223,0.0,0.0,0.0,0.0,3.828641396489095,1.0,99.0,0.010101010101010102,0.0,0.3,-1.0,-2.0,1,0,0,0,36
San Bernardino,Winter,2013,34,0,34.27496512117647,-117.43240597705882,0.18588235294117647,0.0,0.0,0.0,0.0,3.5553480614894135,1.0,144.0,0.006944444444444444,0.0,-0.35,0.0,-1.0,1,0,0,0,36
San Bernardino,Winter,2014,42,0,34.30621978571429,-117.34293153214287,0.30642857142857144,0.0,0.0,0.0,0.0,3.7612001156935624,1.0,178.0,0.0056179775280898875,0.5,0.1,0.0,0.0,1,0,0,0,36
San Bernardino,Winter,2015,10,0,34.167755076,-116.980215657,0.18100000000000002,0.0,0.0,0.0,0.0,2.3978952727983707,1.0,220.0,0.004545454545454545,3.0,1.57,0.5,0.0,1,0,0,0,36
San Diego,Fall,1998,13,1,32.804860359230766,-116.61337997461538,27.95384615384615,0.07692307692307693,,,,2.6390573296152584,1.0,230.0,0.004347826086956522,-2.0,-0.78,3.0,0.0,0,0,0,1,37
San Diego,Fall,1999,31,4,32.926030322580644,-116.78176661290323,220.11290322580646,0.12903225806451613,1.0,,1.0,3.4657359027997265,1.0,13.0,0.07692307692307693,-2.0,-1.1,-2.0,3.0,0,0,0,1,37
San Diego,Fall,2000,9,0,32.95576422222222,-116.80094322222223,0.8777777777777778,0.0,4.0,1.0,2.5,2.302585092994046,5.0,44.0,0.11363636363636363,-0.5,-0.55,-2.0,-2.0,0,0,0,1,37
San Diego,Fall,2001,22,0,32.64475313636364,-116.70864568181818,6.877272727272728,0.0,0.0,4.0,1.6666666666666667,3.1354942159291497,5.0,53.0,0.09433962264150944,0.0,-0.08,-0.5,-2.0,0,0,0,1,37
San Diego,Fall,2002,10,0,32.8625542,-116.5842117,4.33,0.0,0.0,0.0,1.3333333333333333,2.3978952727983707,5.0,75.0,0.06666666666666667,1.0,0.79,0.0,-0.5,0,0,0,1,37
San Diego,Fall,2003,10,2,32.940387156,-116.84725744400001,5652.16,0.2,0.0,0.0,0.0,2.3978952727983707,5.0,85.0,0.058823529411764705,0.0,0.08,1.0,0.0,0,0,0,1,37
San Diego,Fall,2004,7,0,32.74126457142857,-116.82275985714286,17.771428571428572,0.0,2.0,0.0,0.6666666666666666,2.0794415416798357,7.0,95.0,0.07368421052631578,0.5,0.47,0.0,1.0,0,0,0,1,37
San Diego,Fall,2005,19,1,32.988809789473684,-116.81901747368423,219.23684210526315,0.05263157894736842,0.0,2.0,0.6666666666666666,2.995732273553991,7.0,102.0,0.06862745098039216,-0.5,-0.06,0.5,0.0,0,0,0,1,37
San Diego,Fall,2006,17,0,32.828168451176474,-116.64029639882354,10.25,0.0,1.0,0.0,1.0,2.8903717578961645,8.0,121.0,0.06611570247933884,0.5,0.1,-0.5,0.5,0,0,0,1,37
San Diego,Fall,2007,52,5,32.941414412115385,-116.77443056653846,5355.657692307693,0.09615384615384616,0.0,1.0,0.3333333333333333,3.970291913552122,8.0,138.0,0.057971014492753624,-2.0,-0.56,0.5,-0.5,0,0,0,1,37
San Diego,Fall,2008,10,3,33.047412823,-116.81188516699999,583.23,0.3,5.0,0.0,2.0,2.3978952727983707,13.0,190.0,0.06842105263157895,-0.5,-0.37,-2.0,0.5,0,0,0,1,37
San Diego,Fall,2009,9,0,32.83591345666667,-116.61512679,0.3022222222222222,0.0,3.0,5.0,2.6666666666666665,2.302585092994046,16.0,200.0,0.08,1.0,0.45,-0.5,-2.0,0,0,0,1,37
San Diego,Fall,2010,8,0,32.818032075,-116.60460325,8.95625,0.0,0.0,3.0,2.6666666666666665,2.1972245773362196,16.0,209.0,0.07655502392344497,-2.0,-1.05,1.0,-0.5,0,0,0,1,37
San Diego,Fall,2011,56,1,32.97151144642857,-116.95243880357143,39.73071428571428,0.017857142857142856,0.0,0.0,1.0,4.04305126783455,16.0,217.0,0.07373271889400922,-1.0,-0.43,-2.0,1.0,0,0,0,1,37
San Diego,Fall,2012,42,0,32.97848232261905,-116.81633817690475,0.7364285714285714,0.0,1.0,0.0,0.3333333333333333,3.7612001156935624,17.0,273.0,0.06227106227106227,0.0,0.3,-1.0,-2.0,0,0,0,1,37
San Diego,Fall,2013,37,0,33.046166942972974,-116.87071816513513,4.345945945945946,0.0,0.0,1.0,0.3333333333333333,3.6375861597263857,17.0,315.0,0.05396825396825397,0.0,-0.35,0.0,-1.0,0,0,0,1,37
San Diego,Fall,2014,41,0,32.95643003487805,-116.82412900780487,0.36609756097560975,0.0,0.0,0.0,0.3333333333333333,3.7376696182833684,17.0,352.0,0.048295454545454544,0.5,0.1,0.0,0.0,0,0,0,1,37
San Diego,Fall,2015,25,0,33.028868084,-116.8903039064,0.188,0.0,0.0,0.0,0.0,3.258096538021482,17.0,393.0,0.043256997455470736,3.0,1.57,0.5,0.0,0,0,0,1,37
San Diego,Spring,1998,29,0,32.69053717241379,-116.74637131034483,0.3206896551724138,0.0,,,,3.4011973816621555,17.0,418.0,0.04066985645933014,-2.0,-0.78,3.0,0.0,0,1,0,0,37
San Diego,Spring,1999,78,1,32.67656145717948,-116.73681641871794,7.987179487179487,0.01282051282051282,0.0,,0.0,4.3694478524670215,0.0,29.0,0.0,-2.0,-1.1,-2.0,3.0,0,1,0,0,37
San Diego,Spring,2000,11,0,32.91880781818182,-116.72254227272728,1.3727272727272728,0.0,1.0,0.0,0.5,2.4849066497880004,1.0,107.0,0.009345794392523364,-0.5,-0.55,-2.0,-2.0,0,1,0,0,37
San Diego,Spring,2001,11,0,32.81372990909091,-116.68794145454545,5.2727272727272725,0.0,0.0,1.0,0.3333333333333333,2.4849066497880004,1.0,118.0,0.00847457627118644,0.0,-0.08,-0.5,-2.0,0,1,0,0,37
San Diego,Spring,2002,22,1,33.0018475,-116.73045795454546,109.63181818181819,0.045454545454545456,0.0,0.0,0.3333333333333333,3.1354942159291497,1.0,129.0,0.007751937984496124,1.0,0.79,0.0,-0.5,0,1,0,0,37
San Diego,Spring,2003,12,0,32.882842833333335,-116.72072366666667,0.6916666666666668,0.0,1.0,0.0,0.3333333333333333,2.5649493574615367,2.0,151.0,0.013245033112582781,0.0,0.08,1.0,0.0,0,1,0,0,37
San Diego,Spring,2004,19,1,33.071522578947366,-116.85934589473685,110.6842105263158,0.05263157894736842,0.0,1.0,0.3333333333333333,2.995732273553991,2.0,163.0,0.012269938650306749,0.5,0.47,0.0,1.0,0,1,0,0,37
San Diego,Spring,2005,18,0,32.69112688888889,-116.64712561111111,5.694444444444445,0.0,1.0,0.0,0.6666666666666666,2.9444389791664403,3.0,182.0,0.016483516483516484,-0.5,-0.06,0.5,0.0,0,1,0,0,37
San Diego,Spring,2006,29,0,33.05252583137931,-116.64230210310345,1.2179310344827585,0.0,0.0,1.0,0.3333333333333333,3.4011973816621555,3.0,200.0,0.015,0.5,0.1,-0.5,0.5,0,1,0,0,37
San Diego,Spring,2007,36,1,32.913624133055556,-116.73858764805556,43.202777777777776,0.027777777777777776,0.0,0.0,0.3333333333333333,3.6109179126442243,3.0,229.0,0.013100436681222707,-2.0,-0.56,0.5,-0.5,0,1,0,0,37
San Diego,Spring,2008,9,0,32.964818396666665,-116.58098814888889,5.222222222222222,0.0,1.0,0.0,0.3333333333333333,2.302585092994046,4.0,265.0,0.01509433962264151,-0.5,-0.37,-2.0,0.5,0,1,0,0,37
San Diego,Spring,2009,16,0,32.890441200625,-116.57612007625,1.759375,0.0,0.0,1.0,0.3333333333333333,2.833213344056216,4.0,274.0,0.014598540145985401,1.0,0.45,-0.5,-2.0,0,1,0,0,37
San Diego,Spring,2010,12,0,32.89068016666666,-116.72278449999999,0.7791666666666668,0.0,0.0,0.0,0.3333333333333333,2.5649493574615367,4.0,290.0,0.013793103448275862,-2.0,-1.05,1.0,-0.5,0,1,0,0,37
San Diego,Spring,2011,103,0,32.948504970873785,-117.02827527184466,5.0780582524271844,0.0,0.0,0.0,0.0,4.6443908991413725,4.0,302.0,0.013245033112582781,-1.0,-0.43,-2.0,1.0,0,1,0,0,37
San Diego,Spring,2012,56,1,32.93256783142857,-116.73651238089285,94.96214285714287,0.017857142857142856,0.0,0.0,0.0,4.04305126783455,4.0,405.0,0.009876543209876543,0.0,0.3,-1.0,-2.0,0,1,0,0,37
San Diego,Spring,2013,90,2,33.01015094322222,-116.85193298633332,50.53511111111111,0.022222222222222223,1.0,0.0,0.3333333333333333,4.51085950651685,5.0,461.0,0.010845986984815618,0.0,-0.35,0.0,-1.0,0,1,0,0,37
San Diego,Spring,2014,71,5,32.927453225211266,-116.85243541746479,133.66774647887323,0.07042253521126761,2.0,1.0,1.0,4.276666119016055,7.0,551.0,0.012704174228675136,0.5,0.1,0.0,0.0,0,1,0,0,37
San Diego,Spring,2015,45,3,33.00169998933333,-116.95118451888888,158.15800000000002,0.06666666666666667,5.0,2.0,2.6666666666666665,3.828641396489095,12.0,622.0,0.01929260450160772,3.0,1.57,0.5,0.0,0,1,0,0,37
San Diego,Summer,1998,33,0,32.83597957575758,-116.6601276969697,3.433333333333333,0.0,,,,3.5263605246161616,15.0,667.0,0.022488755622188907,-2.0,-0.78,3.0,0.0,0,0,1,0,37
San Diego,Summer,1999,54,2,32.7167417962963,-116.69236135185184,38.80185185185186,0.037037037037037035,0.0,,0.0,4.007333185232471,0.0,33.0,0.0,-2.0,-1.1,-2.0,3.0,0,0,1,0,37
San Diego,Summer,2000,33,1,32.96455963636364,-116.58256554545454,62.54242424242425,0.030303030303030304,2.0,0.0,1.0,3.5263605246161616,2.0,87.0,0.022988505747126436,-0.5,-0.55,-2.0,-2.0,0,0,1,0,37
San Diego,Summer,2001,93,0,32.68161705376344,-116.77504235483872,3.417204301075269,0.0,1.0,2.0,1.0,4.543294782270004,3.0,120.0,0.025,0.0,-0.08,-0.5,-2.0,0,0,1,0,37
San Diego,Summer,2002,31,1,32.91324937645161,-116.6420584767742,2001.9645161290323,0.03225806451612903,0.0,1.0,1.0,3.4657359027997265,3.0,213.0,0.014084507042253521,1.0,0.79,0.0,-0.5,0,0,1,0,37
San Diego,Summer,2003,28,0,32.8659525,-116.71102235714285,8.157142857142857,0.0,1.0,0.0,0.6666666666666666,3.367295829986474,4.0,244.0,0.01639344262295082,0.0,0.08,1.0,0.0,0,0,1,0,37
San Diego,Summer,2004,29,2,32.931559620689654,-116.67381962068966,373.4655172413793,0.06896551724137931,0.0,1.0,0.3333333333333333,3.4011973816621555,4.0,272.0,0.014705882352941176,0.5,0.47,0.0,1.0,0,0,1,0,37
San Diego,Summer,2005,42,0,32.88121683333333,-116.62923254761905,9.778571428571428,0.0,2.0,0.0,1.0,3.7612001156935624,6.0,301.0,0.019933554817275746,-0.5,-0.06,0.5,0.0,0,0,1,0,37
San Diego,Summer,2006,46,2,32.961613775434785,-116.67717248326088,382.17739130434785,0.043478260869565216,0.0,2.0,0.6666666666666666,3.8501476017100584,6.0,343.0,0.01749271137026239,0.5,0.1,-0.5,0.5,0,0,1,0,37
San Diego,Summer,2007,82,2,32.87080904914634,-116.61050280914634,39.87560975609756,0.024390243902439025,2.0,0.0,1.3333333333333333,4.418840607796598,8.0,389.0,0.02056555269922879,-2.0,-0.56,0.5,-0.5,0,0,1,0,37
San Diego,Summer,2008,23,0,32.96255024130435,-116.66231352695651,24.34130434782609,0.0,2.0,2.0,1.3333333333333333,3.1780538303479458,10.0,471.0,0.021231422505307854,-0.5,-0.37,-2.0,0.5,0,0,1,0,37
San Diego,Summer,2009,29,2,33.00278062448276,-116.71451177724138,95.76896551724138,0.06896551724137931,0.0,2.0,1.3333333333333333,3.4011973816621555,10.0,494.0,0.020242914979757085,1.0,0.45,-0.5,-2.0,0,0,1,0,37
San Diego,Summer,2010,21,3,32.97225767619047,-116.7515638095238,259.12857142857143,0.14285714285714285,2.0,0.0,1.3333333333333333,3.091042453358316,12.0,523.0,0.022944550669216062,-2.0,-1.05,1.0,-0.5,0,0,1,0,37
San Diego,Summer,2011,160,0,32.94669945625,-116.9853110375,3.8985624999999997,0.0,3.0,2.0,1.6666666666666667,5.081404364984463,15.0,544.0,0.027573529411764705,-1.0,-0.43,-2.0,1.0,0,0,1,0,37
San Diego,Summer,2012,88,2,32.96061786113636,-116.77243885238636,147.18488636363637,0.022727272727272728,0.0,3.0,1.6666666666666667,4.48863636973214,15.0,704.0,0.02130681818181818,0.0,0.3,-1.0,-2.0,0,0,1,0,37
San Diego,Summer,2013,84,1,32.967892596666665,-116.82968175261905,91.31,0.011904761904761904,2.0,0.0,1.6666666666666667,4.442651256490317,17.0,792.0,0.021464646464646464,0.0,-0.35,0.0,-1.0,0,0,1,0,37
San Diego,Summer,2014,70,0,32.99467583,-116.80417425228572,3.6271428571428572,0.0,1.0,2.0,1.0,4.2626798770413155,18.0,876.0,0.02054794520547945,0.5,0.1,0.0,0.0,0,0,1,0,37
San Diego,Summer,2015,83,1,33.00522446024097,-116.7754073106024,26.64493975903614,0.012048192771084338,0.0,1.0,1.0,4.430816798843313,18.0,946.0,0.019027484143763214,3.0,1.57,0.5,0.0,0,0,1,0,37
San Diego,Winter,1998,2,0,32.601644,-116.5205595,0.3,0.0,,,,1.0986122886681098,19.0,1029.0,0.0184645286686103,-2.0,-0.78,3.0,0.0,1,0,0,0,37
San Diego,Winter,1999,29,0,32.83882102310345,-116.67046295793104,3.4482758620689653,0.0,0.0,,0.0,3.4011973816621555,0.0,2.0,0.0,-2.0,-1.1,-2.0,3.0,1,0,0,0,37
San Diego,Winter,2000,14,0,32.89737785714286,-116.62077371428572,0.9857142857142858,0.0,0.0,0.0,0.0,2.70805020110221,0.0,31.0,0.0,-0.5,-0.55,-2.0,-2.0,1,0,0,0,37
San Diego,Winter,2001,11,0,33.12266136363636,-116.907751,0.11818181818181818,0.0,0.0,0.0,0.0,2.4849066497880004,0.0,45.0,0.0,0.0,-0.08,-0.5,-2.0,1,0,0,0,37
San Diego,Winter,2002,16,0,32.902191875,-116.7444805625,23.2125,0.0,0.0,0.0,0.0,2.833213344056216,0.0,56.0,0.0,1.0,0.79,0.0,-0.5,1,0,0,0,37
San Diego,Winter,2003,9,0,33.132914222222226,-116.8984708888889,0.3888888888888889,0.0,0.0,0.0,0.0,2.302585092994046,0.0,72.0,0.0,0.0,0.08,1.0,0.0,1,0,0,0,37
San Diego,Winter,2004,5,0,33.1282516,-116.833274,0.3,0.0,0.0,0.0,0.0,1.791759469228055,0.0,81.0,0.0,0.5,0.47,0.0,1.0,1,0,0,0,37
San Diego,Winter,2005,4,0,32.793493,-116.91158,5.8,0.0,0.0,0.0,0.0,1.6094379124341003,0.0,86.0,0.0,-0.5,-0.06,0.5,0.0,1,0,0,0,37
San Diego,Winter,2006,27,0,32.88677740703704,-116.71283708666667,1.9337037037037037,0.0,0.0,0.0,0.0,3.332204510175204,0.0,90.0,0.0,0.5,0.1,-0.5,0.5,1,0,0,0,37
San Diego,Winter,2007,36,0,32.867750771666664,-116.64784955555554,0.2138888888888889,0.0,0.0,0.0,0.0,3.6109179126442243,0.0,117.0,0.0,-2.0,-0.56,0.5,-0.5,1,0,0,0,37
San Diego,Winter,2008,2,0,32.85097222,-116.64055555499999,0.1,0.0,0.0,0.0,0.0,1.0986122886681098,0.0,153.0,0.0,-0.5,-0.37,-2.0,0.5,1,0,0,0,37
San Diego,Winter,2010,2,0,32.97902775,-116.74194449999999,0.1,0.0,0.0,0.0,0.0,1.0986122886681098,0.0,155.0,0.0,-2.0,-1.05,1.0,-0.5,1,0,0,0,37
San Diego,Winter,2011,39,0,32.90390179487179,-117.07570241025641,0.2638461538461539,0.0,0.0,0.0,0.0,3.6888794541139363,0.0,157.0,0.0,-1.0,-0.43,-2.0,1.0,1,0,0,0,37
San Diego,Winter,2012,37,0,32.88146821027027,-117.00510980486487,0.34621621621621623,0.0,0.0,0.0,0.0,3.6375861597263857,0.0,196.0,0.0,0.0,0.3,-1.0,-2.0,1,0,0,0,37
San Diego,Winter,2013,56,0,32.95136892071429,-116.96362849017858,0.5285714285714286,0.0,0.0,0.0,0.0,4.04305126783455,0.0,233.0,0.0,0.0,-0.35,0.0,-1.0,1,0,0,0,37
San Diego,Winter,2014,29,0,32.993469429310345,-116.85137686206897,9.793103448275861,0.0,0.0,0.0,0.0,3.4011973816621555,0.0,289.0,0.0,0.5,0.1,0.0,0.0,1,0,0,0,37
San Diego,Winter,2015,11,0,32.932765020000005,-116.84679288818182,0.09272727272727273,0.0,0.0,0.0,0.0,2.4849066497880004,0.0,318.0,0.0,3.0,1.57,0.5,0.0,1,0,0,0,37
San Francisco,Fall,2011,2,0,37.738695,-122.438456,1.0,0.0,,,,1.0986122886681098,0.0,329.0,0.0,-1.0,-0.43,-2.0,1.0,0,0,0,1,38
San Francisco,Spring,2014,2,0,37.743267,-122.46071649999999,0.625,0.0,,,,1.0986122886681098,0.0,2.0,0.0,0.5,0.1,0.0,0.0,0,1,0,0,38
San Francisco,Summer,2011,6,0,37.7289365,-122.41691183333334,1.5,0.0,,,,1.9459101490553132,0.0,2.0,0.0,-1.0,-0.43,-2.0,1.0,0,0,1,0,38
San Francisco,Summer,2015,3,0,37.73853466666667,-122.41258533333333,0.20333333333333334,0.0,0.0,,0.0,1.3862943611198906,0.0,6.0,0.0,3.0,1.57,0.5,0.0,0,0,1,0,38
San Francisco,Winter,2015,2,0,37.770452500000005,-122.4494415,0.55,0.0,,,,1.0986122886681098,0.0,9.0,0.0,3.0,1.57,0.5,0.0,1,0,0,0,38
San Joaquin,Fall,2011,7,0,37.779222571428576,-121.33733557142857,2.414285714285714,0.0,,,,2.0794415416798357,0.0,2.0,0.0,-1.0,-0.43,-2.0,1.0,0,0,0,1,39
San Joaquin,Fall,2013,2,0,38.2184335,-121.066267,0.9,0.0,0.0,,0.0,1.0986122886681098,0.0,7.0,0.0,0.0,-0.35,0.0,-1.0,0,0,0,1,39
San Joaquin,Fall,2014,2,0,38.254653,-121.01806350000001,8.75,0.0,0.0,0.0,0.0,1.0986122886681098,0.0,9.0,0.0,0.5,0.1,0.0,0.0,0,0,0,1,39
San Joaquin,Fall,2015,8,0,38.01687075,-121.1894935,0.53125,0.0,0.0,0.0,0.0,2.1972245773362196,0.0,11.0,0.0,3.0,1.57,0.5,0.0,0,0,0,1,39
San Joaquin,Spring,2011,20,0,37.8398405,-121.3945105,11.1075,0.0,,,,3.044522437723423,0.0,19.0,0.0,-1.0,-0.43,-2.0,1.0,0,1,0,0,39
San Joaquin,Spring,2012,4,0,37.9868355,-121.102992,2.0,0.0,0.0,,0.0,1.6094379124341003,0.0,20.0,0.0,0.0,0.3,-1.0,-2.0,0,1,0,0,39
San Joaquin,Spring,2013,127,1,37.916989811023626,-121.29524403937008,4.004881889763779,0.007874015748031496,0.0,0.0,0.0,4.852030263919617,0.0,24.0,0.0,0.0,-0.35,0.0,-1.0,0,1,0,0,39
San Joaquin,Spring,2014,10,0,38.111174500000004,-121.0446077,5.33,0.0,1.0,0.0,0.3333333333333333,2.3978952727983707,1.0,151.0,0.006622516556291391,0.5,0.1,0.0,0.0,0,1,0,0,39
San Joaquin,Spring,2015,9,0,37.94696066666667,-121.22749233333333,8.872222222222222,0.0,0.0,1.0,0.3333333333333333,2.302585092994046,1.0,161.0,0.006211180124223602,3.0,1.57,0.5,0.0,0,1,0,0,39
San Joaquin,Summer,2011,40,0,37.86395505,-121.2936512,3.3549999999999995,0.0,,,,3.713572066704308,1.0,170.0,0.0058823529411764705,-1.0,-0.43,-2.0,1.0,0,0,1,0,39
San Joaquin,Summer,2012,9,0,37.93696822222222,-121.14839944444445,31.444444444444443,0.0,0.0,,0.0,2.302585092994046,0.0,40.0,0.0,0.0,0.3,-1.0,-2.0,0,0,1,0,39
San Joaquin,Summer,2013,18,0,37.94644761111111,-121.30156161111111,3.076111111111111,0.0,0.0,0.0,0.0,2.9444389791664403,0.0,49.0,0.0,0.0,-0.35,0.0,-1.0,0,0,1,0,39
San Joaquin,Summer,2014,3,0,38.12268766666667,-121.083666,3.7566666666666664,0.0,0.0,0.0,0.0,1.3862943611198906,0.0,67.0,0.0,0.5,0.1,0.0,0.0,0,0,1,0,39
San Joaquin,Summer,2015,12,0,38.00737375,-121.17698416666667,4.528333333333333,0.0,0.0,0.0,0.0,2.5649493574615367,0.0,70.0,0.0,3.0,1.57,0.5,0.0,0,0,1,0,39
San Joaquin,Winter,2011,1,0,37.728053,-121.443258,0.1,0.0,,,,0.6931471805599453,0.0,82.0,0.0,-1.0,-0.43,-2.0,1.0,1,0,0,0,39
San Joaquin,Winter,2012,6,0,37.78002883333333,-121.38717283333334,0.45,0.0,0.0,,0.0,1.9459101490553132,0.0,1.0,0.0,0.0,0.3,-1.0,-2.0,1,0,0,0,39
San Joaquin,Winter,2013,14,0,37.971747,-121.29666714285715,0.060714285714285714,0.0,0.0,0.0,0.0,2.70805020110221,0.0,7.0,0.0,0.0,-0.35,0.0,-1.0,1,0,0,0,39
San Joaquin,Winter,2014,13,0,37.79481946153846,-121.34923253846154,0.36153846153846153,0.0,0.0,0.0,0.0,2.6390573296152584,0.0,21.0,0.0,0.5,0.1,0.0,0.0,1,0,0,0,39
San Joaquin,Winter,2015,1,0,38.14574,-121.178385,0.01,0.0,0.0,0.0,0.0,0.6931471805599453,0.0,34.0,0.0,3.0,1.57,0.5,0.0,1,0,0,0,39
San Luis Obispo,Fall,1998,6,0,35.34998683333333,-120.47487866666665,6.883333333333334,0.0,,,,1.9459101490553132,0.0,35.0,0.0,-2.0,-0.78,3.0,0.0,0,0,0,1,40
San Luis Obispo,Fall,1999,5,0,35.5040438,-120.61322179999999,0.27999999999999997,0.0,0.0,,0.0,1.791759469228055,0.0,6.0,0.0,-2.0,-1.1,-2.0,3.0,0,0,0,1,40
San Luis Obispo,Fall,2000,1,0,35.433039,-120.60255,0.2,0.0,0.0,0.0,0.0,0.6931471805599453,0.0,11.0,0.0,-0.5,-0.55,-2.0,-2.0,0,0,0,1,40
San Luis Obispo,Fall,2002,2,0,35.617290499999996,-120.49806899999999,0.3,0.0,0.0,0.0,0.0,1.0986122886681098,0.0,12.0,0.0,1.0,0.79,0.0,-0.5,0,0,0,1,40
San Luis Obispo,Fall,2003,2,0,35.7083595,-121.06982500000001,0.1,0.0,0.0,0.0,0.0,1.0986122886681098,0.0,14.0,0.0,0.0,0.08,1.0,0.0,0,0,0,1,40
San Luis Obispo,Fall,2004,1,0,35.738811,-120.202719,8.0,0.0,0.0,0.0,0.0,0.6931471805599453,0.0,16.0,0.0,0.5,0.47,0.0,1.0,0,0,0,1,40
San Luis Obispo,Fall,2005,3,0,35.567382333333335,-120.94097699999999,0.16666666666666666,0.0,0.0,0.0,0.0,1.3862943611198906,0.0,17.0,0.0,-0.5,-0.06,0.5,0.0,0,0,0,1,40
San Luis Obispo,Fall,2007,9,0,35.36462188888889,-120.62856388888889,0.4444444444444444,0.0,0.0,0.0,0.0,2.302585092994046,0.0,20.0,0.0,-2.0,-0.56,0.5,-0.5,0,0,0,1,40
San Luis Obispo,Fall,2009,1,0,35.24666667,-120.48666667,0.25,0.0,0.0,0.0,0.0,0.6931471805599453,0.0,29.0,0.0,1.0,0.45,-0.5,-2.0,0,0,0,1,40
San Luis Obispo,Fall,2011,20,1,35.40744535,-120.63079815,253.64600000000002,0.05,0.0,0.0,0.0,3.044522437723423,0.0,30.0,0.0,-1.0,-0.43,-2.0,1.0,0,0,0,1,40
San Luis Obispo,Fall,2012,16,0,35.3581913125,-120.590721875,0.78125,0.0,1.0,0.0,0.3333333333333333,2.833213344056216,1.0,50.0,0.02,0.0,0.3,-1.0,-2.0,0,0,0,1,40
San Luis Obispo,Fall,2013,21,0,35.334081857142856,-120.63127995238095,7.847619047619046,0.0,0.0,1.0,0.3333333333333333,3.091042453358316,1.0,66.0,0.015151515151515152,0.0,-0.35,0.0,-1.0,0,0,0,1,40
San Luis Obispo,Fall,2014,6,0,35.249135333333335,-120.65139900000001,0.22,0.0,0.0,0.0,0.3333333333333333,1.9459101490553132,1.0,87.0,0.011494252873563218,0.5,0.1,0.0,0.0,0,0,0,1,40
San Luis Obispo,Fall,2015,32,0,35.3753513125,-120.63843534375,0.6696875,0.0,0.0,0.0,0.0,3.4965075614664802,1.0,93.0,0.010752688172043012,3.0,1.57,0.5,0.0,0,0,0,1,40
San Luis Obispo,Spring,1999,3,0,35.222379999999994,-120.408563,2.1999999999999997,0.0,,,,1.3862943611198906,1.0,125.0,0.008,-2.0,-1.1,-2.0,3.0,0,1,0,0,40
San Luis Obispo,Spring,2000,6,0,35.4465205,-120.5017635,2.15,0.0,0.0,,0.0,1.9459101490553132,0.0,3.0,0.0,-0.5,-0.55,-2.0,-2.0,0,1,0,0,40
San Luis Obispo,Spring,2001,3,0,35.335343333333334,-120.61583066666667,1.0333333333333334,0.0,0.0,0.0,0.0,1.3862943611198906,0.0,9.0,0.0,0.0,-0.08,-0.5,-2.0,0,1,0,0,40
San Luis Obispo,Spring,2002,4,1,35.39663125,-120.3919395,532.025,0.25,0.0,0.0,0.0,1.6094379124341003,0.0,12.0,0.0,1.0,0.79,0.0,-0.5,0,1,0,0,40
San Luis Obispo,Spring,2003,3,0,35.520486999999996,-120.52171033333333,13.366666666666667,0.0,1.0,0.0,0.3333333333333333,1.3862943611198906,1.0,16.0,0.0625,0.0,0.08,1.0,0.0,0,1,0,0,40
San Luis Obispo,Spring,2004,2,0,35.396325000000004,-120.5062155,0.3,0.0,0.0,1.0,0.3333333333333333,1.0986122886681098,1.0,19.0,0.05263157894736842,0.5,0.47,0.0,1.0,0,1,0,0,40
San Luis Obispo,Spring,2005,1,0,35.437719,-120.4953,0.3,0.0,0.0,0.0,0.3333333333333333,0.6931471805599453,1.0,21.0,0.047619047619047616,-0.5,-0.06,0.5,0.0,0,1,0,0,40
San Luis Obispo,Spring,2006,4,0,35.42908475,-120.49290222249999,0.0775,0.0,0.0,0.0,0.0,1.6094379124341003,1.0,22.0,0.045454545454545456,0.5,0.1,-0.5,0.5,0,1,0,0,40
San Luis Obispo,Spring,2007,12,0,35.351803833333335,-120.69192916666667,0.26666666666666666,0.0,0.0,0.0,0.0,2.5649493574615367,1.0,26.0,0.038461538461538464,-2.0,-0.56,0.5,-0.5,0,1,0,0,40
San Luis Obispo,Spring,2008,1,0,35.26055556,-120.51583333,12.3,0.0,0.0,0.0,0.0,0.6931471805599453,1.0,38.0,0.02631578947368421,-0.5,-0.37,-2.0,0.5,0,1,0,0,40
San Luis Obispo,Spring,2011,28,0,35.41854421428572,-120.55877678571429,8.383928571428571,0.0,0.0,0.0,0.0,3.367295829986474,1.0,39.0,0.02564102564102564,-1.0,-0.43,-2.0,1.0,0,1,0,0,40
San Luis Obispo,Spring,2012,25,0,35.4115163468,-120.6106333644,1.3068,0.0,0.0,0.0,0.0,3.258096538021482,1.0,67.0,0.014925373134328358,0.0,0.3,-1.0,-2.0,0,1,0,0,40
San Luis Obispo,Spring,2013,50,1,35.3836641154,-120.5809025022,13.3024,0.02,0.0,0.0,0.0,3.9318256327243257,1.0,92.0,0.010869565217391304,0.0,-0.35,0.0,-1.0,0,1,0,0,40
San Luis Obispo,Spring,2014,28,0,35.339792464285715,-120.68057639285713,0.9346428571428571,0.0,1.0,0.0,0.3333333333333333,3.367295829986474,2.0,142.0,0.014084507042253521,0.5,0.1,0.0,0.0,0,1,0,0,40
San Luis Obispo,Spring,2015,27,0,35.35164677777778,-120.65861396296296,0.4918518518518518,0.0,0.0,1.0,0.3333333333333333,3.332204510175204,2.0,170.0,0.011764705882352941,3.0,1.57,0.5,0.0,0,1,0,0,40
San Luis Obispo,Summer,1998,5,0,35.4064722,-120.50635379999999,9.36,0.0,,,,1.791759469228055,2.0,197.0,0.01015228426395939,-2.0,-0.78,3.0,0.0,0,0,1,0,40
San Luis Obispo,Summer,1999,10,0,35.3598212,-120.5185238,5.74,0.0,0.0,,0.0,2.3978952727983707,0.0,5.0,0.0,-2.0,-1.1,-2.0,3.0,0,0,1,0,40
San Luis Obispo,Summer,2000,7,0,35.345020142857145,-120.59057857142857,0.39999999999999997,0.0,0.0,0.0,0.0,2.0794415416798357,0.0,15.0,0.0,-0.5,-0.55,-2.0,-2.0,0,0,1,0,40
San Luis Obispo,Summer,2001,7,0,35.37628585714286,-120.52731271428571,0.1142857142857143,0.0,0.0,0.0,0.0,2.0794415416798357,0.0,22.0,0.0,0.0,-0.08,-0.5,-2.0,0,0,1,0,40
San Luis Obispo,Summer,2002,7,1,35.328636,-120.61257242857143,199.14285714285714,0.14285714285714285,0.0,0.0,0.0,2.0794415416798357,0.0,29.0,0.0,1.0,0.79,0.0,-0.5,0,0,1,0,40
San Luis Obispo,Summer,2003,10,1,35.456763,-120.4911319,154.18,0.1,1.0,0.0,0.3333333333333333,2.3978952727983707,1.0,36.0,0.027777777777777776,0.0,0.08,1.0,0.0,0,0,1,0,40
San Luis Obispo,Summer,2004,8,0,35.628001125,-120.64586237500001,0.9750000000000001,0.0,1.0,1.0,0.6666666666666666,2.1972245773362196,2.0,46.0,0.043478260869565216,0.5,0.47,0.0,1.0,0,0,1,0,40
San Luis Obispo,Summer,2005,4,0,35.51519725,-120.9664945,0.425,0.0,0.0,1.0,0.6666666666666666,1.6094379124341003,2.0,54.0,0.037037037037037035,-0.5,-0.06,0.5,0.0,0,0,1,0,40
San Luis Obispo,Summer,2006,11,1,35.44870464636364,-120.41951111090908,111.52272727272727,0.09090909090909091,0.0,0.0,0.3333333333333333,2.4849066497880004,2.0,58.0,0.034482758620689655,0.5,0.1,-0.5,0.5,0,0,1,0,40
San Luis Obispo,Summer,2007,15,0,35.4116076,-120.6830832,1.48,0.0,1.0,0.0,0.3333333333333333,2.772588722239781,3.0,69.0,0.043478260869565216,-2.0,-0.56,0.5,-0.5,0,0,1,0,40
San Luis Obispo,Summer,2010,5,1,35.531333339999996,-120.4168332,232.39600000000002,0.2,0.0,1.0,0.3333333333333333,1.791759469228055,3.0,84.0,0.03571428571428571,-2.0,-1.05,1.0,-0.5,0,0,1,0,40
San Luis Obispo,Summer,2011,62,3,35.482912322580646,-120.57019803225806,66.39838709677419,0.04838709677419355,1.0,0.0,0.6666666666666666,4.143134726391533,4.0,89.0,0.0449438202247191,-1.0,-0.43,-2.0,1.0,0,0,1,0,40
San Luis Obispo,Summer,2012,55,0,35.47888741818182,-120.63646767272726,3.8418181818181822,0.0,3.0,1.0,1.3333333333333333,4.02535169073515,7.0,151.0,0.046357615894039736,0.0,0.3,-1.0,-2.0,0,0,1,0,40
San Luis Obispo,Summer,2013,44,0,35.40160722727273,-120.57056718181819,3.0472727272727274,0.0,0.0,3.0,1.3333333333333333,3.8066624897703196,7.0,206.0,0.03398058252427184,0.0,-0.35,0.0,-1.0,0,0,1,0,40
San Luis Obispo,Summer,2014,34,0,35.41008844117647,-120.78089082352942,1.776470588235294,0.0,0.0,0.0,1.0,3.5553480614894135,7.0,250.0,0.028,0.5,0.1,0.0,0.0,0,0,1,0,40
San Luis Obispo,Summer,2015,42,1,35.36154442857143,-120.66487754761904,61.30714285714286,0.023809523809523808,0.0,0.0,0.0,3.7612001156935624,7.0,284.0,0.02464788732394366,3.0,1.57,0.5,0.0,0,0,1,0,40
San Luis Obispo,Winter,1999,2,0,35.42524,-120.4887805,1.05,0.0,,,,1.0986122886681098,8.0,326.0,0.024539877300613498,-2.0,-1.1,-2.0,3.0,1,0,0,0,40
San Luis Obispo,Winter,2000,1,0,35.417719,-120.49795,1.0,0.0,0.0,,0.0,0.6931471805599453,0.0,2.0,0.0,-0.5,-0.55,-2.0,-2.0,1,0,0,0,40
San Luis Obispo,Winter,2002,1,0,35.228611,-120.781131,1.0,0.0,0.0,0.0,0.0,0.6931471805599453,0.0,3.0,0.0,1.0,0.79,0.0,-0.5,1,0,0,0,40
San Luis Obispo,Winter,2005,1,0,35.214531,-120.851061,0.5,0.0,0.0,0.0,0.0,0.6931471805599453,0.0,4.0,0.0,-0.5,-0.06,0.5,0.0,1,0,0,0,40
San Luis Obispo,Winter,2006,1,0,35.323183,-120.8266,0.1,0.0,0.0,0.0,0.0,0.6931471805599453,0.0,5.0,0.0,0.5,0.1,-0.5,0.5,1,0,0,0,40
San Luis Obispo,Winter,2007,16,1,35.3607055,-120.7488260625,20.9125,0.0625,0.0,0.0,0.0,2.833213344056216,0.0,6.0,0.0,-2.0,-0.56,0.5,-0.5,1,0,0,0,40
San Luis Obispo,Winter,2010,1,0,35.3786111,-120.284167,0.06,0.0,1.0,0.0,0.3333333333333333,0.6931471805599453,1.0,22.0,0.045454545454545456,-2.0,-1.05,1.0,-0.5,1,0,0,0,40
San Luis Obispo,Winter,2011,11,0,35.40647563636364,-120.55896154545454,2.7536363636363634,0.0,0.0,1.0,0.3333333333333333,2.4849066497880004,1.0,23.0,0.043478260869565216,-1.0,-0.43,-2.0,1.0,1,0,0,0,40
San Luis Obispo,Winter,2012,20,0,35.58290955,-120.706745,4.35,0.0,0.0,0.0,0.3333333333333333,3.044522437723423,1.0,34.0,0.029411764705882353,0.0,0.3,-1.0,-2.0,1,0,0,0,40
San Luis Obispo,Winter,2013,11,0,35.41665,-120.80429554545454,0.45909090909090905,0.0,0.0,0.0,0.0,2.4849066497880004,1.0,54.0,0.018518518518518517,0.0,-0.35,0.0,-1.0,1,0,0,0,40
San Luis Obispo,Winter,2014,12,0,35.34589033333334,-120.64161541666665,2.1166666666666667,0.0,0.0,0.0,0.0,2.5649493574615367,1.0,65.0,0.015384615384615385,0.5,0.1,0.0,0.0,1,0,0,0,40
San Luis Obispo,Winter,2015,1,0,35.146361,-120.63896,0.01,0.0,0.0,0.0,0.0,0.6931471805599453,1.0,77.0,0.012987012987012988,3.0,1.57,0.5,0.0,1,0,0,0,40
San Mateo,Fall,2007,1,0,37.275689,-122.407786,0.1,0.0,,,,0.6931471805599453,1.0,78.0,0.01282051282051282,-2.0,-0.56,0.5,-0.5,0,0,0,1,41
San Mateo,Fall,2011,8,0,37.57766625,-122.372238,0.18,0.0,0.0,,0.0,2.1972245773362196,0.0,1.0,0.0,-1.0,-0.43,-2.0,1.0,0,0,0,1,41
San Mateo,Fall,2012,6,0,37.534653166666665,-122.42036433333334,0.4666666666666666,0.0,0.0,0.0,0.0,1.9459101490553132,0.0,9.0,0.0,0.0,0.3,-1.0,-2.0,0,0,0,1,41
San Mateo,Fall,2013,4,0,37.52917925,-122.3840045,0.55,0.0,0.0,0.0,0.0,1.6094379124341003,0.0,15.0,0.0,0.0,-0.35,0.0,-1.0,0,0,0,1,41
San Mateo,Fall,2014,7,0,37.47986814285714,-122.436471,0.11142857142857143,0.0,0.0,0.0,0.0,2.0794415416798357,0.0,19.0,0.0,0.5,0.1,0.0,0.0,0,0,0,1,41
San Mateo,Fall,2015,8,0,37.447736750000004,-122.347279125,0.9612499999999999,0.0,0.0,0.0,0.0,2.1972245773362196,0.0,26.0,0.0,3.0,1.57,0.5,0.0,0,0,0,1,41
San Mateo,Spring,2000,2,0,37.244025,-122.23310000000001,0.1,0.0,,,,1.0986122886681098,0.0,34.0,0.0,-0.5,-0.55,-2.0,-2.0,0,1,0,0,41
San Mateo,Spring,2007,2,0,37.235271,-122.4090015,0.1,0.0,0.0,,0.0,1.0986122886681098,0.0,2.0,0.0,-2.0,-0.56,0.5,-0.5,0,1,0,0,41
San Mateo,Spring,2011,6,0,37.486588000000005,-122.3785205,0.2966666666666667,0.0,0.0,0.0,0.0,1.9459101490553132,0.0,4.0,0.0,-1.0,-0.43,-2.0,1.0,0,1,0,0,41
San Mateo,Spring,2012,8,0,37.576023625,-122.340962375,1.64375,0.0,0.0,0.0,0.0,2.1972245773362196,0.0,10.0,0.0,0.0,0.3,-1.0,-2.0,0,1,0,0,41
San Mateo,Spring,2013,27,0,37.60491088888889,-122.38661181481481,0.34296296296296297,0.0,0.0,0.0,0.0,3.332204510175204,0.0,18.0,0.0,0.0,-0.35,0.0,-1.0,0,1,0,0,41
San Mateo,Spring,2014,7,0,37.443063,-122.40181585714286,0.34714285714285714,0.0,0.0,0.0,0.0,2.0794415416798357,0.0,45.0,0.0,0.5,0.1,0.0,0.0,0,1,0,0,41
San Mateo,Spring,2015,9,0,37.51967388888889,-122.38736533333334,1.401111111111111,0.0,0.0,0.0,0.0,2.302585092994046,0.0,52.0,0.0,3.0,1.57,0.5,0.0,0,1,0,0,41
San Mateo,Summer,2000,1,0,37.265469,-122.304669,0.1,0.0,,,,0.6931471805599453,0.0,61.0,0.0,-0.5,-0.55,-2.0,-2.0,0,0,1,0,41
San Mateo,Summer,2006,1,0,37.677222,-122.4,35.0,0.0,0.0,,0.0,0.6931471805599453,0.0,1.0,0.0,0.5,0.1,-0.5,0.5,0,0,1,0,41
San Mateo,Summer,2011,22,0,37.527590000000004,-122.35375922727272,0.3663636363636364,0.0,0.0,0.0,0.0,3.1354942159291497,0.0,2.0,0.0,-1.0,-0.43,-2.0,1.0,0,0,1,0,41
San Mateo,Summer,2012,12,0,37.43609191666666,-122.36782833333332,0.25833333333333336,0.0,0.0,0.0,0.0,2.5649493574615367,0.0,24.0,0.0,0.0,0.3,-1.0,-2.0,0,0,1,0,41
San Mateo,Summer,2013,14,0,37.48088114285714,-122.35280857142857,0.682142857142857,0.0,0.0,0.0,0.0,2.70805020110221,0.0,36.0,0.0,0.0,-0.35,0.0,-1.0,0,0,1,0,41
San Mateo,Summer,2014,11,0,37.41368763636364,-122.32340918181818,0.11272727272727273,0.0,0.0,0.0,0.0,2.4849066497880004,0.0,50.0,0.0,0.5,0.1,0.0,0.0,0,0,1,0,41
San Mateo,Summer,2015,19,0,37.51818242105263,-122.36704352631578,0.4826315789473684,0.0,0.0,0.0,0.0,2.995732273553991,0.0,61.0,0.0,3.0,1.57,0.5,0.0,0,0,1,0,41
San Mateo,Winter,2007,2,0,37.190054,-122.39715000000001,0.1,0.0,,,,1.0986122886681098,0.0,80.0,0.0,-2.0,-0.56,0.5,-0.5,1,0,0,0,41
San Mateo,Winter,2011,7,0,37.568952714285714,-122.44615328571429,0.3485714285714286,0.0,0.0,,0.0,2.0794415416798357,0.0,2.0,0.0,-1.0,-0.43,-2.0,1.0,1,0,0,0,41
San Mateo,Winter,2012,6,0,37.518667,-122.38202833333332,0.27166666666666667,0.0,0.0,0.0,0.0,1.9459101490553132,0.0,9.0,0.0,0.0,0.3,-1.0,-2.0,1,0,0,0,41
San Mateo,Winter,2013,3,0,37.44467533333333,-122.333602,0.37000000000000005,0.0,0.0,0.0,0.0,1.3862943611198906,0.0,15.0,0.0,0.0,-0.35,0.0,-1.0,1,0,0,0,41
San Mateo,Winter,2014,2,0,37.362592,-122.3942835,3.05,0.0,0.0,0.0,0.0,1.0986122886681098,0.0,18.0,0.0,0.5,0.1,0.0,0.0,1,0,0,0,41
San Mateo,Winter,2015,1,0,37.597612,-122.400743,0.25,0.0,0.0,0.0,0.0,0.6931471805599453,0.0,20.0,0.0,3.0,1.57,0.5,0.0,1,0,0,0,41
Santa Barbara,Fall,1998,1,0,34.817311,-119.446119,10.0,0.0,,,,0.6931471805599453,0.0,21.0,0.0,-2.0,-0.78,3.0,0.0,0,0,0,1,42
Santa Barbara,Fall,2000,1,0,34.907631,-119.768661,0.1,0.0,0.0,,0.0,0.6931471805599453,0.0,1.0,0.0,-0.5,-0.55,-2.0,-2.0,0,0,0,1,42
Santa Barbara,Fall,2001,2,0,35.008571,-119.844504,1.0,0.0,0.0,0.0,0.0,1.0986122886681098,0.0,2.0,0.0,0.0,-0.08,-0.5,-2.0,0,0,0,1,42
Santa Barbara,Fall,2002,1,0,35.006269,-119.84055,0.1,0.0,0.0,0.0,0.0,0.6931471805599453,0.0,4.0,0.0,1.0,0.79,0.0,-0.5,0,0,0,1,42
Santa Barbara,Fall,2006,2,0,34.52763889,-119.76458333,0.1,0.0,0.0,0.0,0.0,1.0986122886681098,0.0,5.0,0.0,0.5,0.1,-0.5,0.5,0,0,0,1,42
Santa Barbara,Fall,2007,2,1,34.775139055,-120.00236111,355.05,0.5,0.0,0.0,0.0,1.0986122886681098,0.0,7.0,0.0,-2.0,-0.56,0.5,-0.5,0,0,0,1,42
Santa Barbara,Fall,2008,1,1,34.45777778,-119.66055556,1940.0,1.0,1.0,0.0,0.3333333333333333,0.6931471805599453,1.0,9.0,0.1111111111111111,-0.5,-0.37,-2.0,0.5,0,0,0,1,42
Santa Barbara,Fall,2009,1,1,35.991389,-121.494167,617.0,1.0,1.0,1.0,0.6666666666666666,0.6931471805599453,2.0,10.0,0.2,1.0,0.45,-0.5,-2.0,0,0,0,1,42
Santa Barbara,Fall,2010,5,1,34.61411108,-119.95138879999999,266.87,0.2,1.0,1.0,1.0,1.791759469228055,3.0,11.0,0.2727272727272727,-2.0,-1.05,1.0,-0.5,0,0,0,1,42
Santa Barbara,Fall,2011,4,0,34.65667625,-120.22877174999999,0.3125,0.0,1.0,1.0,1.0,1.6094379124341003,4.0,16.0,0.25,-1.0,-0.43,-2.0,1.0,0,0,0,1,42
Santa Barbara,Fall,2012,1,0,34.50333333,-119.79416667,44.0,0.0,0.0,1.0,0.6666666666666666,0.6931471805599453,4.0,20.0,0.2,0.0,0.3,-1.0,-2.0,0,0,0,1,42
Santa Barbara,Fall,2013,4,0,34.7754594175,-120.28410185999999,0.6074999999999999,0.0,0.0,0.0,0.3333333333333333,1.6094379124341003,4.0,21.0,0.19047619047619047,0.0,-0.35,0.0,-1.0,0,0,0,1,42
Santa Barbara,Fall,2014,1,0,34.5325,-119.85388889,0.1,0.0,0.0,0.0,0.0,0.6931471805599453,4.0,25.0,0.16,0.5,0.1,0.0,0.0,0,0,0,1,42
Santa Barbara,Fall,2015,16,0,34.729059166875004,-119.9350196175,1.494375,0.0,0.0,0.0,0.0,2.833213344056216,4.0,26.0,0.15384615384615385,3.0,1.57,0.5,0.0,0,0,0,1,42
Santa Barbara,Spring,1999,5,0,34.930954,-119.69194780000001,3.8600000000000003,0.0,,,,1.791759469228055,4.0,42.0,0.09523809523809523,-2.0,-1.1,-2.0,3.0,0,1,0,0,42
Santa Barbara,Spring,2000,2,0,34.986020999999994,-119.909446,30.0,0.0,0.0,,0.0,1.0986122886681098,0.0,5.0,0.0,-0.5,-0.55,-2.0,-2.0,0,1,0,0,42
Santa Barbara,Spring,2002,2,1,34.736739,-120.37618900000001,3891.5,0.5,0.0,0.0,0.0,1.0986122886681098,0.0,7.0,0.0,1.0,0.79,0.0,-0.5,0,1,0,0,42
Santa Barbara,Spring,2004,2,0,34.9357445,-119.627925,30.25,0.0,1.0,0.0,0.3333333333333333,1.0986122886681098,1.0,9.0,0.1111111111111111,0.5,0.47,0.0,1.0,0,1,0,0,42
Santa Barbara,Spring,2006,3,1,34.80166666666667,-119.78657407333333,4996.2,0.3333333333333333,0.0,1.0,0.3333333333333333,1.3862943611198906,1.0,11.0,0.09090909090909091,0.5,0.1,-0.5,0.5,0,1,0,0,42
Santa Barbara,Spring,2007,2,0,34.536944445,-119.859305555,0.75,0.0,1.0,0.0,0.6666666666666666,1.0986122886681098,2.0,14.0,0.14285714285714285,-2.0,-0.56,0.5,-0.5,0,1,0,0,42
Santa Barbara,Spring,2008,2,0,34.821111115,-119.95138889,31.55,0.0,0.0,1.0,0.3333333333333333,1.0986122886681098,2.0,16.0,0.125,-0.5,-0.37,-2.0,0.5,0,1,0,0,42
Santa Barbara,Spring,2009,3,2,34.649074076666665,-119.75342593,3028.6666666666665,0.6666666666666666,0.0,0.0,0.3333333333333333,1.3862943611198906,2.0,18.0,0.1111111111111111,1.0,0.45,-0.5,-2.0,0,1,0,0,42
Santa Barbara,Spring,2010,1,0,34.5647222,-119.936111,0.67,0.0,2.0,0.0,0.6666666666666666,0.6931471805599453,4.0,21.0,0.19047619047619047,-2.0,-1.05,1.0,-0.5,0,1,0,0,42
Santa Barbara,Spring,2011,4,0,34.952385750000005,-120.437309,0.045,0.0,0.0,2.0,0.6666666666666666,1.6094379124341003,4.0,22.0,0.18181818181818182,-1.0,-0.43,-2.0,1.0,0,1,0,0,42
Santa Barbara,Spring,2012,3,0,34.80951611,-120.29911811,1.2066666666666668,0.0,0.0,0.0,0.6666666666666666,1.3862943611198906,4.0,26.0,0.15384615384615385,0.0,0.3,-1.0,-2.0,0,1,0,0,42
Santa Barbara,Spring,2013,22,1,34.69974616681818,-120.22083758590908,91.47136363636363,0.045454545454545456,0.0,0.0,0.0,3.1354942159291497,4.0,29.0,0.13793103448275862,0.0,-0.35,0.0,-1.0,0,1,0,0,42
Santa Barbara,Spring,2014,15,1,34.71248537733333,-120.21328150266666,42.43866666666667,0.06666666666666667,1.0,0.0,0.3333333333333333,2.772588722239781,5.0,51.0,0.09803921568627451,0.5,0.1,0.0,0.0,0,1,0,0,42
Santa Barbara,Spring,2015,4,0,34.4976252775,-119.813333915,0.25,0.0,1.0,1.0,0.6666666666666666,1.6094379124341003,6.0,66.0,0.09090909090909091,3.0,1.57,0.5,0.0,0,1,0,0,42
Santa Barbara,Summer,1998,2,0,34.7298655,-119.87555950000001,0.55,0.0,,,,1.0986122886681098,6.0,70.0,0.08571428571428572,-2.0,-0.78,3.0,0.0,0,0,1,0,42
Santa Barbara,Summer,1999,1,0,34.9712,-119.753669,0.1,0.0,0.0,,0.0,0.6931471805599453,0.0,2.0,0.0,-2.0,-1.1,-2.0,3.0,0,0,1,0,42
Santa Barbara,Summer,2001,1,0,34.976711,-119.8907,0.1,0.0,0.0,0.0,0.0,0.6931471805599453,0.0,3.0,0.0,0.0,-0.08,-0.5,-2.0,0,0,1,0,42
Santa Barbara,Summer,2002,2,0,35.004138999999995,-119.984175,4.55,0.0,0.0,0.0,0.0,1.0986122886681098,0.0,4.0,0.0,1.0,0.79,0.0,-0.5,0,0,1,0,42
Santa Barbara,Summer,2003,5,0,34.879684,-120.02549160000001,2.88,0.0,0.0,0.0,0.0,1.791759469228055,0.0,6.0,0.0,0.0,0.08,1.0,0.0,0,0,1,0,42
Santa Barbara,Summer,2004,2,1,34.747949,-120.1246205,154.0,0.5,0.0,0.0,0.0,1.0986122886681098,0.0,11.0,0.0,0.5,0.47,0.0,1.0,0,0,1,0,42
Santa Barbara,Summer,2006,12,1,34.8182175925,-119.94479162916667,137.67083333333332,0.08333333333333333,1.0,0.0,0.3333333333333333,2.5649493574615367,1.0,13.0,0.07692307692307693,0.5,0.1,-0.5,0.5,0,0,1,0,42
Santa Barbara,Summer,2007,11,3,34.72035101090909,-119.96390051636364,21925.322727272727,0.2727272727272727,1.0,1.0,0.6666666666666666,2.4849066497880004,2.0,25.0,0.08,-2.0,-0.56,0.5,-0.5,0,0,1,0,42
Santa Barbara,Summer,2008,7,1,34.81503968142857,-120.05384920571429,1384.8857142857144,0.14285714285714285,3.0,1.0,1.6666666666666667,2.0794415416798357,5.0,36.0,0.1388888888888889,-0.5,-0.37,-2.0,0.5,0,0,1,0,42
Santa Barbara,Summer,2009,6,1,34.58995370333333,-119.77194444499999,15272.016666666665,0.16666666666666666,1.0,3.0,1.6666666666666667,1.9459101490553132,6.0,43.0,0.13953488372093023,1.0,0.45,-0.5,-2.0,0,0,1,0,42
Santa Barbara,Summer,2010,3,1,34.66824076666666,-119.89462966666667,123.35000000000001,0.3333333333333333,1.0,1.0,1.6666666666666667,1.3862943611198906,7.0,49.0,0.14285714285714285,-2.0,-1.05,1.0,-0.5,0,0,1,0,42
Santa Barbara,Summer,2011,17,1,34.6602575882353,-120.18558082352942,18.34,0.058823529411764705,1.0,1.0,1.0,2.8903717578961645,8.0,52.0,0.15384615384615385,-1.0,-0.43,-2.0,1.0,0,0,1,0,42
Santa Barbara,Summer,2012,3,0,34.897471036666666,-120.14298314666667,0.25333333333333335,0.0,1.0,1.0,1.0,1.3862943611198906,9.0,69.0,0.13043478260869565,0.0,0.3,-1.0,-2.0,0,0,1,0,42
Santa Barbara,Summer,2013,6,0,34.52791477833333,-119.82594272333334,0.8700000000000001,0.0,0.0,1.0,0.6666666666666666,1.9459101490553132,9.0,72.0,0.125,0.0,-0.35,0.0,-1.0,0,0,1,0,42
Santa Barbara,Summer,2014,3,0,34.69692674,-119.98746166666668,7.116666666666667,0.0,0.0,0.0,0.3333333333333333,1.3862943611198906,9.0,78.0,0.11538461538461539,0.5,0.1,0.0,0.0,0,0,1,0,42
Santa Barbara,Summer,2015,13,0,34.7140471,-120.09807934,16.716153846153848,0.0,0.0,0.0,0.0,2.6390573296152584,9.0,81.0,0.1111111111111111,3.0,1.57,0.5,0.0,0,0,1,0,42
Santa Barbara,Winter,1998,2,0,34.903419,-119.85307499999999,0.55,0.0,,,,1.0986122886681098,9.0,94.0,0.09574468085106383,-2.0,-0.78,3.0,0.0,1,0,0,0,42
Santa Barbara,Winter,1999,1,0,34.818131,-119.45845,0.1,0.0,0.0,,0.0,0.6931471805599453,0.0,2.0,0.0,-2.0,-1.1,-2.0,3.0,1,0,0,0,42
Santa Barbara,Winter,2000,1,0,34.848811,-119.535231,0.1,0.0,0.0,0.0,0.0,0.6931471805599453,0.0,3.0,0.0,-0.5,-0.55,-2.0,-2.0,1,0,0,0,42
Santa Barbara,Winter,2006,1,0,34.91472222,-119.71333333,5.9,0.0,0.0,0.0,0.0,0.6931471805599453,0.0,4.0,0.0,0.5,0.1,-0.5,0.5,1,0,0,0,42
Santa Barbara,Winter,2008,1,0,34.5425,-119.66722222,1.5,0.0,0.0,0.0,0.0,0.6931471805599453,0.0,5.0,0.0,-0.5,-0.37,-2.0,0.5,1,0,0,0,42
Santa Barbara,Winter,2009,1,0,34.50361111,-119.80444444,0.1,0.0,0.0,0.0,0.0,0.6931471805599453,0.0,6.0,0.0,1.0,0.45,-0.5,-2.0,1,0,0,0,42
Santa Barbara,Winter,2011,4,0,34.67807225,-120.19361375,0.08,0.0,0.0,0.0,0.0,1.6094379124341003,0.0,7.0,0.0,-1.0,-0.43,-2.0,1.0,1,0,0,0,42
Santa Barbara,Winter,2012,7,0,34.60224449142857,-120.00709322285715,1.7785714285714285,0.0,0.0,0.0,0.0,2.0794415416798357,0.0,11.0,0.0,0.0,0.3,-1.0,-2.0,1,0,0,0,42
Santa Barbara,Winter,2013,1,0,34.439576,-119.832733,0.05,0.0,0.0,0.0,0.0,0.6931471805599453,0.0,18.0,0.0,0.0,-0.35,0.0,-1.0,1,0,0,0,42
Santa Barbara,Winter,2014,7,0,34.61659852428571,-120.08176014285714,0.37857142857142856,0.0,0.0,0.0,0.0,2.0794415416798357,0.0,19.0,0.0,0.5,0.1,0.0,0.0,1,0,0,0,42
Santa Barbara,Winter,2015,4,0,34.811612305,-120.13962122250001,0.035,0.0,0.0,0.0,0.0,1.6094379124341003,0.0,26.0,0.0,3.0,1.57,0.5,0.0,1,0,0,0,42
Santa Clara,Fall,1998,1,0,37.091089,-121.792381,10.0,0.0,,,,0.6931471805599453,0.0,30.0,0.0,-2.0,-0.78,3.0,0.0,0,0,0,1,43
Santa Clara,Fall,2001,1,0,37.02155,-121.337239,0.5,0.0,0.0,,0.0,0.6931471805599453,0.0,1.0,0.0,0.0,-0.08,-0.5,-2.0,0,0,0,1,43
Santa Clara,Fall,2002,2,1,37.0763095,-121.774579,1563.55,0.5,0.0,0.0,0.0,1.0986122886681098,0.0,2.0,0.0,1.0,0.79,0.0,-0.5,0,0,0,1,43
Santa Clara,Fall,2003,1,0,37.091,-121.774939,0.1,0.0,1.0,0.0,0.3333333333333333,0.6931471805599453,1.0,4.0,0.25,0.0,0.08,1.0,0.0,0,0,0,1,43
Santa Clara,Fall,2007,1,0,37.160581,-121.556647,0.1,0.0,0.0,1.0,0.3333333333333333,0.6931471805599453,1.0,5.0,0.2,-2.0,-0.56,0.5,-0.5,0,0,0,1,43
Santa Clara,Fall,2011,19,0,37.18651768421052,-121.841501,0.9315789473684211,0.0,0.0,0.0,0.3333333333333333,2.995732273553991,1.0,6.0,0.16666666666666666,-1.0,-0.43,-2.0,1.0,0,0,0,1,43
Santa Clara,Fall,2012,6,0,37.10064933333334,-121.7144735,0.615,0.0,0.0,0.0,0.0,1.9459101490553132,1.0,25.0,0.04,0.0,0.3,-1.0,-2.0,0,0,0,1,43
Santa Clara,Fall,2013,5,0,37.1869366,-121.8805834,0.36,0.0,0.0,0.0,0.0,1.791759469228055,1.0,31.0,0.03225806451612903,0.0,-0.35,0.0,-1.0,0,0,0,1,43
Santa Clara,Fall,2014,4,0,37.1056345,-121.68464175,0.3525,0.0,0.0,0.0,0.0,1.6094379124341003,1.0,36.0,0.027777777777777776,0.5,0.1,0.0,0.0,0,0,0,1,43
Santa Clara,Fall,2015,12,0,37.114168916666664,-121.6946745,0.2525,0.0,0.0,0.0,0.0,2.5649493574615367,1.0,40.0,0.025,3.0,1.57,0.5,0.0,0,0,0,1,43
Santa Clara,Spring,2000,1,0,37.091689,-121.809881,1.0,0.0,,,,0.6931471805599453,1.0,52.0,0.019230769230769232,-0.5,-0.55,-2.0,-2.0,0,1,0,0,43
Santa Clara,Spring,2001,1,0,37.02155,-121.337239,0.1,0.0,0.0,,0.0,0.6931471805599453,0.0,1.0,0.0,0.0,-0.08,-0.5,-2.0,0,1,0,0,43
Santa Clara,Spring,2004,1,0,37.02155,-121.337239,0.1,0.0,0.0,0.0,0.0,0.6931471805599453,0.0,2.0,0.0,0.5,0.47,0.0,1.0,0,1,0,0,43
Santa Clara,Spring,2011,27,0,37.25712437037037,-121.86297981481482,0.5555555555555556,0.0,0.0,0.0,0.0,3.332204510175204,0.0,3.0,0.0,-1.0,-0.43,-2.0,1.0,0,1,0,0,43
Santa Clara,Spring,2012,12,0,37.18124341666667,-121.65135191666667,0.82,0.0,0.0,0.0,0.0,2.5649493574615367,0.0,30.0,0.0,0.0,0.3,-1.0,-2.0,0,1,0,0,43
Santa Clara,Spring,2013,37,0,37.19416805405406,-121.77529094594595,3.5689189189189183,0.0,0.0,0.0,0.0,3.6375861597263857,0.0,42.0,0.0,0.0,-0.35,0.0,-1.0,0,1,0,0,43
Santa Clara,Spring,2014,13,0,37.169141,-121.62927115384615,0.7153846153846153,0.0,0.0,0.0,0.0,2.6390573296152584,0.0,79.0,0.0,0.5,0.1,0.0,0.0,0,1,0,0,43
Santa Clara,Spring,2015,17,0,37.163930176470586,-121.70303976470589,0.43529411764705883,0.0,0.0,0.0,0.0,2.8903717578961645,0.0,92.0,0.0,3.0,1.57,0.5,0.0,0,1,0,0,43
Santa Clara,Summer,1999,1,0,37.09115,-121.758339,0.1,0.0,,,,0.6931471805599453,0.0,109.0,0.0,-2.0,-1.1,-2.0,3.0,0,0,1,0,43
Santa Clara,Summer,2002,3,0,37.12139,-121.71430633333334,10.033333333333333,0.0,0.0,,0.0,1.3862943611198906,0.0,1.0,0.0,1.0,0.79,0.0,-0.5,0,0,1,0,43
Santa Clara,Summer,2003,3,1,37.019216666666665,-121.397476,10057.033333333333,0.3333333333333333,0.0,0.0,0.0,1.3862943611198906,0.0,4.0,0.0,0.0,0.08,1.0,0.0,0,0,1,0,43
Santa Clara,Summer,2004,1,1,37.233333,-121.766667,435.0,1.0,1.0,0.0,0.3333333333333333,0.6931471805599453,1.0,7.0,0.14285714285714285,0.5,0.47,0.0,1.0,0,0,1,0,43
Santa Clara,Summer,2005,2,0,37.058589,-121.5484195,0.1,0.0,1.0,1.0,0.6666666666666666,1.0986122886681098,2.0,8.0,0.25,-0.5,-0.06,0.5,0.0,0,0,1,0,43
Santa Clara,Summer,2007,5,1,37.100318800000004,-121.50251,9552.66,0.2,0.0,1.0,0.6666666666666666,1.791759469228055,2.0,10.0,0.2,-2.0,-0.56,0.5,-0.5,0,0,1,0,43
Santa Clara,Summer,2011,47,0,37.21608136170212,-121.80230685106382,3.0261702127659573,0.0,1.0,0.0,0.6666666666666666,3.871201010907891,3.0,15.0,0.2,-1.0,-0.43,-2.0,1.0,0,0,1,0,43
Santa Clara,Summer,2012,26,0,37.16363380769231,-121.68687019230768,1.291153846153846,0.0,0.0,1.0,0.3333333333333333,3.295836866004329,3.0,62.0,0.04838709677419355,0.0,0.3,-1.0,-2.0,0,0,1,0,43
Santa Clara,Summer,2013,30,0,37.138579166666666,-121.6228703,1.55,0.0,0.0,0.0,0.3333333333333333,3.4339872044851463,3.0,88.0,0.03409090909090909,0.0,-0.35,0.0,-1.0,0,0,1,0,43
Santa Clara,Summer,2014,19,0,37.15356752631579,-121.70072926315788,1.4300000000000002,0.0,0.0,0.0,0.0,2.995732273553991,3.0,118.0,0.025423728813559324,0.5,0.1,0.0,0.0,0,0,1,0,43
Santa Clara,Summer,2015,32,0,37.11382959375,-121.63763890625,1.2765625,0.0,0.0,0.0,0.0,3.4965075614664802,3.0,137.0,0.021897810218978103,3.0,1.57,0.5,0.0,0,0,1,0,43
Santa Clara,Winter,2004,1,0,37.121381,-121.848289,0.1,0.0,,,,0.6931471805599453,3.0,169.0,0.01775147928994083,0.5,0.47,0.0,1.0,1,0,0,0,43
Santa Clara,Winter,2007,3,0,37.136302666666666,-121.65776666666666,0.10000000000000002,0.0,0.0,,0.0,1.3862943611198906,0.0,1.0,0.0,-2.0,-0.56,0.5,-0.5,1,0,0,0,43
Santa Clara,Winter,2011,6,0,37.20261216666667,-121.84954850000001,0.34833333333333333,0.0,0.0,0.0,0.0,1.9459101490553132,0.0,4.0,0.0,-1.0,-0.43,-2.0,1.0,1,0,0,0,43
Santa Clara,Winter,2012,7,0,37.20314157142857,-121.69532942857143,0.4857142857142857,0.0,0.0,0.0,0.0,2.0794415416798357,0.0,10.0,0.0,0.0,0.3,-1.0,-2.0,1,0,0,0,43
Santa Clara,Winter,2013,9,0,37.214194444444445,-121.87195411111111,0.07888888888888888,0.0,0.0,0.0,0.0,2.302585092994046,0.0,17.0,0.0,0.0,-0.35,0.0,-1.0,1,0,0,0,43
Santa Clara,Winter,2014,6,0,37.32776666666667,-121.90397483333334,0.2383333333333333,0.0,0.0,0.0,0.0,1.9459101490553132,0.0,26.0,0.0,0.5,0.1,0.0,0.0,1,0,0,0,43
Santa Clara,Winter,2015,1,0,37.294387,-121.934571,0.01,0.0,0.0,0.0,0.0,0.6931471805599453,0.0,32.0,0.0,3.0,1.57,0.5,0.0,1,0,0,0,43
Santa Cruz,Fall,2006,1,0,37.104444,-121.948056,3.0,0.0,,,,0.6931471805599453,0.0,33.0,0.0,0.5,0.1,-0.5,0.5,0,0,0,1,44
Santa Cruz,Fall,2007,2,0,37.042386,-122.2245915,0.1,0.0,0.0,,0.0,1.0986122886681098,0.0,1.0,0.0,-2.0,-0.56,0.5,-0.5,0,0,0,1,44
Santa Cruz,Fall,2011,27,0,37.07909840740741,-122.00810925925926,0.29814814814814816,0.0,0.0,0.0,0.0,3.332204510175204,0.0,3.0,0.0,-1.0,-0.43,-2.0,1.0,0,0,0,1,44
Santa Cruz,Fall,2012,10,0,37.059587,-122.0304171,0.365,0.0,0.0,0.0,0.0,2.3978952727983707,0.0,30.0,0.0,0.0,0.3,-1.0,-2.0,0,0,0,1,44
Santa Cruz,Fall,2013,30,0,37.05704503333333,-122.00714383333334,0.35666666666666663,0.0,0.0,0.0,0.0,3.4339872044851463,0.0,40.0,0.0,0.0,-0.35,0.0,-1.0,0,0,0,1,44
Santa Cruz,Fall,2014,9,0,37.096499888888886,-122.03118566666666,0.1322222222222222,0.0,0.0,0.0,0.0,2.302585092994046,0.0,70.0,0.0,0.5,0.1,0.0,0.0,0,0,0,1,44
Santa Cruz,Fall,2015,15,0,37.00315,-121.93600880000001,0.24333333333333332,0.0,0.0,0.0,0.0,2.772588722239781,0.0,79.0,0.0,3.0,1.57,0.5,0.0,0,0,0,1,44
Santa Cruz,Spring,2007,6,0,37.025793666666665,-122.18132583333333,0.5833333333333334,0.0,,,,1.9459101490553132,0.0,94.0,0.0,-2.0,-0.56,0.5,-0.5,0,1,0,0,44
Santa Cruz,Spring,2011,14,0,37.01155014285714,-122.00146514285714,0.42214285714285715,0.0,0.0,,0.0,2.70805020110221,0.0,6.0,0.0,-1.0,-0.43,-2.0,1.0,0,1,0,0,44
Santa Cruz,Spring,2012,13,0,37.06041515384615,-122.00659861538462,8.09769230769231,0.0,0.0,0.0,0.0,2.6390573296152584,0.0,20.0,0.0,0.0,0.3,-1.0,-2.0,0,1,0,0,44
Santa Cruz,Spring,2013,20,0,37.0047962,-121.95780400000001,0.329,0.0,0.0,0.0,0.0,3.044522437723423,0.0,33.0,0.0,0.0,-0.35,0.0,-1.0,0,1,0,0,44
Santa Cruz,Spring,2014,27,0,37.02917922222222,-121.95620651851851,0.4537037037037037,0.0,0.0,0.0,0.0,3.332204510175204,0.0,53.0,0.0,0.5,0.1,0.0,0.0,0,1,0,0,44
Santa Cruz,Spring,2015,8,0,37.090246625,-122.05618475,0.4025,0.0,0.0,0.0,0.0,2.1972245773362196,0.0,80.0,0.0,3.0,1.57,0.5,0.0,0,1,0,0,44
Santa Cruz,Summer,2007,3,0,36.98373966666667,-122.13575466666667,0.7000000000000001,0.0,,,,1.3862943611198906,0.0,88.0,0.0,-2.0,-0.56,0.5,-0.5,0,0,1,0,44
Santa Cruz,Summer,2011,36,0,37.016731472222226,-121.95881449999999,0.3005555555555556,0.0,0.0,,0.0,3.6109179126442243,0.0,3.0,0.0,-1.0,-0.43,-2.0,1.0,0,0,1,0,44
Santa Cruz,Summer,2012,34,0,37.02739241176471,-121.96207358823528,0.47411764705882353,0.0,0.0,0.0,0.0,3.5553480614894135,0.0,39.0,0.0,0.0,0.3,-1.0,-2.0,0,0,1,0,44
Santa Cruz,Summer,2013,55,0,37.00324029090909,-121.9313063090909,0.6176363636363637,0.0,0.0,0.0,0.0,4.02535169073515,0.0,73.0,0.0,0.0,-0.35,0.0,-1.0,0,0,1,0,44
Santa Cruz,Summer,2014,44,0,37.004203568181815,-121.9581808409091,0.19886363636363635,0.0,0.0,0.0,0.0,3.8066624897703196,0.0,128.0,0.0,0.5,0.1,0.0,0.0,0,0,1,0,44
Santa Cruz,Summer,2015,37,0,37.04521116216216,-121.99860254054053,0.16054054054054054,0.0,0.0,0.0,0.0,3.6375861597263857,0.0,172.0,0.0,3.0,1.57,0.5,0.0,0,0,1,0,44
Santa Cruz,Winter,2007,3,0,37.016286,-122.19735833333334,0.10000000000000002,0.0,,,,1.3862943611198906,0.0,209.0,0.0,-2.0,-0.56,0.5,-0.5,1,0,0,0,44
Santa Cruz,Winter,2011,9,0,37.040376333333334,-121.96386222222223,0.3766666666666667,0.0,0.0,,0.0,2.302585092994046,0.0,3.0,0.0,-1.0,-0.43,-2.0,1.0,1,0,0,0,44
Santa Cruz,Winter,2012,11,0,37.03202790909091,-121.94784018181818,0.14545454545454548,0.0,0.0,0.0,0.0,2.4849066497880004,0.0,12.0,0.0,0.0,0.3,-1.0,-2.0,1,0,0,0,44
Santa Cruz,Winter,2013,16,0,37.030603937500004,-121.989716875,0.39875,0.0,0.0,0.0,0.0,2.833213344056216,0.0,23.0,0.0,0.0,-0.35,0.0,-1.0,1,0,0,0,44
Santa Cruz,Winter,2014,18,0,37.04466461111111,-121.99849416666666,0.27222222222222225,0.0,0.0,0.0,0.0,2.9444389791664403,0.0,39.0,0.0,0.5,0.1,0.0,0.0,1,0,0,0,44
Santa Cruz,Winter,2015,1,0,37.043504,-122.036851,0.01,0.0,0.0,0.0,0.0,0.6931471805599453,0.0,57.0,0.0,3.0,1.57,0.5,0.0,1,0,0,0,44
Shasta,Fall,1998,6,0,40.47452333333333,-122.48364300000001,1.5833333333333333,0.0,,,,1.9459101490553132,0.0,58.0,0.0,-2.0,-0.78,3.0,0.0,0,0,0,1,45
Shasta,Fall,1999,16,1,40.6130231875,-122.26972599999999,162.31875,0.0625,0.0,,0.0,2.833213344056216,0.0,6.0,0.0,-2.0,-1.1,-2.0,3.0,0,0,0,1,45
Shasta,Fall,2000,8,0,40.659015375,-122.191166375,0.7000000000000001,0.0,1.0,0.0,0.5,2.1972245773362196,1.0,22.0,0.045454545454545456,-0.5,-0.55,-2.0,-2.0,0,0,0,1,45
Shasta,Fall,2001,5,0,40.6190084,-122.302176,0.9,0.0,0.0,1.0,0.3333333333333333,1.791759469228055,1.0,30.0,0.03333333333333333,0.0,-0.08,-0.5,-2.0,0,0,0,1,45
Shasta,Fall,2002,9,0,40.589610111111114,-122.28389944444444,0.3111111111111111,0.0,0.0,0.0,0.3333333333333333,2.302585092994046,1.0,35.0,0.02857142857142857,1.0,0.79,0.0,-0.5,0,0,0,1,45
Shasta,Fall,2003,11,0,40.64629345454546,-122.08164309090908,0.6090909090909091,0.0,0.0,0.0,0.0,2.4849066497880004,1.0,44.0,0.022727272727272728,0.0,0.08,1.0,0.0,0,0,0,1,45
Shasta,Fall,2004,3,0,40.73293433333333,-121.83342699999999,8.466666666666667,0.0,0.0,0.0,0.0,1.3862943611198906,1.0,55.0,0.01818181818181818,0.5,0.47,0.0,1.0,0,0,0,1,45
Shasta,Fall,2005,16,0,40.587246375,-122.30257575,0.80625,0.0,0.0,0.0,0.0,2.833213344056216,1.0,58.0,0.017241379310344827,-0.5,-0.06,0.5,0.0,0,0,0,1,45
Shasta,Fall,2006,11,0,40.86688076818182,-122.17960076727273,0.3645454545454545,0.0,0.0,0.0,0.0,2.4849066497880004,1.0,74.0,0.013513513513513514,0.5,0.1,-0.5,0.5,0,0,0,1,45
Shasta,Fall,2007,36,0,40.67498048777778,-122.22509960194445,0.7333333333333333,0.0,0.0,0.0,0.0,3.6109179126442243,1.0,85.0,0.011764705882352941,-2.0,-0.56,0.5,-0.5,0,0,0,1,45
Shasta,Fall,2008,4,0,40.945972222500004,-121.591875,0.5125,0.0,0.0,0.0,0.0,1.6094379124341003,1.0,121.0,0.008264462809917356,-0.5,-0.37,-2.0,0.5,0,0,0,1,45
Shasta,Fall,2009,5,0,40.810944444,-122.3125,0.166,0.0,0.0,0.0,0.0,1.791759469228055,1.0,125.0,0.008,1.0,0.45,-0.5,-2.0,0,0,0,1,45
Shasta,Fall,2010,5,0,40.58682222,-121.92924000000001,0.12000000000000002,0.0,0.0,0.0,0.0,1.791759469228055,1.0,130.0,0.007692307692307693,-2.0,-1.05,1.0,-0.5,0,0,0,1,45
Shasta,Fall,2011,18,0,40.560773777777776,-122.19429255555555,2.073888888888889,0.0,0.0,0.0,0.0,2.9444389791664403,1.0,135.0,0.007407407407407408,-1.0,-0.43,-2.0,1.0,0,0,0,1,45
Shasta,Fall,2012,24,0,40.67652968083333,-122.19827809750001,11.906666666666666,0.0,0.0,0.0,0.0,3.2188758248682006,1.0,153.0,0.006535947712418301,0.0,0.3,-1.0,-2.0,0,0,0,1,45
Shasta,Fall,2013,79,0,40.62694029531645,-122.21275698329116,1.1279746835443039,0.0,0.0,0.0,0.0,4.382026634673881,1.0,177.0,0.005649717514124294,0.0,-0.35,0.0,-1.0,0,0,0,1,45
Shasta,Fall,2014,15,0,40.61328485933333,-122.29232678533334,1.464,0.0,0.0,0.0,0.0,2.772588722239781,1.0,256.0,0.00390625,0.5,0.1,0.0,0.0,0,0,0,1,45
Shasta,Fall,2015,27,0,40.56795332074074,-122.24400013555557,0.45666666666666667,0.0,0.0,0.0,0.0,3.332204510175204,1.0,271.0,0.0036900369003690036,3.0,1.57,0.5,0.0,0,0,0,1,45
Shasta,Spring,1997,3,0,40.95229366666667,-121.574187,0.16666666666666666,0.0,,,,1.3862943611198906,1.0,298.0,0.003355704697986577,3.0,1.6,0.0,-1.0,0,1,0,0,45
Shasta,Spring,1998,2,0,40.5118305,-122.2302345,0.6,0.0,0.0,,0.0,1.0986122886681098,0.0,3.0,0.0,-2.0,-0.78,3.0,0.0,0,1,0,0,45
Shasta,Spring,1999,33,0,40.58286542424242,-122.28361257575757,2.0424242424242425,0.0,0.0,0.0,0.0,3.5263605246161616,0.0,5.0,0.0,-2.0,-1.1,-2.0,3.0,0,1,0,0,45
Shasta,Spring,2000,14,0,40.60687,-122.27724028571429,0.42857142857142855,0.0,0.0,0.0,0.0,2.70805020110221,0.0,38.0,0.0,-0.5,-0.55,-2.0,-2.0,0,1,0,0,45
Shasta,Spring,2001,21,0,40.63527042857143,-122.1979941904762,1.9,0.0,0.0,0.0,0.0,3.091042453358316,0.0,52.0,0.0,0.0,-0.08,-0.5,-2.0,0,1,0,0,45
Shasta,Spring,2002,14,0,40.64673521428572,-122.26749685714286,0.25,0.0,0.0,0.0,0.0,2.70805020110221,0.0,73.0,0.0,1.0,0.79,0.0,-0.5,0,1,0,0,45
Shasta,Spring,2003,6,0,40.72553316666667,-122.06998650000001,0.48333333333333334,0.0,0.0,0.0,0.0,1.9459101490553132,0.0,87.0,0.0,0.0,0.08,1.0,0.0,0,1,0,0,45
Shasta,Spring,2004,21,0,40.54173285714286,-122.29975752380952,4.542857142857143,0.0,0.0,0.0,0.0,3.091042453358316,0.0,93.0,0.0,0.5,0.47,0.0,1.0,0,1,0,0,45
Shasta,Spring,2005,13,0,40.62905815384616,-122.26914884615385,0.5384615384615384,0.0,0.0,0.0,0.0,2.6390573296152584,0.0,114.0,0.0,-0.5,-0.06,0.5,0.0,0,1,0,0,45
Shasta,Spring,2006,27,0,40.717135284074075,-122.22406669962963,3.95,0.0,0.0,0.0,0.0,3.332204510175204,0.0,127.0,0.0,0.5,0.1,-0.5,0.5,0,1,0,0,45
Shasta,Spring,2007,50,1,40.7034914826,-122.29042513300001,15.2336,0.02,0.0,0.0,0.0,3.9318256327243257,0.0,154.0,0.0,-2.0,-0.56,0.5,-0.5,0,1,0,0,45
Shasta,Spring,2008,14,0,40.86846984071428,-122.16773888857144,0.44428571428571434,0.0,1.0,0.0,0.3333333333333333,2.70805020110221,1.0,204.0,0.004901960784313725,-0.5,-0.37,-2.0,0.5,0,1,0,0,45
Shasta,Spring,2009,17,0,40.77463732,-121.78680928058823,0.3452941176470588,0.0,0.0,1.0,0.3333333333333333,2.8903717578961645,1.0,218.0,0.0045871559633027525,1.0,0.45,-0.5,-2.0,0,1,0,0,45
Shasta,Spring,2010,6,0,40.88675928333333,-121.77222216666667,0.18500000000000003,0.0,0.0,0.0,0.3333333333333333,1.9459101490553132,1.0,235.0,0.00425531914893617,-2.0,-1.05,1.0,-0.5,0,1,0,0,45
Shasta,Spring,2011,40,0,40.59044915,-122.295588025,0.836,0.0,0.0,0.0,0.0,3.713572066704308,1.0,241.0,0.004149377593360996,-1.0,-0.43,-2.0,1.0,0,1,0,0,45
Shasta,Spring,2012,44,0,40.618165555454546,-122.14250313386364,4.142045454545454,0.0,0.0,0.0,0.0,3.8066624897703196,1.0,281.0,0.0035587188612099642,0.0,0.3,-1.0,-2.0,0,1,0,0,45
Shasta,Spring,2013,67,0,40.63625428716418,-122.17056332477613,2.359402985074627,0.0,0.0,0.0,0.0,4.219507705176107,1.0,325.0,0.003076923076923077,0.0,-0.35,0.0,-1.0,0,1,0,0,45
Shasta,Spring,2014,65,0,40.65813090415384,-122.16207765861539,2.071230769230769,0.0,0.0,0.0,0.0,4.189654742026425,1.0,392.0,0.002551020408163265,0.5,0.1,0.0,0.0,0,1,0,0,45
Shasta,Spring,2015,53,0,40.75944154490566,-122.08639109,0.6441509433962265,0.0,0.0,0.0,0.0,3.9889840465642745,1.0,457.0,0.002188183807439825,3.0,1.57,0.5,0.0,0,1,0,0,45
Shasta,Summer,1997,4,0,40.944387,-121.5285345,0.8250000000000001,0.0,,,,1.6094379124341003,1.0,510.0,0.00196078431372549,3.0,1.6,0.0,-1.0,0,0,1,0,45
Shasta,Summer,1998,50,0,40.62296166,-122.24992893999999,1.284,0.0,0.0,,0.0,3.9318256327243257,0.0,4.0,0.0,-2.0,-0.78,3.0,0.0,0,0,1,0,45
Shasta,Summer,1999,90,1,40.762657411111114,-122.02270535555554,19.587777777777777,0.011111111111111112,0.0,0.0,0.0,4.51085950651685,0.0,54.0,0.0,-2.0,-1.1,-2.0,3.0,0,0,1,0,45
Shasta,Summer,2000,33,0,40.63027957575758,-122.26705224242424,0.4393939393939394,0.0,1.0,0.0,0.3333333333333333,3.5263605246161616,1.0,144.0,0.006944444444444444,-0.5,-0.55,-2.0,-2.0,0,0,1,0,45
Shasta,Summer,2001,56,1,40.63450403571428,-122.192452625,18.56964285714286,0.017857142857142856,0.0,1.0,0.3333333333333333,4.04305126783455,1.0,177.0,0.005649717514124294,0.0,-0.08,-0.5,-2.0,0,0,1,0,45
Shasta,Summer,2002,35,1,40.58335885714286,-122.24566251428571,20.885714285714286,0.02857142857142857,1.0,0.0,0.6666666666666666,3.58351893845611,2.0,233.0,0.008583690987124463,1.0,0.79,0.0,-0.5,0,0,1,0,45
Shasta,Summer,2003,33,0,40.5955863030303,-122.23589375757575,1.6575757575757577,0.0,1.0,1.0,0.6666666666666666,3.5263605246161616,3.0,268.0,0.011194029850746268,0.0,0.08,1.0,0.0,0,0,1,0,45
Shasta,Summer,2004,41,0,40.71757602439024,-122.00210834146341,4.580487804878049,0.0,0.0,1.0,0.6666666666666666,3.7376696182833684,3.0,301.0,0.009966777408637873,0.5,0.47,0.0,1.0,0,0,1,0,45
Shasta,Summer,2005,31,0,40.63179470967742,-122.1717810967742,3.1774193548387095,0.0,0.0,0.0,0.3333333333333333,3.4657359027997265,3.0,342.0,0.008771929824561403,-0.5,-0.06,0.5,0.0,0,0,1,0,45
Shasta,Summer,2006,79,1,40.752111573544305,-122.23879990189873,47.75582278481013,0.012658227848101266,0.0,0.0,0.0,4.382026634673881,3.0,373.0,0.00804289544235925,0.5,0.1,-0.5,0.5,0,0,1,0,45
Shasta,Summer,2007,63,1,40.69677101396825,-122.13679627507936,17.99238095238095,0.015873015873015872,1.0,0.0,0.3333333333333333,4.1588830833596715,4.0,452.0,0.008849557522123894,-2.0,-0.56,0.5,-0.5,0,0,1,0,45
Shasta,Summer,2008,63,10,40.74806836873015,-122.03508660809524,823.4419047619047,0.15873015873015872,1.0,1.0,0.6666666666666666,4.1588830833596715,5.0,515.0,0.009708737864077669,-0.5,-0.37,-2.0,0.5,0,0,1,0,45
Shasta,Summer,2009,43,5,40.80329904139535,-121.7112523,621.2720930232558,0.11627906976744186,10.0,1.0,4.0,3.784189633918261,15.0,578.0,0.025951557093425604,1.0,0.45,-0.5,-2.0,0,0,1,0,45
Shasta,Summer,2010,26,0,40.828407261538466,-121.9757675,0.4107692307692308,0.0,5.0,10.0,5.333333333333333,3.295836866004329,20.0,621.0,0.0322061191626409,-2.0,-1.05,1.0,-0.5,0,0,1,0,45
Shasta,Summer,2011,100,0,40.66612953,-122.10086479,2.7226,0.0,0.0,5.0,5.0,4.61512051684126,20.0,647.0,0.030911901081916538,-1.0,-0.43,-2.0,1.0,0,0,1,0,45
Shasta,Summer,2012,106,4,40.67896738358491,-122.19359768650943,464.8412264150943,0.03773584905660377,0.0,0.0,1.6666666666666667,4.672828834461906,20.0,747.0,0.02677376171352075,0.0,0.3,-1.0,-2.0,0,0,1,0,45
Shasta,Summer,2013,128,1,40.66972401648437,-122.10663417609375,69.176796875,0.0078125,4.0,0.0,1.3333333333333333,4.859812404361672,24.0,853.0,0.02813599062133646,0.0,-0.35,0.0,-1.0,0,0,1,0,45
Shasta,Summer,2014,63,4,40.71147061047619,-122.15381539333333,1491.1203174603174,0.06349206349206349,1.0,4.0,1.6666666666666667,4.1588830833596715,25.0,981.0,0.0254841997961264,0.5,0.1,0.0,0.0,0,0,1,0,45
Shasta,Summer,2015,109,0,40.71270073908257,-122.11718926706422,5.686605504587156,0.0,4.0,1.0,3.0,4.700480365792417,29.0,1044.0,0.027777777777777776,3.0,1.57,0.5,0.0,0,0,1,0,45
Shasta,Winter,1998,2,0,40.621629,-122.4760095,0.1,0.0,,,,1.0986122886681098,29.0,1153.0,0.02515177797051171,-2.0,-0.78,3.0,0.0,1,0,0,0,45
Shasta,Winter,1999,7,0,40.64753257142858,-122.20647414285715,0.2285714285714286,0.0,0.0,,0.0,2.0794415416798357,0.0,2.0,0.0,-2.0,-1.1,-2.0,3.0,1,0,0,0,45
Shasta,Winter,2000,1,0,40.629369,-122.457169,0.5,0.0,0.0,0.0,0.0,0.6931471805599453,0.0,9.0,0.0,-0.5,-0.55,-2.0,-2.0,1,0,0,0,45
Shasta,Winter,2001,3,0,40.458850000000005,-122.284063,4.833333333333333,0.0,0.0,0.0,0.0,1.3862943611198906,0.0,10.0,0.0,0.0,-0.08,-0.5,-2.0,1,0,0,0,45
Shasta,Winter,2002,2,0,40.672004,-122.132665,0.15000000000000002,0.0,0.0,0.0,0.0,1.0986122886681098,0.0,13.0,0.0,1.0,0.79,0.0,-0.5,1,0,0,0,45
Shasta,Winter,2003,2,0,40.892031,-121.5658345,1.65,0.0,0.0,0.0,0.0,1.0986122886681098,0.0,15.0,0.0,0.0,0.08,1.0,0.0,1,0,0,0,45
Shasta,Winter,2004,3,0,40.65837666666667,-122.21754733333334,1.1666666666666667,0.0,0.0,0.0,0.0,1.3862943611198906,0.0,17.0,0.0,0.5,0.47,0.0,1.0,1,0,0,0,45
Shasta,Winter,2005,1,0,40.521092,-122.473697,0.1,0.0,0.0,0.0,0.0,0.6931471805599453,0.0,20.0,0.0,-0.5,-0.06,0.5,0.0,1,0,0,0,45
Shasta,Winter,2006,5,0,40.709360044,-122.163909534,0.45999999999999996,0.0,0.0,0.0,0.0,1.791759469228055,0.0,21.0,0.0,0.5,0.1,-0.5,0.5,1,0,0,0,45
Shasta,Winter,2007,21,0,40.61064230714286,-122.2109938147619,0.3252380952380952,0.0,0.0,0.0,0.0,3.091042453358316,0.0,26.0,0.0,-2.0,-0.56,0.5,-0.5,1,0,0,0,45
Shasta,Winter,2008,2,0,40.675283335,-121.966794445,0.375,0.0,0.0,0.0,0.0,1.0986122886681098,0.0,47.0,0.0,-0.5,-0.37,-2.0,0.5,1,0,0,0,45
Shasta,Winter,2009,5,0,40.670608888000004,-122.17467555399999,7.44,0.0,0.0,0.0,0.0,1.791759469228055,0.0,49.0,0.0,1.0,0.45,-0.5,-2.0,1,0,0,0,45
Shasta,Winter,2011,12,0,40.551101833333334,-122.24132350000001,1.3525,0.0,0.0,0.0,0.0,2.5649493574615367,0.0,54.0,0.0,-1.0,-0.43,-2.0,1.0,1,0,0,0,45
Shasta,Winter,2012,29,0,40.73865618724138,-121.96857902724138,0.9162068965517242,0.0,0.0,0.0,0.0,3.4011973816621555,0.0,66.0,0.0,0.0,0.3,-1.0,-2.0,1,0,0,0,45
Shasta,Winter,2013,18,0,40.629168407222224,-122.23541574111111,0.6488888888888888,0.0,0.0,0.0,0.0,2.9444389791664403,0.0,95.0,0.0,0.0,-0.35,0.0,-1.0,1,0,0,0,45
Shasta,Winter,2014,40,0,40.62377235275,-122.19172748349999,0.8875,0.0,0.0,0.0,0.0,3.713572066704308,0.0,113.0,0.0,0.5,0.1,0.0,0.0,1,0,0,0,45
Shasta,Winter,2015,4,0,40.74709714,-121.7967084175,3.825,0.0,0.0,0.0,0.0,1.6094379124341003,0.0,153.0,0.0,3.0,1.57,0.5,0.0,1,0,0,0,45
Sierra,Fall,1999,3,0,39.473703699999994,-120.22379629666666,0.3666666666666667,0.0,,,,1.3862943611198906,0.0,157.0,0.0,-2.0,-1.1,-2.0,3.0,0,0,0,1,46
Sierra,Fall,2000,2,0,39.659583330000004,-120.301805555,10.05,0.0,0.0,,0.0,1.0986122886681098,0.0,3.0,0.0,-0.5,-0.55,-2.0,-2.0,0,0,0,1,46
Sierra,Fall,2001,2,0,39.450694444999996,-120.26013889000001,0.1,0.0,0.0,0.0,0.0,1.0986122886681098,0.0,5.0,0.0,0.0,-0.08,-0.5,-2.0,0,0,0,1,46
Sierra,Fall,2002,1,0,39.50111111,-120.53555556,0.1,0.0,0.0,0.0,0.0,0.6931471805599453,0.0,7.0,0.0,1.0,0.79,0.0,-0.5,0,0,0,1,46
Sierra,Fall,2003,1,0,39.50611111,-120.45,0.2,0.0,0.0,0.0,0.0,0.6931471805599453,0.0,8.0,0.0,0.0,0.08,1.0,0.0,0,0,0,1,46
Sierra,Fall,2004,3,0,39.57481481666667,-120.16777778,0.15,0.0,0.0,0.0,0.0,1.3862943611198906,0.0,9.0,0.0,0.5,0.47,0.0,1.0,0,0,0,1,46
Sierra,Fall,2005,1,0,39.52916667,-120.00444444,0.1,0.0,0.0,0.0,0.0,0.6931471805599453,0.0,12.0,0.0,-0.5,-0.06,0.5,0.0,0,0,0,1,46
Sierra,Fall,2006,5,0,39.509055556,-120.20888889,0.45200000000000007,0.0,0.0,0.0,0.0,1.791759469228055,0.0,13.0,0.0,0.5,0.1,-0.5,0.5,0,0,0,1,46
Sierra,Fall,2007,9,0,39.59120370444444,-120.58330246888889,0.17777777777777778,0.0,0.0,0.0,0.0,2.302585092994046,0.0,18.0,0.0,-2.0,-0.56,0.5,-0.5,0,0,0,1,46
Sierra,Fall,2008,5,0,39.599326666,-120.11416889,0.2,0.0,0.0,0.0,0.0,1.791759469228055,0.0,27.0,0.0,-0.5,-0.37,-2.0,0.5,0,0,0,1,46
Sierra,Fall,2009,2,0,39.494583335,-120.60361111,0.1,0.0,0.0,0.0,0.0,1.0986122886681098,0.0,32.0,0.0,1.0,0.45,-0.5,-2.0,0,0,0,1,46
Sierra,Fall,2010,10,0,39.53566668,-120.3775834,0.725,0.0,0.0,0.0,0.0,2.3978952727983707,0.0,34.0,0.0,-2.0,-1.05,1.0,-0.5,0,0,0,1,46
Sierra,Fall,2012,4,0,39.4955008325,-120.65078002999999,2.0725,0.0,0.0,0.0,0.0,1.6094379124341003,0.0,44.0,0.0,0.0,0.3,-1.0,-2.0,0,0,0,1,46
Sierra,Fall,2013,3,0,39.54925926,-120.24592592666666,1.3666666666666665,0.0,0.0,0.0,0.0,1.3862943611198906,0.0,48.0,0.0,0.0,-0.35,0.0,-1.0,0,0,0,1,46
Sierra,Fall,2014,3,0,39.59148148,-120.62546296666666,0.15,0.0,0.0,0.0,0.0,1.3862943611198906,0.0,51.0,0.0,0.5,0.1,0.0,0.0,0,0,0,1,46
Sierra,Fall,2015,1,0,39.48222222,-120.16638889,0.4,0.0,0.0,0.0,0.0,0.6931471805599453,0.0,54.0,0.0,3.0,1.57,0.5,0.0,0,0,0,1,46
Sierra,Spring,1999,1,0,39.63333333,-120.31777778,0.1,0.0,,,,0.6931471805599453,0.0,55.0,0.0,-2.0,-1.1,-2.0,3.0,0,1,0,0,46
Sierra,Spring,2000,3,0,39.52925925666667,-120.24620370333334,0.13333333333333333,0.0,0.0,,0.0,1.3862943611198906,0.0,1.0,0.0,-0.5,-0.55,-2.0,-2.0,0,1,0,0,46
Sierra,Spring,2001,5,1,39.557944442,-120.251611112,80.08,0.2,0.0,0.0,0.0,1.791759469228055,0.0,4.0,0.0,0.0,-0.08,-0.5,-2.0,0,1,0,0,46
Sierra,Spring,2002,1,0,39.50083333,-120.385,0.1,0.0,1.0,0.0,0.3333333333333333,0.6931471805599453,1.0,9.0,0.1111111111111111,1.0,0.79,0.0,-0.5,0,1,0,0,46
Sierra,Spring,2003,1,0,39.50222222,-120.50222222,0.1,0.0,0.0,1.0,0.3333333333333333,0.6931471805599453,1.0,10.0,0.1,0.0,0.08,1.0,0.0,0,1,0,0,46
Sierra,Spring,2004,1,0,39.53083333,-120.56388889,0.1,0.0,0.0,0.0,0.3333333333333333,0.6931471805599453,1.0,11.0,0.09090909090909091,0.5,0.47,0.0,1.0,0,1,0,0,46
Sierra,Spring,2006,4,0,39.5758333325,-120.241180555,0.1,0.0,0.0,0.0,0.0,1.6094379124341003,1.0,12.0,0.08333333333333333,0.5,0.1,-0.5,0.5,0,1,0,0,46
Sierra,Spring,2007,11,1,39.587126263636364,-120.22020101090908,78.14636363636363,0.09090909090909091,0.0,0.0,0.0,2.4849066497880004,1.0,16.0,0.0625,-2.0,-0.56,0.5,-0.5,0,1,0,0,46
Sierra,Spring,2008,4,0,39.5613194425,-120.1097222225,0.175,0.0,1.0,0.0,0.3333333333333333,1.6094379124341003,2.0,27.0,0.07407407407407407,-0.5,-0.37,-2.0,0.5,0,1,0,0,46
Sierra,Spring,2009,12,0,39.6134722225,-120.28777777833334,0.32416666666666666,0.0,0.0,1.0,0.3333333333333333,2.5649493574615367,2.0,31.0,0.06451612903225806,1.0,0.45,-0.5,-2.0,0,1,0,0,46
Sierra,Spring,2010,3,0,39.54694443333333,-120.36953733333333,0.45,0.0,0.0,0.0,0.3333333333333333,1.3862943611198906,2.0,43.0,0.046511627906976744,-2.0,-1.05,1.0,-0.5,0,1,0,0,46
Sierra,Spring,2012,2,0,39.544444444999996,-120.635833335,0.1,0.0,0.0,0.0,0.0,1.0986122886681098,2.0,46.0,0.043478260869565216,0.0,0.3,-1.0,-2.0,0,1,0,0,46
Sierra,Spring,2013,10,0,39.565534999,-120.24625722200001,0.421,0.0,0.0,0.0,0.0,2.3978952727983707,2.0,48.0,0.041666666666666664,0.0,-0.35,0.0,-1.0,0,1,0,0,46
Sierra,Spring,2014,8,0,39.5562152775,-120.39392361,0.45,0.0,0.0,0.0,0.0,2.1972245773362196,2.0,58.0,0.034482758620689655,0.5,0.1,0.0,0.0,0,1,0,0,46
Sierra,Spring,2015,3,0,39.57666666666666,-120.91972222333334,0.3666666666666667,0.0,0.0,0.0,0.0,1.3862943611198906,2.0,66.0,0.030303030303030304,3.0,1.57,0.5,0.0,0,1,0,0,46
Sierra,Summer,1998,1,0,39.57,-120.67666667,0.1,0.0,,,,0.6931471805599453,2.0,69.0,0.028985507246376812,-2.0,-0.78,3.0,0.0,0,0,1,0,46
Sierra,Summer,1999,22,0,39.53633838181818,-120.24554292909092,0.75,0.0,0.0,,0.0,3.1354942159291497,0.0,1.0,0.0,-2.0,-1.1,-2.0,3.0,0,0,1,0,46
Sierra,Summer,2000,11,0,39.54255050363636,-120.23371212,1.4636363636363638,0.0,0.0,0.0,0.0,2.4849066497880004,0.0,23.0,0.0,-0.5,-0.55,-2.0,-2.0,0,0,1,0,46
Sierra,Summer,2001,26,0,39.61251068230769,-120.27524572576924,11.826923076923077,0.0,0.0,0.0,0.0,3.295836866004329,0.0,34.0,0.0,0.0,-0.08,-0.5,-2.0,0,0,1,0,46
Sierra,Summer,2002,7,0,39.522658729999996,-120.27666666714286,0.17142857142857143,0.0,0.0,0.0,0.0,2.0794415416798357,0.0,60.0,0.0,1.0,0.79,0.0,-0.5,0,0,1,0,46
Sierra,Summer,2003,39,0,39.559366097692305,-120.31504985794872,1.6051282051282052,0.0,0.0,0.0,0.0,3.6888794541139363,0.0,67.0,0.0,0.0,0.08,1.0,0.0,0,0,1,0,46
Sierra,Summer,2004,37,0,39.57249249189189,-120.21260510405405,0.20675675675675675,0.0,0.0,0.0,0.0,3.6375861597263857,0.0,106.0,0.0,0.5,0.47,0.0,1.0,0,0,1,0,46
Sierra,Summer,2005,2,0,39.53263889,-120.00236111,0.3,0.0,0.0,0.0,0.0,1.0986122886681098,0.0,143.0,0.0,-0.5,-0.06,0.5,0.0,0,0,1,0,46
Sierra,Summer,2006,26,2,39.573258547307695,-120.26489316230769,152.575,0.07692307692307693,0.0,0.0,0.0,3.295836866004329,0.0,145.0,0.0,0.5,0.1,-0.5,0.5,0,0,1,0,46
Sierra,Summer,2007,39,1,39.51861111153846,-120.35400284923078,124.65051282051282,0.02564102564102564,2.0,0.0,0.6666666666666666,3.6888794541139363,2.0,171.0,0.011695906432748537,-2.0,-0.56,0.5,-0.5,0,0,1,0,46
Sierra,Summer,2008,14,1,39.54134920642857,-120.58742063499999,42.472142857142856,0.07142857142857142,1.0,2.0,1.0,2.70805020110221,3.0,210.0,0.014285714285714285,-0.5,-0.37,-2.0,0.5,0,0,1,0,46
Sierra,Summer,2009,21,0,39.59765873,-120.34238095238095,1.4190476190476191,0.0,1.0,1.0,1.3333333333333333,3.091042453358316,4.0,224.0,0.017857142857142856,1.0,0.45,-0.5,-2.0,0,0,1,0,46
Sierra,Summer,2010,16,0,39.56552083125,-120.4102083125,0.2625,0.0,0.0,1.0,0.6666666666666666,2.833213344056216,4.0,245.0,0.0163265306122449,-2.0,-1.05,1.0,-0.5,0,0,1,0,46
Sierra,Summer,2011,1,0,39.571132,-120.113289,1.0,0.0,0.0,0.0,0.3333333333333333,0.6931471805599453,4.0,261.0,0.01532567049808429,-1.0,-0.43,-2.0,1.0,0,0,1,0,46
Sierra,Summer,2012,33,0,39.54146464757576,-120.44152357,0.27181818181818185,0.0,0.0,0.0,0.0,3.5263605246161616,4.0,262.0,0.015267175572519083,0.0,0.3,-1.0,-2.0,0,0,1,0,46
Sierra,Summer,2013,20,0,39.600052889,-120.322727945,1.198,0.0,0.0,0.0,0.0,3.044522437723423,4.0,295.0,0.013559322033898305,0.0,-0.35,0.0,-1.0,0,0,1,0,46
Sierra,Summer,2014,27,1,39.58272633777778,-120.35718106925925,26.724814814814813,0.037037037037037035,0.0,0.0,0.0,3.332204510175204,4.0,315.0,0.012698412698412698,0.5,0.1,0.0,0.0,0,0,1,0,46
Sierra,Summer,2015,36,0,39.57384259277777,-120.44941358083332,0.15611111111111112,0.0,1.0,0.0,0.3333333333333333,3.6109179126442243,5.0,342.0,0.014619883040935672,3.0,1.57,0.5,0.0,0,0,1,0,46
Sierra,Winter,2007,1,0,39.55027778,-120.75416667,5.0,0.0,,,,0.6931471805599453,5.0,378.0,0.013227513227513227,-2.0,-0.56,0.5,-0.5,1,0,0,0,46
Sierra,Winter,2008,1,0,39.61777778,-120.48888889,0.1,0.0,0.0,,0.0,0.6931471805599453,0.0,1.0,0.0,-0.5,-0.37,-2.0,0.5,1,0,0,0,46
Sierra,Winter,2012,1,0,39.40555556,-120.08194444,0.1,0.0,0.0,0.0,0.0,0.6931471805599453,0.0,2.0,0.0,0.0,0.3,-1.0,-2.0,1,0,0,0,46
Sierra,Winter,2015,2,0,39.59013889,-120.189305555,0.055,0.0,0.0,0.0,0.0,1.0986122886681098,0.0,3.0,0.0,3.0,1.57,0.5,0.0,1,0,0,0,46
Siskiyou,Fall,1999,2,0,41.68379,-122.698875,12.55,0.0,,,,1.0986122886681098,0.0,5.0,0.0,-2.0,-1.1,-2.0,3.0,0,0,0,1,47
Siskiyou,Fall,2000,1,0,41.969031,-122.411589,5.0,0.0,0.0,,0.0,0.6931471805599453,0.0,2.0,0.0,-0.5,-0.55,-2.0,-2.0,0,0,0,1,47
Siskiyou,Fall,2001,2,0,41.609569500000006,-121.7983055,29.55,0.0,0.0,0.0,0.0,1.0986122886681098,0.0,3.0,0.0,0.0,-0.08,-0.5,-2.0,0,0,0,1,47
Siskiyou,Fall,2002,3,0,41.556286,-122.60333333333334,16.766666666666666,0.0,0.0,0.0,0.0,1.3862943611198906,0.0,5.0,0.0,1.0,0.79,0.0,-0.5,0,0,0,1,47
Siskiyou,Fall,2003,1,0,41.995131,-122.603839,10.0,0.0,0.0,0.0,0.0,0.6931471805599453,0.0,8.0,0.0,0.0,0.08,1.0,0.0,0,0,0,1,47
Siskiyou,Fall,2004,2,0,41.756325000000004,-122.631485,4.5,0.0,0.0,0.0,0.0,1.0986122886681098,0.0,9.0,0.0,0.5,0.47,0.0,1.0,0,0,0,1,47
Siskiyou,Fall,2005,3,0,41.577965,-122.88916866666666,1.8333333333333333,0.0,0.0,0.0,0.0,1.3862943611198906,0.0,11.0,0.0,-0.5,-0.06,0.5,0.0,0,0,0,1,47
Siskiyou,Fall,2006,4,0,41.5752777775,-122.3027083325,0.3625,0.0,0.0,0.0,0.0,1.6094379124341003,0.0,14.0,0.0,0.5,0.1,-0.5,0.5,0,0,0,1,47
Siskiyou,Fall,2007,20,0,41.492539756,-122.48878025500001,0.4385,0.0,0.0,0.0,0.0,3.044522437723423,0.0,18.0,0.0,-2.0,-0.56,0.5,-0.5,0,0,0,1,47
Siskiyou,Fall,2008,19,0,41.45178362526316,-122.22046783631578,7.773684210526315,0.0,0.0,0.0,0.0,2.995732273553991,0.0,38.0,0.0,-0.5,-0.37,-2.0,0.5,0,0,0,1,47
Siskiyou,Fall,2009,7,0,41.41202381,-122.42238095285714,0.5685714285714286,0.0,0.0,0.0,0.0,2.0794415416798357,0.0,57.0,0.0,1.0,0.45,-0.5,-2.0,0,0,0,1,47
Siskiyou,Fall,2010,2,0,41.59388885,-123.5152775,0.1,0.0,0.0,0.0,0.0,1.0986122886681098,0.0,64.0,0.0,-2.0,-1.05,1.0,-0.5,0,0,0,1,47
Siskiyou,Fall,2011,13,0,41.57751361538461,-122.47007946153846,1.5961538461538465,0.0,0.0,0.0,0.0,2.6390573296152584,0.0,66.0,0.0,-1.0,-0.43,-2.0,1.0,0,0,0,1,47
Siskiyou,Fall,2012,21,0,41.53155055095238,-122.52444640714286,0.5214285714285714,0.0,0.0,0.0,0.0,3.091042453358316,0.0,79.0,0.0,0.0,0.3,-1.0,-2.0,0,0,0,1,47
Siskiyou,Fall,2013,23,0,41.54512059434783,-122.59145422695651,0.5104347826086957,0.0,0.0,0.0,0.0,3.1780538303479458,0.0,100.0,0.0,0.0,-0.35,0.0,-1.0,0,0,0,1,47
Siskiyou,Fall,2014,10,0,41.593615033000006,-122.369369545,0.162,0.0,0.0,0.0,0.0,2.3978952727983707,0.0,123.0,0.0,0.5,0.1,0.0,0.0,0,0,0,1,47
Siskiyou,Fall,2015,28,0,41.561517103214285,-122.59424059535715,2.3810714285714285,0.0,0.0,0.0,0.0,3.367295829986474,0.0,133.0,0.0,3.0,1.57,0.5,0.0,0,0,0,1,47
Siskiyou,Spring,1998,1,0,41.6614,-122.486261,0.5,0.0,,,,0.6931471805599453,0.0,161.0,0.0,-2.0,-0.78,3.0,0.0,0,1,0,0,47
Siskiyou,Spring,1999,6,0,41.76644613,-122.368044055,1.05,0.0,0.0,,0.0,1.9459101490553132,0.0,1.0,0.0,-2.0,-1.1,-2.0,3.0,0,1,0,0,47
Siskiyou,Spring,2000,15,0,41.76500033333333,-122.629187,4.066666666666666,0.0,0.0,0.0,0.0,2.772588722239781,0.0,7.0,0.0,-0.5,-0.55,-2.0,-2.0,0,1,0,0,47
Siskiyou,Spring,2001,9,0,41.69272866666667,-122.74944111111111,0.5777777777777778,0.0,0.0,0.0,0.0,2.302585092994046,0.0,22.0,0.0,0.0,-0.08,-0.5,-2.0,0,1,0,0,47
Siskiyou,Spring,2002,4,0,41.68991475,-122.50523925,0.3,0.0,0.0,0.0,0.0,1.6094379124341003,0.0,31.0,0.0,1.0,0.79,0.0,-0.5,0,1,0,0,47
Siskiyou,Spring,2003,1,0,41.9594,-122.025011,0.1,0.0,0.0,0.0,0.0,0.6931471805599453,0.0,35.0,0.0,0.0,0.08,1.0,0.0,0,1,0,0,47
Siskiyou,Spring,2004,4,0,41.891842249999996,-122.46821725,1.15,0.0,0.0,0.0,0.0,1.6094379124341003,0.0,36.0,0.0,0.5,0.47,0.0,1.0,0,1,0,0,47
Siskiyou,Spring,2005,5,0,41.788405,-122.4171706,0.26,0.0,0.0,0.0,0.0,1.791759469228055,0.0,40.0,0.0,-0.5,-0.06,0.5,0.0,0,1,0,0,47
Siskiyou,Spring,2006,13,0,41.611922863846154,-122.5771224276923,0.2723076923076923,0.0,0.0,0.0,0.0,2.6390573296152584,0.0,45.0,0.0,0.5,0.1,-0.5,0.5,0,1,0,0,47
Siskiyou,Spring,2007,45,0,41.68226092622222,-122.66576745155557,0.7393333333333334,0.0,0.0,0.0,0.0,3.828641396489095,0.0,58.0,0.0,-2.0,-0.56,0.5,-0.5,0,1,0,0,47
Siskiyou,Spring,2008,16,0,41.4455729175,-122.639131945,0.426875,0.0,0.0,0.0,0.0,2.833213344056216,0.0,103.0,0.0,-0.5,-0.37,-2.0,0.5,0,1,0,0,47
Siskiyou,Spring,2009,48,0,41.624120370625,-122.58813078729168,0.25458333333333333,0.0,0.0,0.0,0.0,3.8918202981106265,0.0,119.0,0.0,1.0,0.45,-0.5,-2.0,0,1,0,0,47
Siskiyou,Spring,2010,3,0,41.486111099999995,-122.525463,0.09000000000000001,0.0,0.0,0.0,0.0,1.3862943611198906,0.0,167.0,0.0,-2.0,-1.05,1.0,-0.5,0,1,0,0,47
Siskiyou,Spring,2011,9,0,41.55524977777778,-122.51303566666667,0.2688888888888889,0.0,0.0,0.0,0.0,2.302585092994046,0.0,170.0,0.0,-1.0,-0.43,-2.0,1.0,0,1,0,0,47
Siskiyou,Spring,2012,22,0,41.63571639909091,-122.66582468727273,5.736363636363635,0.0,0.0,0.0,0.0,3.1354942159291497,0.0,179.0,0.0,0.0,0.3,-1.0,-2.0,0,1,0,0,47
Siskiyou,Spring,2013,40,0,41.54559025625,-122.47365391675001,0.38625000000000004,0.0,0.0,0.0,0.0,3.713572066704308,0.0,201.0,0.0,0.0,-0.35,0.0,-1.0,0,1,0,0,47
Siskiyou,Spring,2014,34,0,41.51620179735294,-122.45212111382352,1.148235294117647,0.0,0.0,0.0,0.0,3.5553480614894135,0.0,241.0,0.0,0.5,0.1,0.0,0.0,0,1,0,0,47
Siskiyou,Spring,2015,64,0,41.59353815953125,-122.47805535265626,0.4653125,0.0,0.0,0.0,0.0,4.174387269895637,0.0,275.0,0.0,3.0,1.57,0.5,0.0,0,1,0,0,47
Siskiyou,Summer,1997,1,0,41.749031,-121.973439,0.1,0.0,,,,0.6931471805599453,0.0,339.0,0.0,3.0,1.6,0.0,-1.0,0,0,1,0,47
Siskiyou,Summer,1998,19,0,41.75060531578947,-122.48037194736841,1.2421052631578948,0.0,0.0,,0.0,2.995732273553991,0.0,1.0,0.0,-2.0,-0.78,3.0,0.0,0,0,1,0,47
Siskiyou,Summer,1999,26,0,41.767641423076924,-122.5258183076923,9.61923076923077,0.0,0.0,0.0,0.0,3.295836866004329,0.0,20.0,0.0,-2.0,-1.1,-2.0,3.0,0,0,1,0,47
Siskiyou,Summer,2000,28,0,41.720726,-122.55746942857142,2.707142857142857,0.0,0.0,0.0,0.0,3.367295829986474,0.0,46.0,0.0,-0.5,-0.55,-2.0,-2.0,0,0,1,0,47
Siskiyou,Summer,2001,50,0,41.779510460000004,-122.46963108,1.202,0.0,0.0,0.0,0.0,3.9318256327243257,0.0,74.0,0.0,0.0,-0.08,-0.5,-2.0,0,0,1,0,47
Siskiyou,Summer,2002,18,0,41.67746811111111,-122.52370738888891,0.3111111111111111,0.0,0.0,0.0,0.0,2.9444389791664403,0.0,124.0,0.0,1.0,0.79,0.0,-0.5,0,0,1,0,47
Siskiyou,Summer,2003,38,0,41.70238842105263,-122.57357392105264,0.31315789473684214,0.0,0.0,0.0,0.0,3.6635616461296463,0.0,142.0,0.0,0.0,0.08,1.0,0.0,0,0,1,0,47
Siskiyou,Summer,2004,28,2,41.83228838857143,-122.57626567857143,111.10357142857141,0.07142857142857142,0.0,0.0,0.0,3.367295829986474,0.0,180.0,0.0,0.5,0.47,0.0,1.0,0,0,1,0,47
Siskiyou,Summer,2005,3,0,41.60618266666666,-122.76456566666667,1.0666666666666667,0.0,2.0,0.0,0.6666666666666666,1.3862943611198906,2.0,208.0,0.009615384615384616,-0.5,-0.06,0.5,0.0,0,0,1,0,47
Siskiyou,Summer,2006,197,4,41.51415198451777,-122.64016047147207,116.36837563451776,0.02030456852791878,0.0,2.0,0.6666666666666666,5.288267030694535,2.0,211.0,0.009478672985781991,0.5,0.1,-0.5,0.5,0,0,1,0,47
Siskiyou,Summer,2007,140,5,41.642075862714286,-122.69212853264287,127.79478571428572,0.03571428571428571,4.0,0.0,2.0,4.948759890378168,6.0,408.0,0.014705882352941176,-2.0,-0.56,0.5,-0.5,0,0,1,0,47
Siskiyou,Summer,2008,130,10,41.50994444453846,-122.61814316269232,1556.3290769230769,0.07692307692307693,5.0,4.0,3.0,4.875197323201151,11.0,548.0,0.020072992700729927,-0.5,-0.37,-2.0,0.5,0,0,1,0,47
Siskiyou,Summer,2009,112,2,41.60172619026786,-122.71118055544642,44.972142857142856,0.017857142857142856,10.0,5.0,6.333333333333333,4.727387818712341,21.0,678.0,0.030973451327433628,1.0,0.45,-0.5,-2.0,0,0,1,0,47
Siskiyou,Summer,2010,51,1,41.5745967372549,-122.68863443137256,9.246274509803921,0.0196078431372549,2.0,10.0,5.666666666666667,3.9512437185814275,23.0,790.0,0.02911392405063291,-2.0,-1.05,1.0,-0.5,0,0,1,0,47
Siskiyou,Summer,2011,31,0,41.62236222580645,-122.42993164516129,5.440967741935483,0.0,1.0,2.0,4.333333333333333,3.4657359027997265,24.0,841.0,0.028537455410225922,-1.0,-0.43,-2.0,1.0,0,0,1,0,47
Siskiyou,Summer,2012,83,4,41.60209219674699,-122.80310072542169,293.19457831325303,0.04819277108433735,0.0,1.0,1.0,4.430816798843313,24.0,872.0,0.027522935779816515,0.0,0.3,-1.0,-2.0,0,0,1,0,47
Siskiyou,Summer,2013,230,3,41.602941051608695,-122.74770995856521,163.2054347826087,0.013043478260869565,4.0,0.0,1.6666666666666667,5.442417710521793,28.0,955.0,0.02931937172774869,0.0,-0.35,0.0,-1.0,0,0,1,0,47
Siskiyou,Summer,2014,216,7,41.580353970138894,-122.67073662055556,971.0265277777778,0.032407407407407406,3.0,4.0,2.3333333333333335,5.37989735354046,31.0,1185.0,0.026160337552742614,0.5,0.1,0.0,0.0,0,0,1,0,47
Siskiyou,Summer,2015,199,1,41.55771180462312,-122.47168262477388,4.0195477386934675,0.005025125628140704,7.0,3.0,4.666666666666667,5.298317366548036,38.0,1401.0,0.027123483226266953,3.0,1.57,0.5,0.0,0,0,1,0,47
Siskiyou,Winter,1999,1,0,41.9376,-122.5843,0.1,0.0,,,,0.6931471805599453,39.0,1600.0,0.024375,-2.0,-1.1,-2.0,3.0,1,0,0,0,47
Siskiyou,Winter,2001,1,0,41.330161,-122.81345,0.1,0.0,0.0,,0.0,0.6931471805599453,0.0,1.0,0.0,0.0,-0.08,-0.5,-2.0,1,0,0,0,47
Siskiyou,Winter,2003,1,0,41.959889,-121.891761,0.1,0.0,0.0,0.0,0.0,0.6931471805599453,0.0,2.0,0.0,0.0,0.08,1.0,0.0,1,0,0,0,47
Siskiyou,Winter,2004,2,0,41.5658945,-122.4093695,0.2,0.0,0.0,0.0,0.0,1.0986122886681098,0.0,3.0,0.0,0.5,0.47,0.0,1.0,1,0,0,0,47
Siskiyou,Winter,2005,1,0,41.885108,-122.493297,0.1,0.0,0.0,0.0,0.0,0.6931471805599453,0.0,5.0,0.0,-0.5,-0.06,0.5,0.0,1,0,0,0,47
Siskiyou,Winter,2006,2,1,41.52541539,-122.623609665,1407.55,0.5,0.0,0.0,0.0,1.0986122886681098,0.0,6.0,0.0,0.5,0.1,-0.5,0.5,1,0,0,0,47
Siskiyou,Winter,2007,2,0,41.7184795,-122.4135195,0.1,0.0,1.0,0.0,0.3333333333333333,1.0986122886681098,1.0,8.0,0.125,-2.0,-0.56,0.5,-0.5,1,0,0,0,47
Siskiyou,Winter,2011,10,0,41.60727,-122.5259683,1.741,0.0,0.0,1.0,0.3333333333333333,2.3978952727983707,1.0,10.0,0.1,-1.0,-0.43,-2.0,1.0,1,0,0,0,47
Siskiyou,Winter,2012,15,0,41.580136096000004,-122.54055017,1.7126666666666666,0.0,0.0,0.0,0.3333333333333333,2.772588722239781,1.0,20.0,0.05,0.0,0.3,-1.0,-2.0,1,0,0,0,47
Siskiyou,Winter,2013,12,0,41.5752249175,-122.72360046333334,0.2775,0.0,0.0,0.0,0.0,2.5649493574615367,1.0,35.0,0.02857142857142857,0.0,-0.35,0.0,-1.0,1,0,0,0,47
Siskiyou,Winter,2014,4,0,41.5164264725,-122.69707639,0.325,0.0,0.0,0.0,0.0,1.6094379124341003,1.0,47.0,0.02127659574468085,0.5,0.1,0.0,0.0,1,0,0,0,47
Siskiyou,Winter,2015,5,0,41.463453088,-122.875177912,42.08,0.0,0.0,0.0,0.0,1.791759469228055,1.0,51.0,0.0196078431372549,3.0,1.57,0.5,0.0,1,0,0,0,47
Solano,Fall,2001,1,0,38.496719,-122.069511,0.3,0.0,,,,0.6931471805599453,1.0,56.0,0.017857142857142856,0.0,-0.08,-0.5,-2.0,0,0,0,1,48
Solano,Fall,2003,1,0,38.481889,-122.032419,0.1,0.0,0.0,,0.0,0.6931471805599453,0.0,1.0,0.0,0.0,0.08,1.0,0.0,0,0,0,1,48
Solano,Fall,2005,1,0,38.475167,-122.046058,0.1,0.0,0.0,0.0,0.0,0.6931471805599453,0.0,2.0,0.0,-0.5,-0.06,0.5,0.0,0,0,0,1,48
Solano,Fall,2007,1,0,38.438683,-122.111919,0.1,0.0,0.0,0.0,0.0,0.6931471805599453,0.0,3.0,0.0,-2.0,-0.56,0.5,-0.5,0,0,0,1,48
Solano,Fall,2011,3,0,38.33707966666666,-122.06915666666667,3.0,0.0,0.0,0.0,0.0,1.3862943611198906,0.0,4.0,0.0,-1.0,-0.43,-2.0,1.0,0,0,0,1,48
Solano,Fall,2012,1,0,38.467272,-122.049799,0.25,0.0,0.0,0.0,0.0,0.6931471805599453,0.0,7.0,0.0,0.0,0.3,-1.0,-2.0,0,0,0,1,48
Solano,Fall,2013,4,0,38.3593085,-122.06022075,15.625,0.0,0.0,0.0,0.0,1.6094379124341003,0.0,8.0,0.0,0.0,-0.35,0.0,-1.0,0,0,0,1,48
Solano,Fall,2014,2,0,38.436539499999995,-122.016621,0.355,0.0,0.0,0.0,0.0,1.0986122886681098,0.0,12.0,0.0,0.5,0.1,0.0,0.0,0,0,0,1,48
Solano,Fall,2015,8,0,38.35955425,-122.000472625,0.18,0.0,0.0,0.0,0.0,2.1972245773362196,0.0,14.0,0.0,3.0,1.57,0.5,0.0,0,0,0,1,48
Solano,Spring,2002,1,0,38.481889,-122.032419,8.0,0.0,,,,0.6931471805599453,0.0,22.0,0.0,1.0,0.79,0.0,-0.5,0,1,0,0,48
Solano,Spring,2011,8,0,38.346493875,-122.083360875,4.0375,0.0,0.0,,0.0,2.1972245773362196,0.0,1.0,0.0,-1.0,-0.43,-2.0,1.0,0,1,0,0,48
Solano,Spring,2012,2,0,38.349322,-122.0788885,1.0,0.0,0.0,0.0,0.0,1.0986122886681098,0.0,9.0,0.0,0.0,0.3,-1.0,-2.0,0,1,0,0,48
Solano,Spring,2013,23,0,38.38503034782609,-122.01122786956522,3.4095652173913042,0.0,0.0,0.0,0.0,3.1780538303479458,0.0,11.0,0.0,0.0,-0.35,0.0,-1.0,0,1,0,0,48
Solano,Spring,2014,2,0,38.26822799999999,-122.082358,35.005,0.0,0.0,0.0,0.0,1.0986122886681098,0.0,34.0,0.0,0.5,0.1,0.0,0.0,0,1,0,0,48
Solano,Spring,2015,6,0,38.351510499999996,-122.037051,0.2316666666666667,0.0,0.0,0.0,0.0,1.9459101490553132,0.0,36.0,0.0,3.0,1.57,0.5,0.0,0,1,0,0,48
Solano,Summer,2002,1,0,38.5099,-122.0894,120.0,0.0,,,,0.6931471805599453,0.0,42.0,0.0,1.0,0.79,0.0,-0.5,0,0,1,0,48
Solano,Summer,2003,3,0,38.472687,-122.081586,68.03333333333333,0.0,0.0,,0.0,1.3862943611198906,0.0,1.0,0.0,0.0,0.08,1.0,0.0,0,0,1,0,48
Solano,Summer,2004,2,0,38.4607305,-122.0877055,22.0,0.0,0.0,0.0,0.0,1.0986122886681098,0.0,4.0,0.0,0.5,0.47,0.0,1.0,0,0,1,0,48
Solano,Summer,2005,1,0,38.484733,-122.034967,2.0,0.0,0.0,0.0,0.0,0.6931471805599453,0.0,6.0,0.0,-0.5,-0.06,0.5,0.0,0,0,1,0,48
Solano,Summer,2006,1,0,38.480992,-122.030072,16.0,0.0,0.0,0.0,0.0,0.6931471805599453,0.0,7.0,0.0,0.5,0.1,-0.5,0.5,0,0,1,0,48
Solano,Summer,2011,8,1,38.263699625,-122.092256375,92.075,0.125,0.0,0.0,0.0,2.1972245773362196,0.0,8.0,0.0,-1.0,-0.43,-2.0,1.0,0,0,1,0,48
Solano,Summer,2012,15,0,38.359305533333334,-122.054819,14.786666666666667,0.0,1.0,0.0,0.3333333333333333,2.772588722239781,1.0,16.0,0.0625,0.0,0.3,-1.0,-2.0,0,0,1,0,48
Solano,Summer,2013,5,0,38.36856,-122.03550680000001,4.24,0.0,0.0,1.0,0.3333333333333333,1.791759469228055,1.0,31.0,0.03225806451612903,0.0,-0.35,0.0,-1.0,0,0,1,0,48
Solano,Summer,2014,3,0,38.293911666666666,-122.057343,0.15,0.0,0.0,0.0,0.3333333333333333,1.3862943611198906,1.0,36.0,0.027777777777777776,0.5,0.1,0.0,0.0,0,0,1,0,48
Solano,Summer,2015,30,0,38.3240359,-122.00886996666667,11.659666666666668,0.0,0.0,0.0,0.0,3.4339872044851463,1.0,39.0,0.02564102564102564,3.0,1.57,0.5,0.0,0,0,1,0,48
Solano,Winter,2000,1,0,38.496719,-122.069511,0.2,0.0,,,,0.6931471805599453,1.0,69.0,0.014492753623188406,-0.5,-0.55,-2.0,-2.0,1,0,0,0,48
Solano,Winter,2013,10,0,38.2409303,-122.114224,0.44399999999999995,0.0,0.0,,0.0,2.3978952727983707,0.0,1.0,0.0,0.0,-0.35,0.0,-1.0,1,0,0,0,48
Solano,Winter,2014,4,0,38.2871845,-122.09981975,0.40249999999999997,0.0,0.0,0.0,0.0,1.6094379124341003,0.0,11.0,0.0,0.5,0.1,0.0,0.0,1,0,0,0,48
Solano,Winter,2015,1,0,38.356505,-121.981479,0.01,0.0,0.0,0.0,0.0,0.6931471805599453,0.0,15.0,0.0,3.0,1.57,0.5,0.0,1,0,0,0,48
Sonoma,Fall,1998,1,0,38.8066,-122.789731,3.0,0.0,,,,0.6931471805599453,0.0,16.0,0.0,-2.0,-0.78,3.0,0.0,0,0,0,1,49
Sonoma,Fall,2000,2,0,38.653459999999995,-123.0274845,0.45,0.0,0.0,,0.0,1.0986122886681098,0.0,1.0,0.0,-0.5,-0.55,-2.0,-2.0,0,0,0,1,49
Sonoma,Fall,2004,4,0,38.5889645,-122.9513575,57.0,0.0,0.0,0.0,0.0,1.6094379124341003,0.0,3.0,0.0,0.5,0.47,0.0,1.0,0,0,0,1,49
Sonoma,Fall,2005,1,0,38.794669,-122.759319,1.0,0.0,0.0,0.0,0.0,0.6931471805599453,0.0,7.0,0.0,-0.5,-0.06,0.5,0.0,0,0,0,1,49
Sonoma,Fall,2007,4,0,38.617191,-123.36546175,0.45,0.0,0.0,0.0,0.0,1.6094379124341003,0.0,8.0,0.0,-2.0,-0.56,0.5,-0.5,0,0,0,1,49
Sonoma,Fall,2011,21,0,38.469313285714286,-122.77424661904763,0.7219047619047619,0.0,0.0,0.0,0.0,3.091042453358316,0.0,12.0,0.0,-1.0,-0.43,-2.0,1.0,0,0,0,1,49
Sonoma,Fall,2012,13,0,38.56052869230769,-122.93116699999999,0.7961538461538461,0.0,0.0,0.0,0.0,2.6390573296152584,0.0,33.0,0.0,0.0,0.3,-1.0,-2.0,0,0,0,1,49
Sonoma,Fall,2013,51,1,38.47130649019608,-122.78372852941176,72.53176470588235,0.0196078431372549,0.0,0.0,0.0,3.9512437185814275,0.0,46.0,0.0,0.0,-0.35,0.0,-1.0,0,0,0,1,49
Sonoma,Fall,2014,21,0,38.46907385714286,-122.8430738095238,0.4547619047619048,0.0,1.0,0.0,0.3333333333333333,3.091042453358316,1.0,97.0,0.010309278350515464,0.5,0.1,0.0,0.0,0,0,0,1,49
Sonoma,Fall,2015,24,0,38.44314845833333,-122.79651374999999,0.7020833333333334,0.0,0.0,1.0,0.3333333333333333,3.2188758248682006,1.0,118.0,0.00847457627118644,3.0,1.57,0.5,0.0,0,0,0,1,49
Sonoma,Spring,1999,2,0,38.676328999999996,-123.413775,0.55,0.0,,,,1.0986122886681098,1.0,142.0,0.007042253521126761,-2.0,-1.1,-2.0,3.0,0,1,0,0,49
Sonoma,Spring,2000,3,0,38.58133733333333,-122.99775666666666,0.7333333333333334,0.0,0.0,,0.0,1.3862943611198906,0.0,2.0,0.0,-0.5,-0.55,-2.0,-2.0,0,1,0,0,49
Sonoma,Spring,2001,3,0,38.721523999999995,-122.90055633333333,1.0333333333333334,0.0,0.0,0.0,0.0,1.3862943611198906,0.0,5.0,0.0,0.0,-0.08,-0.5,-2.0,0,1,0,0,49
Sonoma,Spring,2004,2,0,38.706,-123.069215,3.05,0.0,0.0,0.0,0.0,1.0986122886681098,0.0,8.0,0.0,0.5,0.47,0.0,1.0,0,1,0,0,49
Sonoma,Spring,2005,1,0,38.740617,-122.7673,0.1,0.0,0.0,0.0,0.0,0.6931471805599453,0.0,10.0,0.0,-0.5,-0.06,0.5,0.0,0,1,0,0,49
Sonoma,Spring,2006,1,0,38.401314,-123.0943,0.1,0.0,0.0,0.0,0.0,0.6931471805599453,0.0,11.0,0.0,0.5,0.1,-0.5,0.5,0,1,0,0,49
Sonoma,Spring,2007,5,0,38.681365,-123.2737238,0.68,0.0,0.0,0.0,0.0,1.791759469228055,0.0,12.0,0.0,-2.0,-0.56,0.5,-0.5,0,1,0,0,49
Sonoma,Spring,2011,20,0,38.47919685,-122.8384027,0.764,0.0,0.0,0.0,0.0,3.044522437723423,0.0,17.0,0.0,-1.0,-0.43,-2.0,1.0,0,1,0,0,49
Sonoma,Spring,2012,29,0,38.570993068965514,-122.86163220689654,1.4672413793103447,0.0,0.0,0.0,0.0,3.4011973816621555,0.0,37.0,0.0,0.0,0.3,-1.0,-2.0,0,1,0,0,49
Sonoma,Spring,2013,104,0,38.47537246153846,-122.77373625000001,2.144230769230769,0.0,0.0,0.0,0.0,4.653960350157523,0.0,66.0,0.0,0.0,-0.35,0.0,-1.0,0,1,0,0,49
Sonoma,Spring,2014,41,0,38.480289195121955,-122.85894687804878,0.3436585365853658,0.0,0.0,0.0,0.0,3.7376696182833684,0.0,170.0,0.0,0.5,0.1,0.0,0.0,0,1,0,0,49
Sonoma,Spring,2015,38,0,38.44417147078948,-122.8683278831579,0.4381578947368421,0.0,0.0,0.0,0.0,3.6635616461296463,0.0,211.0,0.0,3.0,1.57,0.5,0.0,0,1,0,0,49
Sonoma,Summer,1998,3,0,38.642477,-123.13678599999999,0.10000000000000002,0.0,,,,1.3862943611198906,0.0,249.0,0.0,-2.0,-0.78,3.0,0.0,0,0,1,0,49
Sonoma,Summer,1999,1,0,38.8066,-122.789731,0.1,0.0,0.0,,0.0,0.6931471805599453,0.0,3.0,0.0,-2.0,-1.1,-2.0,3.0,0,0,1,0,49
Sonoma,Summer,2000,3,0,38.620370666666666,-123.29484366666668,0.2333333333333333,0.0,0.0,0.0,0.0,1.3862943611198906,0.0,4.0,0.0,-0.5,-0.55,-2.0,-2.0,0,0,1,0,49
Sonoma,Summer,2001,3,0,38.73034633333333,-122.72779700000001,0.39999999999999997,0.0,0.0,0.0,0.0,1.3862943611198906,0.0,7.0,0.0,0.0,-0.08,-0.5,-2.0,0,0,1,0,49
Sonoma,Summer,2002,1,0,38.571411,-122.640711,0.1,0.0,0.0,0.0,0.0,0.6931471805599453,0.0,10.0,0.0,1.0,0.79,0.0,-0.5,0,0,1,0,49
Sonoma,Summer,2003,2,0,38.656104,-123.072925,0.55,0.0,0.0,0.0,0.0,1.0986122886681098,0.0,11.0,0.0,0.0,0.08,1.0,0.0,0,0,1,0,49
Sonoma,Summer,2004,3,0,38.593133333333334,-122.665933,5.133333333333334,0.0,0.0,0.0,0.0,1.3862943611198906,0.0,13.0,0.0,0.5,0.47,0.0,1.0,0,0,1,0,49
Sonoma,Summer,2005,2,0,38.787493,-122.785804,4.5,0.0,0.0,0.0,0.0,1.0986122886681098,0.0,16.0,0.0,-0.5,-0.06,0.5,0.0,0,0,1,0,49
Sonoma,Summer,2006,3,0,38.72963133333334,-122.741874,1.6666666666666667,0.0,0.0,0.0,0.0,1.3862943611198906,0.0,18.0,0.0,0.5,0.1,-0.5,0.5,0,0,1,0,49
Sonoma,Summer,2007,11,0,38.59365409090909,-123.09245754545455,5.890909090909091,0.0,0.0,0.0,0.0,2.4849066497880004,0.0,21.0,0.0,-2.0,-0.56,0.5,-0.5,0,0,1,0,49
Sonoma,Summer,2011,43,0,38.464915232558134,-122.84296360465117,1.216046511627907,0.0,0.0,0.0,0.0,3.784189633918261,0.0,32.0,0.0,-1.0,-0.43,-2.0,1.0,0,0,1,0,49
Sonoma,Summer,2012,50,0,38.4628875,-122.78545286,1.0814,0.0,0.0,0.0,0.0,3.9318256327243257,0.0,75.0,0.0,0.0,0.3,-1.0,-2.0,0,0,1,0,49
Sonoma,Summer,2013,61,0,38.49759086885246,-122.7943616557377,4.880983606557377,0.0,0.0,0.0,0.0,4.127134385045092,0.0,125.0,0.0,0.0,-0.35,0.0,-1.0,0,0,1,0,49
Sonoma,Summer,2014,36,0,38.46855741666667,-122.87593197222223,0.3636111111111111,0.0,0.0,0.0,0.0,3.6109179126442243,0.0,186.0,0.0,0.5,0.1,0.0,0.0,0,0,1,0,49
Sonoma,Summer,2015,49,1,38.434702040816326,-122.83243399999999,165.65244897959184,0.02040816326530612,0.0,0.0,0.0,3.912023005428146,0.0,222.0,0.0,3.0,1.57,0.5,0.0,0,0,1,0,49
Sonoma,Winter,2001,1,0,38.747969,-122.714561,0.1,0.0,,,,0.6931471805599453,1.0,271.0,0.0036900369003690036,0.0,-0.08,-0.5,-2.0,1,0,0,0,49
Sonoma,Winter,2007,2,0,38.731778,-123.4716275,0.1,0.0,0.0,,0.0,1.0986122886681098,0.0,1.0,0.0,-2.0,-0.56,0.5,-0.5,1,0,0,0,49
Sonoma,Winter,2011,9,0,38.57988777777778,-122.88185311111111,0.77,0.0,0.0,0.0,0.0,2.302585092994046,0.0,3.0,0.0,-1.0,-0.43,-2.0,1.0,1,0,0,0,49
Sonoma,Winter,2012,21,0,38.47453957142857,-122.84075623809524,0.29523809523809524,0.0,0.0,0.0,0.0,3.091042453358316,0.0,12.0,0.0,0.0,0.3,-1.0,-2.0,1,0,0,0,49
Sonoma,Winter,2013,14,0,38.508176,-122.89043778571428,0.3578571428571428,0.0,0.0,0.0,0.0,2.70805020110221,0.0,33.0,0.0,0.0,-0.35,0.0,-1.0,1,0,0,0,49
Sonoma,Winter,2014,20,0,38.4709542,-122.7751686,0.7415,0.0,0.0,0.0,0.0,3.044522437723423,0.0,47.0,0.0,0.5,0.1,0.0,0.0,1,0,0,0,49
Sonoma,Winter,2015,1,0,38.498707,-122.992832,0.01,0.0,0.0,0.0,0.0,0.6931471805599453,0.0,67.0,0.0,3.0,1.57,0.5,0.0,1,0,0,0,49
Stanislaus,Fall,2001,1,0,37.427011,-121.449739,0.5,0.0,,,,0.6931471805599453,0.0,68.0,0.0,0.0,-0.08,-0.5,-2.0,0,0,0,1,50
Stanislaus,Fall,2011,9,0,37.63941388888889,-120.84506711111112,2.2,0.0,0.0,,0.0,2.302585092994046,0.0,1.0,0.0,-1.0,-0.43,-2.0,1.0,0,0,0,1,50
Stanislaus,Fall,2012,3,0,37.74500066666667,-120.896864,3.75,0.0,0.0,0.0,0.0,1.3862943611198906,0.0,10.0,0.0,0.0,0.3,-1.0,-2.0,0,0,0,1,50
Stanislaus,Fall,2013,3,0,37.494939,-120.93241666666665,0.5666666666666667,0.0,0.0,0.0,0.0,1.3862943611198906,0.0,13.0,0.0,0.0,-0.35,0.0,-1.0,0,0,0,1,50
Stanislaus,Fall,2014,4,0,37.56385775,-121.03782675,0.7125,0.0,0.0,0.0,0.0,1.6094379124341003,0.0,16.0,0.0,0.5,0.1,0.0,0.0,0,0,0,1,50
Stanislaus,Fall,2015,2,0,37.4834615,-120.790426,6.585,0.0,0.0,0.0,0.0,1.0986122886681098,0.0,20.0,0.0,3.0,1.57,0.5,0.0,0,0,0,1,50
Stanislaus,Spring,2001,1,0,37.630419,-120.471981,0.5,0.0,,,,0.6931471805599453,0.0,22.0,0.0,0.0,-0.08,-0.5,-2.0,0,1,0,0,50
Stanislaus,Spring,2011,34,0,37.72928552941176,-120.89957144117646,12.735294117647058,0.0,0.0,,0.0,3.5553480614894135,0.0,1.0,0.0,-1.0,-0.43,-2.0,1.0,0,1,0,0,50
Stanislaus,Spring,2012,8,0,37.644658625,-120.875832625,7.44,0.0,0.0,0.0,0.0,2.1972245773362196,0.0,35.0,0.0,0.0,0.3,-1.0,-2.0,0,1,0,0,50
Stanislaus,Spring,2013,8,0,37.50548684625,-121.11730955499999,7.8125,0.0,0.0,0.0,0.0,2.1972245773362196,0.0,43.0,0.0,0.0,-0.35,0.0,-1.0,0,1,0,0,50
Stanislaus,Spring,2014,15,0,37.72401193333334,-120.90051866666666,23.44,0.0,0.0,0.0,0.0,2.772588722239781,0.0,51.0,0.0,0.5,0.1,0.0,0.0,0,1,0,0,50
Stanislaus,Spring,2015,18,0,37.68038758666667,-120.89979974666666,2.346111111111111,0.0,0.0,0.0,0.0,2.9444389791664403,0.0,66.0,0.0,3.0,1.57,0.5,0.0,0,1,0,0,50
Stanislaus,Summer,2000,1,0,37.397931,-121.360569,6.0,0.0,,,,0.6931471805599453,0.0,84.0,0.0,-0.5,-0.55,-2.0,-2.0,0,0,1,0,50
Stanislaus,Summer,2002,1,0,37.630419,-120.471981,1.0,0.0,0.0,,0.0,0.6931471805599453,0.0,1.0,0.0,1.0,0.79,0.0,-0.5,0,0,1,0,50
Stanislaus,Summer,2005,1,0,37.632461,-120.465136,0.1,0.0,0.0,0.0,0.0,0.6931471805599453,0.0,2.0,0.0,-0.5,-0.06,0.5,0.0,0,0,1,0,50
Stanislaus,Summer,2006,1,1,37.4,-121.2808,34271.0,1.0,0.0,0.0,0.0,0.6931471805599453,0.0,3.0,0.0,0.5,0.1,-0.5,0.5,0,0,1,0,50
Stanislaus,Summer,2007,5,1,37.864365444,-120.458637178,114.62,0.2,1.0,0.0,0.3333333333333333,1.791759469228055,1.0,4.0,0.25,-2.0,-0.56,0.5,-0.5,0,0,1,0,50
Stanislaus,Summer,2011,61,2,37.72185734426229,-120.8561108032787,30.181803278688523,0.03278688524590164,1.0,1.0,0.6666666666666666,4.127134385045092,2.0,9.0,0.2222222222222222,-1.0,-0.43,-2.0,1.0,0,0,1,0,50
Stanislaus,Summer,2012,19,0,37.66069505263158,-120.84549552631579,0.9294736842105263,0.0,2.0,1.0,1.3333333333333333,2.995732273553991,4.0,70.0,0.05714285714285714,0.0,0.3,-1.0,-2.0,0,0,1,0,50
Stanislaus,Summer,2013,22,0,37.72277015681818,-120.75866428818182,9.418181818181818,0.0,0.0,2.0,1.0,3.1354942159291497,4.0,89.0,0.0449438202247191,0.0,-0.35,0.0,-1.0,0,0,1,0,50
Stanislaus,Summer,2014,14,0,37.674096142857145,-120.91353114285714,4.333571428571429,0.0,0.0,0.0,0.6666666666666666,2.70805020110221,4.0,111.0,0.036036036036036036,0.5,0.1,0.0,0.0,0,0,1,0,50
Stanislaus,Summer,2015,16,0,37.693985375,-120.8255768125,4.668125,0.0,0.0,0.0,0.0,2.833213344056216,4.0,125.0,0.032,3.0,1.57,0.5,0.0,0,0,1,0,50
Stanislaus,Winter,2011,3,0,37.718130333333335,-120.94897833333334,0.13333333333333333,0.0,,,,1.3862943611198906,4.0,141.0,0.028368794326241134,-1.0,-0.43,-2.0,1.0,1,0,0,0,50
Stanislaus,Winter,2012,1,0,37.59277778,-121.20472222,1.0,0.0,0.0,,0.0,0.6931471805599453,0.0,3.0,0.0,0.0,0.3,-1.0,-2.0,1,0,0,0,50
Stanislaus,Winter,2013,3,0,37.66504422333333,-121.19933148,0.7000000000000001,0.0,0.0,0.0,0.0,1.3862943611198906,0.0,4.0,0.0,0.0,-0.35,0.0,-1.0,1,0,0,0,50
Stanislaus,Winter,2014,1,0,37.6331,-121.2114,0.1,0.0,0.0,0.0,0.0,0.6931471805599453,0.0,7.0,0.0,0.5,0.1,0.0,0.0,1,0,0,0,50
Sutter,Fall,2011,3,0,39.142762,-121.62635399999999,0.01,0.0,,,,1.3862943611198906,0.0,8.0,0.0,-1.0,-0.43,-2.0,1.0,0,0,0,1,51
Sutter,Fall,2013,1,0,39.141303,-121.615289,1.0,0.0,0.0,,0.0,0.6931471805599453,0.0,3.0,0.0,0.0,-0.35,0.0,-1.0,0,0,0,1,51
Sutter,Spring,2011,9,0,39.13567911111111,-121.656892,26.686666666666667,0.0,,,,2.302585092994046,0.0,4.0,0.0,-1.0,-0.43,-2.0,1.0,0,1,0,0,51
Sutter,Spring,2013,15,0,39.175715866666664,-121.6390246,0.648,0.0,0.0,,0.0,2.772588722239781,0.0,9.0,0.0,0.0,-0.35,0.0,-1.0,0,1,0,0,51
Sutter,Spring,2014,15,0,39.1274768,-121.62938073333333,0.06466666666666666,0.0,0.0,0.0,0.0,2.772588722239781,0.0,24.0,0.0,0.5,0.1,0.0,0.0,0,1,0,0,51
Sutter,Summer,2011,16,0,39.12087725,-121.6341233125,9.3775,0.0,,,,2.833213344056216,0.0,39.0,0.0,-1.0,-0.43,-2.0,1.0,0,0,1,0,51
Sutter,Summer,2013,3,0,39.040941,-121.57100266666667,0.34,0.0,0.0,,0.0,1.3862943611198906,0.0,16.0,0.0,0.0,-0.35,0.0,-1.0,0,0,1,0,51
Sutter,Summer,2014,2,0,39.1111715,-121.62915899999999,0.51,0.0,0.0,0.0,0.0,1.0986122886681098,0.0,19.0,0.0,0.5,0.1,0.0,0.0,0,0,1,0,51
Sutter,Summer,2015,1,0,39.19368,-121.632007,0.01,0.0,0.0,0.0,0.0,0.6931471805599453,0.0,21.0,0.0,3.0,1.57,0.5,0.0,0,0,1,0,51
Sutter,Winter,2011,1,0,39.141708,-121.6649,0.01,0.0,,,,0.6931471805599453,0.0,22.0,0.0,-1.0,-0.43,-2.0,1.0,1,0,0,0,51
Sutter,Winter,2013,2,0,39.217566,-121.64625699999999,0.255,0.0,0.0,,0.0,1.0986122886681098,0.0,1.0,0.0,0.0,-0.35,0.0,-1.0,1,0,0,0,51
Tehama,Fall,1998,4,0,40.27677975,-122.185028,0.375,0.0,,,,1.6094379124341003,0.0,3.0,0.0,-2.0,-0.78,3.0,0.0,0,0,0,1,52
Tehama,Fall,1999,4,0,40.1893095,-122.20389525,8.825,0.0,0.0,,0.0,1.6094379124341003,0.0,4.0,0.0,-2.0,-1.1,-2.0,3.0,0,0,0,1,52
Tehama,Fall,2000,4,1,40.1732,-122.28966825,2071.075,0.25,0.0,0.0,0.0,1.6094379124341003,0.0,8.0,0.0,-0.5,-0.55,-2.0,-2.0,0,0,0,1,52
Tehama,Fall,2001,9,0,40.285116333333335,-122.14566477777778,0.4555555555555555,0.0,1.0,0.0,0.3333333333333333,2.302585092994046,1.0,12.0,0.08333333333333333,0.0,-0.08,-0.5,-2.0,0,0,0,1,52
Tehama,Fall,2002,11,0,40.26709336363636,-122.07012309090909,9.372727272727273,0.0,0.0,1.0,0.3333333333333333,2.4849066497880004,1.0,21.0,0.047619047619047616,1.0,0.79,0.0,-0.5,0,0,0,1,52
Tehama,Fall,2004,5,0,40.30348,-122.14378380000001,1.24,0.0,0.0,0.0,0.3333333333333333,1.791759469228055,1.0,32.0,0.03125,0.5,0.47,0.0,1.0,0,0,0,1,52
Tehama,Fall,2005,2,0,40.3052335,-122.19230400000001,3.0,0.0,0.0,0.0,0.0,1.0986122886681098,1.0,37.0,0.02702702702702703,-0.5,-0.06,0.5,0.0,0,0,0,1,52
Tehama,Fall,2007,11,0,40.20926938454546,-122.15026199,0.15454545454545457,0.0,0.0,0.0,0.0,2.4849066497880004,1.0,39.0,0.02564102564102564,-2.0,-0.56,0.5,-0.5,0,0,0,1,52
Tehama,Fall,2009,3,0,40.06777778,-122.87694444666666,0.01,0.0,0.0,0.0,0.0,1.3862943611198906,1.0,50.0,0.02,1.0,0.45,-0.5,-2.0,0,0,0,1,52
Tehama,Fall,2011,24,0,40.17096108333333,-122.11681391666667,2.733333333333333,0.0,0.0,0.0,0.0,3.2188758248682006,1.0,53.0,0.018867924528301886,-1.0,-0.43,-2.0,1.0,0,0,0,1,52
Tehama,Fall,2012,20,0,40.0286810555,-122.15303150550001,1.3155,0.0,0.0,0.0,0.0,3.044522437723423,1.0,77.0,0.012987012987012988,0.0,0.3,-1.0,-2.0,0,0,0,1,52
Tehama,Fall,2013,33,0,40.10641860606061,-122.20354567333334,4.386363636363637,0.0,0.0,0.0,0.0,3.5263605246161616,1.0,97.0,0.010309278350515464,0.0,-0.35,0.0,-1.0,0,0,0,1,52
Tehama,Fall,2014,13,0,39.97469092307692,-122.16275930769231,0.20692307692307693,0.0,0.0,0.0,0.0,2.6390573296152584,1.0,130.0,0.007692307692307693,0.5,0.1,0.0,0.0,0,0,0,1,52
Tehama,Fall,2015,28,0,40.12033000785714,-122.15250869464286,1.2321428571428572,0.0,0.0,0.0,0.0,3.367295829986474,1.0,143.0,0.006993006993006993,3.0,1.57,0.5,0.0,0,0,0,1,52
Tehama,Spring,1998,1,0,40.223011,-122.246389,0.5,0.0,,,,0.6931471805599453,1.0,171.0,0.005847953216374269,-2.0,-0.78,3.0,0.0,0,1,0,0,52
Tehama,Spring,1999,7,0,40.241499999999995,-122.116225,2.4,0.0,0.0,,0.0,2.0794415416798357,0.0,1.0,0.0,-2.0,-1.1,-2.0,3.0,0,1,0,0,52
Tehama,Spring,2000,2,0,40.235065,-122.566239,1.05,0.0,0.0,0.0,0.0,1.0986122886681098,0.0,8.0,0.0,-0.5,-0.55,-2.0,-2.0,0,1,0,0,52
Tehama,Spring,2001,13,1,40.23005815384616,-122.12199730769231,36.184615384615384,0.07692307692307693,0.0,0.0,0.0,2.6390573296152584,0.0,10.0,0.0,0.0,-0.08,-0.5,-2.0,0,1,0,0,52
Tehama,Spring,2002,5,0,40.274456199999996,-122.1369062,1.42,0.0,1.0,0.0,0.3333333333333333,1.791759469228055,1.0,23.0,0.043478260869565216,1.0,0.79,0.0,-0.5,0,1,0,0,52
Tehama,Spring,2004,6,0,40.22999933333333,-122.33673983333334,4.233333333333333,0.0,0.0,1.0,0.3333333333333333,1.9459101490553132,1.0,28.0,0.03571428571428571,0.5,0.47,0.0,1.0,0,1,0,0,52
Tehama,Spring,2005,1,0,40.305964,-122.208294,3.0,0.0,0.0,0.0,0.3333333333333333,0.6931471805599453,1.0,34.0,0.029411764705882353,-0.5,-0.06,0.5,0.0,0,1,0,0,52
Tehama,Spring,2006,5,0,40.2456916,-122.144039778,2.87,0.0,0.0,0.0,0.0,1.791759469228055,1.0,35.0,0.02857142857142857,0.5,0.1,-0.5,0.5,0,1,0,0,52
Tehama,Spring,2007,12,1,40.31729666666667,-122.16594158333334,51.31666666666666,0.08333333333333333,0.0,0.0,0.0,2.5649493574615367,1.0,40.0,0.025,-2.0,-0.56,0.5,-0.5,0,1,0,0,52
Tehama,Spring,2008,1,0,40.33,-120.9367,3.0,0.0,1.0,0.0,0.3333333333333333,0.6931471805599453,2.0,52.0,0.038461538461538464,-0.5,-0.37,-2.0,0.5,0,1,0,0,52
Tehama,Spring,2009,9,0,40.10822716111111,-122.60438271777778,0.37222222222222223,0.0,0.0,1.0,0.3333333333333333,2.302585092994046,2.0,53.0,0.03773584905660377,1.0,0.45,-0.5,-2.0,0,1,0,0,52
Tehama,Spring,2010,1,0,40.0536111,-122.683889,1.0,0.0,0.0,0.0,0.3333333333333333,0.6931471805599453,2.0,62.0,0.03225806451612903,-2.0,-1.05,1.0,-0.5,0,1,0,0,52
Tehama,Spring,2011,18,0,40.067725,-122.27863538888889,6.52,0.0,0.0,0.0,0.0,2.9444389791664403,2.0,63.0,0.031746031746031744,-1.0,-0.43,-2.0,1.0,0,1,0,0,52
Tehama,Spring,2012,60,0,40.12990982216666,-122.19715533333333,3.3185000000000002,0.0,0.0,0.0,0.0,4.110873864173311,2.0,81.0,0.024691358024691357,0.0,0.3,-1.0,-2.0,0,1,0,0,52
Tehama,Spring,2013,72,1,40.074604547916664,-122.14732443527777,98.80375,0.013888888888888888,0.0,0.0,0.0,4.290459441148391,2.0,141.0,0.014184397163120567,0.0,-0.35,0.0,-1.0,0,1,0,0,52
Tehama,Spring,2014,43,0,40.0710838372093,-122.24661397674417,6.861627906976745,0.0,1.0,0.0,0.3333333333333333,3.784189633918261,3.0,213.0,0.014084507042253521,0.5,0.1,0.0,0.0,0,1,0,0,52
Tehama,Spring,2015,41,0,40.10134897268293,-122.20339489170732,3.7436585365853663,0.0,0.0,1.0,0.3333333333333333,3.7376696182833684,3.0,256.0,0.01171875,3.0,1.57,0.5,0.0,0,1,0,0,52
Tehama,Summer,1998,12,0,40.21734683333333,-122.17009066666667,1.7,0.0,,,,2.5649493574615367,3.0,297.0,0.010101010101010102,-2.0,-0.78,3.0,0.0,0,0,1,0,52
Tehama,Summer,1999,20,3,40.2385375,-122.20970580000001,375.46500000000003,0.15,0.0,,0.0,3.044522437723423,0.0,12.0,0.0,-2.0,-1.1,-2.0,3.0,0,0,1,0,52
Tehama,Summer,2000,7,0,40.27069285714286,-122.18803971428572,1.1,0.0,3.0,0.0,1.5,2.0794415416798357,3.0,32.0,0.09375,-0.5,-0.55,-2.0,-2.0,0,0,1,0,52
Tehama,Summer,2001,15,0,40.2862668,-122.19988833333333,1.38,0.0,0.0,3.0,1.0,2.772588722239781,3.0,39.0,0.07692307692307693,0.0,-0.08,-0.5,-2.0,0,0,1,0,52
Tehama,Summer,2002,9,0,40.340933444444445,-122.13434433333333,2.1888888888888887,0.0,0.0,0.0,1.0,2.302585092994046,3.0,54.0,0.05555555555555555,1.0,0.79,0.0,-0.5,0,0,1,0,52
Tehama,Summer,2003,19,0,40.15965157894737,-122.38479321052633,3.7315789473684204,0.0,0.0,0.0,0.0,2.995732273553991,3.0,63.0,0.047619047619047616,0.0,0.08,1.0,0.0,0,0,1,0,52
Tehama,Summer,2004,12,0,40.26972691666666,-122.17421225,5.816666666666666,0.0,0.0,0.0,0.0,2.5649493574615367,3.0,82.0,0.036585365853658534,0.5,0.47,0.0,1.0,0,0,1,0,52
Tehama,Summer,2005,14,2,40.27022485714286,-122.21962542857143,164.27142857142857,0.14285714285714285,0.0,0.0,0.0,2.70805020110221,3.0,94.0,0.031914893617021274,-0.5,-0.06,0.5,0.0,0,0,1,0,52
Tehama,Summer,2006,22,2,40.16023376772727,-122.51454470727272,368.625,0.09090909090909091,2.0,0.0,0.6666666666666666,3.1354942159291497,5.0,108.0,0.046296296296296294,0.5,0.1,-0.5,0.5,0,0,1,0,52
Tehama,Summer,2007,18,1,40.27149715388889,-122.14384977777779,49.480555555555554,0.05555555555555555,2.0,2.0,1.3333333333333333,2.9444389791664403,7.0,130.0,0.05384615384615385,-2.0,-0.56,0.5,-0.5,0,0,1,0,52
Tehama,Summer,2008,23,5,40.19716415434783,-122.1883552173913,1690.8804347826087,0.21739130434782608,1.0,2.0,1.6666666666666667,3.1780538303479458,8.0,148.0,0.05405405405405406,-0.5,-0.37,-2.0,0.5,0,0,1,0,52
Tehama,Summer,2009,9,0,40.155092592222225,-122.5729938277778,0.9522222222222223,0.0,5.0,1.0,2.6666666666666665,2.302585092994046,13.0,171.0,0.07602339181286549,1.0,0.45,-0.5,-2.0,0,0,1,0,52
Tehama,Summer,2010,10,0,40.24277778,-121.66633220000001,17.895,0.0,0.0,5.0,2.0,2.3978952727983707,13.0,180.0,0.07222222222222222,-2.0,-1.05,1.0,-0.5,0,0,1,0,52
Tehama,Summer,2011,76,0,40.08150968421052,-122.23765734210527,4.361315789473684,0.0,0.0,0.0,1.6666666666666667,4.343805421853684,13.0,190.0,0.06842105263157895,-1.0,-0.43,-2.0,1.0,0,0,1,0,52
Tehama,Summer,2012,55,2,40.069463119272726,-122.15107973945454,521.5236363636365,0.03636363636363636,0.0,0.0,0.0,4.02535169073515,13.0,266.0,0.04887218045112782,0.0,0.3,-1.0,-2.0,0,0,1,0,52
Tehama,Summer,2013,52,1,40.11643944865385,-122.17414815865385,231.00942307692307,0.019230769230769232,2.0,0.0,0.6666666666666666,3.970291913552122,15.0,321.0,0.04672897196261682,0.0,-0.35,0.0,-1.0,0,0,1,0,52
Tehama,Summer,2014,44,0,40.114888985,-122.14740386863636,3.266363636363636,0.0,1.0,2.0,1.0,3.8066624897703196,16.0,373.0,0.04289544235924933,0.5,0.1,0.0,0.0,0,0,1,0,52
Tehama,Summer,2015,49,0,40.080311392244894,-122.29391013612245,6.969795918367348,0.0,0.0,1.0,1.0,3.912023005428146,16.0,417.0,0.03836930455635491,3.0,1.57,0.5,0.0,0,0,1,0,52
Tehama,Winter,1998,1,0,40.367639,-122.207981,0.1,0.0,,,,0.6931471805599453,16.0,466.0,0.034334763948497854,-2.0,-0.78,3.0,0.0,1,0,0,0,52
Tehama,Winter,2001,1,0,40.351689,-121.715589,0.1,0.0,0.0,,0.0,0.6931471805599453,0.0,1.0,0.0,0.0,-0.08,-0.5,-2.0,1,0,0,0,52
Tehama,Winter,2004,2,0,40.2681095,-122.27234050000001,0.3,0.0,0.0,0.0,0.0,1.0986122886681098,0.0,2.0,0.0,0.5,0.47,0.0,1.0,1,0,0,0,52
Tehama,Winter,2007,5,0,40.3001394,-122.20769499999999,0.1,0.0,0.0,0.0,0.0,1.791759469228055,0.0,4.0,0.0,-2.0,-0.56,0.5,-0.5,1,0,0,0,52
Tehama,Winter,2011,5,0,40.08624519999999,-122.2697436,0.42400000000000004,0.0,0.0,0.0,0.0,1.791759469228055,0.0,9.0,0.0,-1.0,-0.43,-2.0,1.0,1,0,0,0,52
Tehama,Winter,2012,12,0,40.138721,-122.1747395,0.6366666666666666,0.0,0.0,0.0,0.0,2.5649493574615367,0.0,14.0,0.0,0.0,0.3,-1.0,-2.0,1,0,0,0,52
Tehama,Winter,2013,18,0,40.065517864444445,-122.15910333944446,0.5861111111111111,0.0,0.0,0.0,0.0,2.9444389791664403,0.0,26.0,0.0,0.0,-0.35,0.0,-1.0,1,0,0,0,52
Tehama,Winter,2014,27,1,40.137234148148146,-122.12409482703704,34.276296296296294,0.037037037037037035,0.0,0.0,0.0,3.332204510175204,0.0,44.0,0.0,0.5,0.1,0.0,0.0,1,0,0,0,52
Trinity,Fall,1998,3,0,40.697036,-122.79619733333334,0.2333333333333333,0.0,,,,1.3862943611198906,1.0,71.0,0.014084507042253521,-2.0,-0.78,3.0,0.0,0,0,0,1,53
Trinity,Fall,1999,1,0,40.660069,-122.7753,0.1,0.0,0.0,,0.0,0.6931471805599453,0.0,3.0,0.0,-2.0,-1.1,-2.0,3.0,0,0,0,1,53
Trinity,Fall,2000,1,0,40.660069,-122.7753,0.2,0.0,0.0,0.0,0.0,0.6931471805599453,0.0,4.0,0.0,-0.5,-0.55,-2.0,-2.0,0,0,0,1,53
Trinity,Fall,2001,4,0,40.66861825,-122.93851525,0.2,0.0,0.0,0.0,0.0,1.6094379124341003,0.0,5.0,0.0,0.0,-0.08,-0.5,-2.0,0,0,0,1,53
Trinity,Fall,2002,1,0,40.553661,-123.172211,0.3,0.0,0.0,0.0,0.0,0.6931471805599453,0.0,9.0,0.0,1.0,0.79,0.0,-0.5,0,0,0,1,53
Trinity,Fall,2003,2,0,40.696025000000006,-122.86460550000001,1.0,0.0,0.0,0.0,0.0,1.0986122886681098,0.0,10.0,0.0,0.0,0.08,1.0,0.0,0,0,0,1,53
Trinity,Fall,2004,3,0,40.68163033333333,-123.09826633333334,0.10000000000000002,0.0,0.0,0.0,0.0,1.3862943611198906,0.0,12.0,0.0,0.5,0.47,0.0,1.0,0,0,0,1,53
Trinity,Fall,2005,5,0,40.600156133999995,-123.026307266,2.46,0.0,0.0,0.0,0.0,1.791759469228055,0.0,15.0,0.0,-0.5,-0.06,0.5,0.0,0,0,0,1,53
Trinity,Fall,2006,9,0,40.79870651888889,-123.0776543311111,1.838888888888889,0.0,0.0,0.0,0.0,2.302585092994046,0.0,20.0,0.0,0.5,0.1,-0.5,0.5,0,0,0,1,53
Trinity,Fall,2007,17,0,40.57623984294118,-123.18673784999999,0.3623529411764706,0.0,0.0,0.0,0.0,2.8903717578961645,0.0,29.0,0.0,-2.0,-0.56,0.5,-0.5,0,0,0,1,53
Trinity,Fall,2008,13,0,40.56062307692308,-123.26818119769231,4.943076923076924,0.0,0.0,0.0,0.0,2.6390573296152584,0.0,46.0,0.0,-0.5,-0.37,-2.0,0.5,0,0,0,1,53
Trinity,Fall,2009,7,0,40.78075396857143,-123.27464285857143,4.091428571428572,0.0,0.0,0.0,0.0,2.0794415416798357,0.0,59.0,0.0,1.0,0.45,-0.5,-2.0,0,0,0,1,53
Trinity,Fall,2010,7,0,40.75916665714286,-123.27936514285715,1.4357142857142857,0.0,0.0,0.0,0.0,2.0794415416798357,0.0,66.0,0.0,-2.0,-1.05,1.0,-0.5,0,0,0,1,53
Trinity,Fall,2011,3,0,40.47835766666667,-123.15351233333332,1.0333333333333334,0.0,0.0,0.0,0.0,1.3862943611198906,0.0,73.0,0.0,-1.0,-0.43,-2.0,1.0,0,0,0,1,53
Trinity,Fall,2012,8,0,40.53784583375,-123.13712222125,1.01,0.0,0.0,0.0,0.0,2.1972245773362196,0.0,76.0,0.0,0.0,0.3,-1.0,-2.0,0,0,0,1,53
Trinity,Fall,2013,12,0,40.698702777499996,-123.06543287,0.5125000000000001,0.0,0.0,0.0,0.0,2.5649493574615367,0.0,84.0,0.0,0.0,-0.35,0.0,-1.0,0,0,0,1,53
Trinity,Fall,2015,11,0,40.72542768818182,-123.10353424272726,0.21818181818181817,0.0,0.0,0.0,0.0,2.4849066497880004,0.0,96.0,0.0,3.0,1.57,0.5,0.0,0,0,0,1,53
Trinity,Spring,1998,2,0,40.6804095,-122.805769,0.7000000000000001,0.0,,,,1.0986122886681098,0.0,107.0,0.0,-2.0,-0.78,3.0,0.0,0,1,0,0,53
Trinity,Spring,1999,7,0,40.66206028571428,-122.99397,0.5857142857142857,0.0,0.0,,0.0,2.0794415416798357,0.0,2.0,0.0,-2.0,-1.1,-2.0,3.0,0,1,0,0,53
Trinity,Spring,2000,3,0,40.62372033333333,-122.99815000000001,6.166666666666667,0.0,0.0,0.0,0.0,1.3862943611198906,0.0,9.0,0.0,-0.5,-0.55,-2.0,-2.0,0,1,0,0,53
Trinity,Spring,2001,11,0,40.60232818181818,-123.06001854545455,0.5818181818181819,0.0,0.0,0.0,0.0,2.4849066497880004,0.0,12.0,0.0,0.0,-0.08,-0.5,-2.0,0,1,0,0,53
Trinity,Spring,2002,4,0,40.612080500000005,-122.955675,0.35,0.0,0.0,0.0,0.0,1.6094379124341003,0.0,23.0,0.0,1.0,0.79,0.0,-0.5,0,1,0,0,53
Trinity,Spring,2003,3,0,40.71260933333333,-122.935873,0.16666666666666666,0.0,0.0,0.0,0.0,1.3862943611198906,0.0,27.0,0.0,0.0,0.08,1.0,0.0,0,1,0,0,53
Trinity,Spring,2004,6,0,40.68801133333333,-122.91625683333332,0.6333333333333334,0.0,0.0,0.0,0.0,1.9459101490553132,0.0,30.0,0.0,0.5,0.47,0.0,1.0,0,1,0,0,53
Trinity,Spring,2005,1,0,40.726489,-122.934714,0.1,0.0,0.0,0.0,0.0,0.6931471805599453,0.0,36.0,0.0,-0.5,-0.06,0.5,0.0,0,1,0,0,53
Trinity,Spring,2006,15,0,40.76284920666667,-123.07017143733333,0.45666666666666667,0.0,0.0,0.0,0.0,2.772588722239781,0.0,37.0,0.0,0.5,0.1,-0.5,0.5,0,1,0,0,53
Trinity,Spring,2007,30,0,40.715898802999995,-123.02567319966667,0.495,0.0,0.0,0.0,0.0,3.4339872044851463,0.0,52.0,0.0,-2.0,-0.56,0.5,-0.5,0,1,0,0,53
Trinity,Spring,2008,15,0,40.53131274,-123.16865940666666,2.978,0.0,0.0,0.0,0.0,2.772588722239781,0.0,82.0,0.0,-0.5,-0.37,-2.0,0.5,0,1,0,0,53
Trinity,Spring,2009,35,0,40.54262136542857,-123.1112795242857,0.22114285714285714,0.0,0.0,0.0,0.0,3.58351893845611,0.0,97.0,0.0,1.0,0.45,-0.5,-2.0,0,1,0,0,53
Trinity,Spring,2010,8,0,40.6540972,-123.26545125,0.02125,0.0,0.0,0.0,0.0,2.1972245773362196,0.0,132.0,0.0,-2.0,-1.05,1.0,-0.5,0,1,0,0,53
Trinity,Spring,2011,2,0,40.73375,-123.0185,15.55,0.0,0.0,0.0,0.0,1.0986122886681098,0.0,140.0,0.0,-1.0,-0.43,-2.0,1.0,0,1,0,0,53
Trinity,Spring,2012,24,0,40.619263708750005,-123.1602405325,0.3183333333333333,0.0,0.0,0.0,0.0,3.2188758248682006,0.0,142.0,0.0,0.0,0.3,-1.0,-2.0,0,1,0,0,53
Trinity,Spring,2013,23,0,40.53113910086957,-123.20863167130436,0.44173913043478263,0.0,0.0,0.0,0.0,3.1780538303479458,0.0,166.0,0.0,0.0,-0.35,0.0,-1.0,0,1,0,0,53
Trinity,Spring,2014,17,0,40.56636964647059,-123.11734771235294,0.4223529411764706,0.0,0.0,0.0,0.0,2.8903717578961645,0.0,189.0,0.0,0.5,0.1,0.0,0.0,0,1,0,0,53
Trinity,Spring,2015,43,1,40.59764469511628,-123.1661261055814,37.02813953488372,0.023255813953488372,0.0,0.0,0.0,3.784189633918261,0.0,206.0,0.0,3.0,1.57,0.5,0.0,0,1,0,0,53
Trinity,Summer,1998,10,0,40.640731900000006,-123.038303,0.4,0.0,,,,2.3978952727983707,1.0,249.0,0.004016064257028112,-2.0,-0.78,3.0,0.0,0,0,1,0,53
Trinity,Summer,1999,14,1,40.52750271428572,-123.09281892857143,144.2,0.07142857142857142,0.0,,0.0,2.70805020110221,0.0,10.0,0.0,-2.0,-1.1,-2.0,3.0,0,0,1,0,53
Trinity,Summer,2000,14,0,40.64084535714286,-123.0228265,0.45,0.0,1.0,0.0,0.5,2.70805020110221,1.0,24.0,0.041666666666666664,-0.5,-0.55,-2.0,-2.0,0,0,1,0,53
Trinity,Summer,2001,10,0,40.6369899,-122.9602604,0.13,0.0,0.0,1.0,0.3333333333333333,2.3978952727983707,1.0,38.0,0.02631578947368421,0.0,-0.08,-0.5,-2.0,0,0,1,0,53
Trinity,Summer,2002,10,0,40.6727097,-122.9329723,0.23000000000000004,0.0,0.0,0.0,0.3333333333333333,2.3978952727983707,1.0,48.0,0.020833333333333332,1.0,0.79,0.0,-0.5,0,0,1,0,53
Trinity,Summer,2003,5,0,40.6513916,-123.0044856,0.26,0.0,0.0,0.0,0.0,1.791759469228055,1.0,58.0,0.017241379310344827,0.0,0.08,1.0,0.0,0,0,1,0,53
Trinity,Summer,2004,16,0,40.616158993125,-122.953702868125,1.40625,0.0,0.0,0.0,0.0,2.833213344056216,1.0,63.0,0.015873015873015872,0.5,0.47,0.0,1.0,0,0,1,0,53
Trinity,Summer,2005,11,0,40.613034636363636,-123.05840418181819,1.2727272727272727,0.0,0.0,0.0,0.0,2.4849066497880004,1.0,79.0,0.012658227848101266,-0.5,-0.06,0.5,0.0,0,0,1,0,53
Trinity,Summer,2006,125,3,40.81221807072,-123.0086941088,819.8013599999999,0.024,0.0,0.0,0.0,4.836281906951478,1.0,90.0,0.011111111111111112,0.5,0.1,-0.5,0.5,0,0,1,0,53
Trinity,Summer,2007,41,1,40.516538061707315,-123.09917897585368,37.86414634146342,0.024390243902439025,3.0,0.0,1.0,3.7376696182833684,4.0,215.0,0.018604651162790697,-2.0,-0.56,0.5,-0.5,0,0,1,0,53
Trinity,Summer,2008,170,20,40.537253725588236,-123.20483352917647,1593.3587647058823,0.11764705882352941,1.0,3.0,1.3333333333333333,5.14166355650266,5.0,256.0,0.01953125,-0.5,-0.37,-2.0,0.5,0,0,1,0,53
Trinity,Summer,2009,75,2,40.81104644453333,-123.21313777786668,33.15293333333334,0.02666666666666667,20.0,1.0,8.0,4.330733340286331,25.0,426.0,0.05868544600938967,1.0,0.45,-0.5,-2.0,0,0,1,0,53
Trinity,Summer,2010,32,0,40.78047743125,-123.03183884375,0.8409375,0.0,2.0,20.0,7.666666666666667,3.4965075614664802,27.0,501.0,0.05389221556886228,-2.0,-1.05,1.0,-0.5,0,0,1,0,53
Trinity,Summer,2011,20,0,40.6611165,-123.02890785,1.3755,0.0,0.0,2.0,7.333333333333333,3.044522437723423,27.0,533.0,0.05065666041275797,-1.0,-0.43,-2.0,1.0,0,0,1,0,53
Trinity,Summer,2012,62,2,40.50646059838709,-123.19984244822581,95.30806451612904,0.03225806451612903,0.0,0.0,0.6666666666666666,4.143134726391533,27.0,553.0,0.048824593128390596,0.0,0.3,-1.0,-2.0,0,0,1,0,53
Trinity,Summer,2013,87,0,40.74513079816092,-123.04470178045977,1.0179310344827586,0.0,2.0,0.0,0.6666666666666666,4.477336814478207,29.0,615.0,0.04715447154471545,0.0,-0.35,0.0,-1.0,0,0,1,0,53
Trinity,Summer,2014,53,2,40.7906943290566,-123.02154801679245,130.04622641509434,0.03773584905660377,0.0,2.0,0.6666666666666666,3.9889840465642745,29.0,702.0,0.04131054131054131,0.5,0.1,0.0,0.0,0,0,1,0,53
Trinity,Summer,2015,121,15,40.61668817206611,-123.20260443099173,1558.6638016528923,0.12396694214876033,2.0,0.0,1.3333333333333333,4.804021044733257,31.0,755.0,0.04105960264900662,3.0,1.57,0.5,0.0,0,0,1,0,53
Trinity,Winter,1999,1,0,40.5538,-123.134181,1.0,0.0,,,,0.6931471805599453,46.0,876.0,0.05251141552511415,-2.0,-1.1,-2.0,3.0,1,0,0,0,53
Trinity,Winter,2006,1,0,40.575706,-123.091208,1.0,0.0,0.0,,0.0,0.6931471805599453,0.0,1.0,0.0,0.5,0.1,-0.5,0.5,1,0,0,0,53
Trinity,Winter,2007,6,0,40.668574963333334,-123.1743135,0.125,0.0,0.0,0.0,0.0,1.9459101490553132,0.0,2.0,0.0,-2.0,-0.56,0.5,-0.5,1,0,0,0,53
Trinity,Winter,2008,2,0,40.77375,-123.3525,0.1,0.0,0.0,0.0,0.0,1.0986122886681098,0.0,8.0,0.0,-0.5,-0.37,-2.0,0.5,1,0,0,0,53
Trinity,Winter,2009,1,0,40.43583333,-123.13416667,0.7,0.0,0.0,0.0,0.0,0.6931471805599453,0.0,10.0,0.0,1.0,0.45,-0.5,-2.0,1,0,0,0,53
Trinity,Winter,2010,1,0,40.8566667,-123.572222,0.1,0.0,0.0,0.0,0.0,0.6931471805599453,0.0,11.0,0.0,-2.0,-1.05,1.0,-0.5,1,0,0,0,53
Trinity,Winter,2011,1,0,40.576756,-123.079761,0.2,0.0,0.0,0.0,0.0,0.6931471805599453,0.0,12.0,0.0,-1.0,-0.43,-2.0,1.0,1,0,0,0,53
Trinity,Winter,2012,2,0,40.4425,-123.17597222500001,0.055,0.0,0.0,0.0,0.0,1.0986122886681098,0.0,13.0,0.0,0.0,0.3,-1.0,-2.0,1,0,0,0,53
Trinity,Winter,2013,3,0,40.65149592666666,-123.22795348333334,4.116666666666666,0.0,0.0,0.0,0.0,1.3862943611198906,0.0,15.0,0.0,0.0,-0.35,0.0,-1.0,1,0,0,0,53
Trinity,Winter,2014,3,0,40.64064815,-123.24194444666666,0.6933333333333334,0.0,0.0,0.0,0.0,1.3862943611198906,0.0,18.0,0.0,0.5,0.1,0.0,0.0,1,0,0,0,53
Trinity,Winter,2015,2,0,40.644166665,-123.36111111,0.1,0.0,0.0,0.0,0.0,1.0986122886681098,0.0,21.0,0.0,3.0,1.57,0.5,0.0,1,0,0,0,53
Tulare,Fall,1998,6,0,36.29764166666667,-119.20808466666666,8.4,0.0,,,,1.9459101490553132,0.0,23.0,0.0,-2.0,-0.78,3.0,0.0,0,0,0,1,54
Tulare,Fall,1999,3,0,36.226173296666666,-118.98085822333333,10.066666666666666,0.0,0.0,,0.0,1.3862943611198906,0.0,6.0,0.0,-2.0,-1.1,-2.0,3.0,0,0,0,1,54
Tulare,Fall,2000,2,0,36.116639,-119.380821,0.2,0.0,0.0,0.0,0.0,1.0986122886681098,0.0,9.0,0.0,-0.5,-0.55,-2.0,-2.0,0,0,0,1,54
Tulare,Fall,2002,4,0,36.23894525,-119.10030425,0.325,0.0,0.0,0.0,0.0,1.6094379124341003,0.0,11.0,0.0,1.0,0.79,0.0,-0.5,0,0,0,1,54
Tulare,Fall,2003,2,0,36.3782,-119.278821,0.1,0.0,0.0,0.0,0.0,1.0986122886681098,0.0,15.0,0.0,0.0,0.08,1.0,0.0,0,0,0,1,54
Tulare,Fall,2004,3,0,36.48341366666667,-119.01845233333334,0.3666666666666667,0.0,0.0,0.0,0.0,1.3862943611198906,0.0,17.0,0.0,0.5,0.47,0.0,1.0,0,0,0,1,54
Tulare,Fall,2005,2,0,36.1745155,-119.23831,1.55,0.0,0.0,0.0,0.0,1.0986122886681098,0.0,20.0,0.0,-0.5,-0.06,0.5,0.0,0,0,0,1,54
Tulare,Fall,2006,4,0,36.3789561675,-118.60666035999999,2.6,0.0,0.0,0.0,0.0,1.6094379124341003,0.0,22.0,0.0,0.5,0.1,-0.5,0.5,0,0,0,1,54
Tulare,Fall,2007,4,0,36.0265972225,-118.6013194475,0.1375,0.0,0.0,0.0,0.0,1.6094379124341003,0.0,26.0,0.0,-2.0,-0.56,0.5,-0.5,0,0,0,1,54
Tulare,Fall,2008,9,0,36.188796296666666,-118.5419753088889,26.683333333333334,0.0,0.0,0.0,0.0,2.302585092994046,0.0,30.0,0.0,-0.5,-0.37,-2.0,0.5,0,0,0,1,54
Tulare,Fall,2009,3,0,36.139351850000004,-118.68620370333333,97.46666666666665,0.0,0.0,0.0,0.0,1.3862943611198906,0.0,39.0,0.0,1.0,0.45,-0.5,-2.0,0,0,0,1,54
Tulare,Fall,2010,4,0,36.323055575,-118.69479175000001,0.3875,0.0,0.0,0.0,0.0,1.6094379124341003,0.0,42.0,0.0,-2.0,-1.05,1.0,-0.5,0,0,0,1,54
Tulare,Fall,2011,16,1,36.224402875,-119.1751821875,36.781875,0.0625,0.0,0.0,0.0,2.833213344056216,0.0,46.0,0.0,-1.0,-0.43,-2.0,1.0,0,0,0,1,54
Tulare,Fall,2012,6,0,35.951908333333336,-118.78777587,5.0249999999999995,0.0,1.0,0.0,0.3333333333333333,1.9459101490553132,1.0,62.0,0.016129032258064516,0.0,0.3,-1.0,-2.0,0,0,0,1,54
Tulare,Fall,2013,11,0,36.23798640454545,-118.76530341454546,0.38272727272727275,0.0,0.0,1.0,0.3333333333333333,2.4849066497880004,1.0,68.0,0.014705882352941176,0.0,-0.35,0.0,-1.0,0,0,0,1,54
Tulare,Fall,2014,6,0,36.09626990833333,-118.63892620166666,4.378333333333333,0.0,0.0,0.0,0.3333333333333333,1.9459101490553132,1.0,79.0,0.012658227848101266,0.5,0.1,0.0,0.0,0,0,0,1,54
Tulare,Fall,2015,20,0,36.197298295,-118.882061783,2.6135,0.0,0.0,0.0,0.0,3.044522437723423,1.0,85.0,0.011764705882352941,3.0,1.57,0.5,0.0,0,0,0,1,54
Tulare,Spring,1998,3,0,36.20358233333334,-119.265777,83.39999999999999,0.0,,,,1.3862943611198906,1.0,105.0,0.009523809523809525,-2.0,-0.78,3.0,0.0,0,1,0,0,54
Tulare,Spring,1999,6,0,36.298426666666664,-119.01260783333333,5.6000000000000005,0.0,0.0,,0.0,1.9459101490553132,0.0,3.0,0.0,-2.0,-1.1,-2.0,3.0,0,1,0,0,54
Tulare,Spring,2000,2,0,36.116575,-119.38095,0.1,0.0,0.0,0.0,0.0,1.0986122886681098,0.0,9.0,0.0,-0.5,-0.55,-2.0,-2.0,0,1,0,0,54
Tulare,Spring,2001,5,0,36.4238562,-118.972794,2.6399999999999997,0.0,0.0,0.0,0.0,1.791759469228055,0.0,11.0,0.0,0.0,-0.08,-0.5,-2.0,0,1,0,0,54
Tulare,Spring,2002,6,0,36.232018000000004,-119.04897333333334,4.116666666666667,0.0,0.0,0.0,0.0,1.9459101490553132,0.0,16.0,0.0,1.0,0.79,0.0,-0.5,0,1,0,0,54
Tulare,Spring,2003,5,0,36.1535904,-119.0069978,1.86,0.0,0.0,0.0,0.0,1.791759469228055,0.0,22.0,0.0,0.0,0.08,1.0,0.0,0,1,0,0,54
Tulare,Spring,2004,9,2,36.23281211111111,-119.05266066666667,183.3111111111111,0.2222222222222222,0.0,0.0,0.0,2.302585092994046,0.0,27.0,0.0,0.5,0.47,0.0,1.0,0,1,0,0,54
Tulare,Spring,2005,8,0,36.199447750000004,-119.1767175,0.7125,0.0,2.0,0.0,0.6666666666666666,2.1972245773362196,2.0,36.0,0.05555555555555555,-0.5,-0.06,0.5,0.0,0,1,0,0,54
Tulare,Spring,2006,11,1,36.08353996,-119.07587765636363,156.9,0.09090909090909091,0.0,2.0,0.6666666666666666,2.4849066497880004,2.0,44.0,0.045454545454545456,0.5,0.1,-0.5,0.5,0,1,0,0,54
Tulare,Spring,2007,24,0,36.26884445375,-119.21034811583333,3.838333333333333,0.0,1.0,0.0,1.0,3.2188758248682006,3.0,55.0,0.05454545454545454,-2.0,-0.56,0.5,-0.5,0,1,0,0,54
Tulare,Spring,2008,4,2,35.9998611125,-118.393055555,4131.3375,0.5,0.0,1.0,0.3333333333333333,1.6094379124341003,3.0,79.0,0.0379746835443038,-0.5,-0.37,-2.0,0.5,0,1,0,0,54
Tulare,Spring,2009,5,0,36.128777778,-118.47461111,0.24,0.0,2.0,0.0,1.0,1.791759469228055,5.0,83.0,0.060240963855421686,1.0,0.45,-0.5,-2.0,0,1,0,0,54
Tulare,Spring,2010,2,0,35.834444399999995,-118.44666649999999,4.05,0.0,0.0,2.0,0.6666666666666666,1.0986122886681098,5.0,88.0,0.056818181818181816,-2.0,-1.05,1.0,-0.5,0,1,0,0,54
Tulare,Spring,2011,18,0,36.228642,-119.09274049999999,4.193333333333333,0.0,0.0,0.0,0.6666666666666666,2.9444389791664403,5.0,90.0,0.05555555555555555,-1.0,-0.43,-2.0,1.0,0,1,0,0,54
Tulare,Spring,2012,8,1,36.18175120875,-118.9198964725,217.2275,0.125,0.0,0.0,0.0,2.1972245773362196,5.0,108.0,0.046296296296296294,0.0,0.3,-1.0,-2.0,0,1,0,0,54
Tulare,Spring,2013,34,0,36.19999563735294,-118.96214910117648,13.98,0.0,1.0,0.0,0.3333333333333333,3.5553480614894135,6.0,116.0,0.05172413793103448,0.0,-0.35,0.0,-1.0,0,1,0,0,54
Tulare,Spring,2014,9,0,36.18602688888889,-118.96264866666667,0.55,0.0,0.0,1.0,0.3333333333333333,2.302585092994046,6.0,150.0,0.04,0.5,0.1,0.0,0.0,0,1,0,0,54
Tulare,Spring,2015,34,0,36.21334093117647,-118.82389380058824,2.2226470588235294,0.0,0.0,0.0,0.3333333333333333,3.5553480614894135,6.0,159.0,0.03773584905660377,3.0,1.57,0.5,0.0,0,1,0,0,54
Tulare,Summer,1998,16,0,36.173044375,-119.1051584375,17.650000000000002,0.0,,,,2.833213344056216,6.0,193.0,0.031088082901554404,-2.0,-0.78,3.0,0.0,0,0,1,0,54
Tulare,Summer,1999,16,0,36.326299125,-119.06353593749999,6.33125,0.0,0.0,,0.0,2.833213344056216,0.0,16.0,0.0,-2.0,-1.1,-2.0,3.0,0,0,1,0,54
Tulare,Summer,2000,5,0,36.2581738,-119.0372838,7.760000000000001,0.0,0.0,0.0,0.0,1.791759469228055,0.0,32.0,0.0,-0.5,-0.55,-2.0,-2.0,0,0,1,0,54
Tulare,Summer,2001,4,0,36.3562125,-119.118975,0.175,0.0,0.0,0.0,0.0,1.6094379124341003,0.0,37.0,0.0,0.0,-0.08,-0.5,-2.0,0,0,1,0,54
Tulare,Summer,2002,16,1,36.20601125,-119.133882,81.88125,0.0625,0.0,0.0,0.0,2.833213344056216,0.0,41.0,0.0,1.0,0.79,0.0,-0.5,0,0,1,0,54
Tulare,Summer,2003,17,0,36.30823523529412,-118.97040782352941,16.970588235294116,0.0,1.0,0.0,0.3333333333333333,2.8903717578961645,1.0,57.0,0.017543859649122806,0.0,0.08,1.0,0.0,0,0,1,0,54
Tulare,Summer,2004,10,0,36.3080668,-119.252091,0.7,0.0,0.0,1.0,0.3333333333333333,2.3978952727983707,1.0,74.0,0.013513513513513514,0.5,0.47,0.0,1.0,0,0,1,0,54
Tulare,Summer,2005,13,0,36.15402776923077,-119.12474369230769,1.276923076923077,0.0,0.0,0.0,0.3333333333333333,2.6390573296152584,1.0,84.0,0.011904761904761904,-0.5,-0.06,0.5,0.0,0,0,1,0,54
Tulare,Summer,2006,51,4,36.129123425098044,-118.57908972137255,203.76470588235293,0.0784313725490196,0.0,0.0,0.0,3.9512437185814275,1.0,97.0,0.010309278350515464,0.5,0.1,-0.5,0.5,0,0,1,0,54
Tulare,Summer,2007,33,1,36.310421349696966,-118.62898712545454,40.88666666666666,0.030303030303030304,4.0,0.0,1.3333333333333333,3.5263605246161616,5.0,148.0,0.033783783783783786,-2.0,-0.56,0.5,-0.5,0,0,1,0,54
Tulare,Summer,2008,15,0,36.088925927333335,-118.53970370533334,17.066666666666666,0.0,1.0,4.0,1.6666666666666667,2.772588722239781,6.0,181.0,0.03314917127071823,-0.5,-0.37,-2.0,0.5,0,0,1,0,54
Tulare,Summer,2009,20,3,36.046319443499996,-118.5180694445,262.94,0.15,0.0,1.0,1.6666666666666667,3.044522437723423,6.0,196.0,0.030612244897959183,1.0,0.45,-0.5,-2.0,0,0,1,0,54
Tulare,Summer,2010,11,0,36.24159090909091,-118.52502518181818,17.80454545454546,0.0,3.0,0.0,1.3333333333333333,2.4849066497880004,9.0,216.0,0.041666666666666664,-2.0,-1.05,1.0,-0.5,0,0,1,0,54
Tulare,Summer,2011,64,3,36.171484296875,-119.1011311875,25.15296875,0.046875,0.0,3.0,1.0,4.174387269895637,9.0,227.0,0.039647577092511016,-1.0,-0.43,-2.0,1.0,0,0,1,0,54
Tulare,Summer,2012,48,0,36.257468072083334,-118.66491098833335,8.429166666666665,0.0,3.0,0.0,2.0,3.8918202981106265,12.0,291.0,0.041237113402061855,0.0,0.3,-1.0,-2.0,0,0,1,0,54
Tulare,Summer,2013,72,1,36.119018491666665,-118.58826953458333,32.24208333333333,0.013888888888888888,0.0,3.0,1.0,4.290459441148391,12.0,339.0,0.035398230088495575,0.0,-0.35,0.0,-1.0,0,0,1,0,54
Tulare,Summer,2014,32,0,36.200894291875,-118.713806624375,9.245000000000001,0.0,1.0,0.0,1.3333333333333333,3.4965075614664802,13.0,411.0,0.031630170316301706,0.5,0.1,0.0,0.0,0,0,1,0,54
Tulare,Summer,2015,48,1,36.235139949166665,-118.772114465,149.36416666666665,0.020833333333333332,0.0,1.0,0.3333333333333333,3.8918202981106265,13.0,443.0,0.029345372460496615,3.0,1.57,0.5,0.0,0,0,1,0,54
Tulare,Winter,2000,1,0,36.203431,-119.037519,1.0,0.0,,,,0.6931471805599453,14.0,491.0,0.028513238289205704,-0.5,-0.55,-2.0,-2.0,1,0,0,0,54
Tulare,Winter,2001,1,0,36.203431,-119.037519,80.0,0.0,0.0,,0.0,0.6931471805599453,0.0,1.0,0.0,0.0,-0.08,-0.5,-2.0,1,0,0,0,54
Tulare,Winter,2002,2,0,36.378479,-119.07531,0.1,0.0,0.0,0.0,0.0,1.0986122886681098,0.0,2.0,0.0,1.0,0.79,0.0,-0.5,1,0,0,0,54
Tulare,Winter,2003,1,0,36.378189,-119.287831,0.1,0.0,0.0,0.0,0.0,0.6931471805599453,0.0,4.0,0.0,0.0,0.08,1.0,0.0,1,0,0,0,54
Tulare,Winter,2004,1,0,36.258789,-118.875831,2.0,0.0,0.0,0.0,0.0,0.6931471805599453,0.0,5.0,0.0,0.5,0.47,0.0,1.0,1,0,0,0,54
Tulare,Winter,2007,10,0,36.2873814,-119.1115325,0.19,0.0,0.0,0.0,0.0,2.3978952727983707,0.0,6.0,0.0,-2.0,-0.56,0.5,-0.5,1,0,0,0,54
Tulare,Winter,2011,5,0,36.1672326,-119.14979760000001,0.31,0.0,0.0,0.0,0.0,1.791759469228055,0.0,16.0,0.0,-1.0,-0.43,-2.0,1.0,1,0,0,0,54
Tulare,Winter,2012,9,0,36.07670548111111,-118.86466419666665,3.0288888888888885,0.0,0.0,0.0,0.0,2.302585092994046,0.0,21.0,0.0,0.0,0.3,-1.0,-2.0,1,0,0,0,54
Tulare,Winter,2013,2,0,36.2230755,-119.0649705,0.55,0.0,0.0,0.0,0.0,1.0986122886681098,0.0,30.0,0.0,0.0,-0.35,0.0,-1.0,1,0,0,0,54
Tulare,Winter,2014,6,1,36.28710261166667,-118.76914351833334,239.58333333333334,0.16666666666666666,0.0,0.0,0.0,1.9459101490553132,0.0,32.0,0.0,0.5,0.1,0.0,0.0,1,0,0,0,54
Tuolumne,Fall,1997,7,0,37.94,-119.95190476285714,0.9857142857142858,0.0,,,,2.0794415416798357,1.0,38.0,0.02631578947368421,3.0,1.6,0.0,-1.0,0,0,0,1,55
Tuolumne,Fall,1998,9,0,37.958833222222225,-120.38868244444444,0.4444444444444444,0.0,0.0,,0.0,2.302585092994046,0.0,7.0,0.0,-2.0,-0.78,3.0,0.0,0,0,0,1,55
Tuolumne,Fall,1999,19,0,37.89248705263158,-120.33563684210527,1.7473684210526317,0.0,0.0,0.0,0.0,2.995732273553991,0.0,16.0,0.0,-2.0,-1.1,-2.0,3.0,0,0,0,1,55
Tuolumne,Fall,2000,7,0,37.96085157142857,-120.25339842857143,0.9571428571428571,0.0,0.0,0.0,0.0,2.0794415416798357,0.0,35.0,0.0,-0.5,-0.55,-2.0,-2.0,0,0,0,1,55
Tuolumne,Fall,2001,16,0,37.921759125,-120.3297583125,0.7937500000000001,0.0,0.0,0.0,0.0,2.833213344056216,0.0,42.0,0.0,0.0,-0.08,-0.5,-2.0,0,0,0,1,55
Tuolumne,Fall,2002,11,0,37.978049,-120.30376581818182,0.3181818181818182,0.0,0.0,0.0,0.0,2.4849066497880004,0.0,58.0,0.0,1.0,0.79,0.0,-0.5,0,0,0,1,55
Tuolumne,Fall,2003,14,0,37.987106357142856,-120.34876842857143,0.2642857142857143,0.0,0.0,0.0,0.0,2.70805020110221,0.0,69.0,0.0,0.0,0.08,1.0,0.0,0,0,0,1,55
Tuolumne,Fall,2004,7,0,37.881846714285714,-120.38909557142857,1.2428571428571427,0.0,0.0,0.0,0.0,2.0794415416798357,0.0,83.0,0.0,0.5,0.47,0.0,1.0,0,0,0,1,55
Tuolumne,Fall,2005,18,0,37.89687933333333,-120.3794565,0.9722222222222222,0.0,0.0,0.0,0.0,2.9444389791664403,0.0,90.0,0.0,-0.5,-0.06,0.5,0.0,0,0,0,1,55
Tuolumne,Fall,2006,12,0,38.05788537916667,-120.06923008333332,0.26666666666666666,0.0,0.0,0.0,0.0,2.5649493574615367,0.0,108.0,0.0,0.5,0.1,-0.5,0.5,0,0,0,1,55
Tuolumne,Fall,2007,48,0,37.96427098375,-120.19985428958334,1.2729166666666667,0.0,0.0,0.0,0.0,3.8918202981106265,0.0,120.0,0.0,-2.0,-0.56,0.5,-0.5,0,0,0,1,55
Tuolumne,Fall,2008,7,1,38.16420635000001,-119.94912698571429,130.61142857142858,0.14285714285714285,0.0,0.0,0.0,2.0794415416798357,0.0,168.0,0.0,-0.5,-0.37,-2.0,0.5,0,0,0,1,55
Tuolumne,Fall,2009,5,0,38.274444446000004,-119.947,0.324,0.0,1.0,0.0,0.3333333333333333,1.791759469228055,1.0,175.0,0.005714285714285714,1.0,0.45,-0.5,-2.0,0,0,0,1,55
Tuolumne,Fall,2010,14,0,38.08059522857143,-120.00648807142856,8.377857142857142,0.0,0.0,1.0,0.3333333333333333,2.70805020110221,1.0,180.0,0.005555555555555556,-2.0,-1.05,1.0,-0.5,0,0,0,1,55
Tuolumne,Fall,2011,45,0,37.96588902222222,-120.30950137777778,3.628222222222222,0.0,0.0,0.0,0.3333333333333333,3.828641396489095,1.0,194.0,0.005154639175257732,-1.0,-0.43,-2.0,1.0,0,0,0,1,55
Tuolumne,Fall,2012,23,0,37.97974583521739,-120.22019413043478,2.013913043478261,0.0,0.0,0.0,0.0,3.1780538303479458,1.0,239.0,0.0041841004184100415,0.0,0.3,-1.0,-2.0,0,0,0,1,55
Tuolumne,Fall,2013,28,0,38.098486242499995,-120.21603365464286,0.30250000000000005,0.0,0.0,0.0,0.0,3.367295829986474,1.0,262.0,0.003816793893129771,0.0,-0.35,0.0,-1.0,0,0,0,1,55
Tuolumne,Fall,2014,18,0,38.16310079055555,-120.07023565388889,0.5338888888888889,0.0,0.0,0.0,0.0,2.9444389791664403,1.0,290.0,0.0034482758620689655,0.5,0.1,0.0,0.0,0,0,0,1,55
Tuolumne,Fall,2015,15,0,38.01629593333333,-120.19628620733333,0.258,0.0,0.0,0.0,0.0,2.772588722239781,1.0,308.0,0.003246753246753247,3.0,1.57,0.5,0.0,0,0,0,1,55
Tuolumne,Spring,1998,3,0,37.909863,-120.291883,8.466666666666667,0.0,,,,1.3862943611198906,1.0,323.0,0.0030959752321981426,-2.0,-0.78,3.0,0.0,0,1,0,0,55
Tuolumne,Spring,1999,17,0,37.931881058823535,-120.3748134117647,3.9411764705882355,0.0,0.0,,0.0,2.8903717578961645,0.0,3.0,0.0,-2.0,-1.1,-2.0,3.0,0,1,0,0,55
Tuolumne,Spring,2000,16,0,37.9052529375,-120.370183,0.6625,0.0,0.0,0.0,0.0,2.833213344056216,0.0,20.0,0.0,-0.5,-0.55,-2.0,-2.0,0,1,0,0,55
Tuolumne,Spring,2001,22,0,37.94538627272727,-120.35746504545455,0.35454545454545455,0.0,0.0,0.0,0.0,3.1354942159291497,0.0,36.0,0.0,0.0,-0.08,-0.5,-2.0,0,1,0,0,55
Tuolumne,Spring,2002,19,0,37.977572105263164,-120.30504821052632,0.6631578947368421,0.0,0.0,0.0,0.0,2.995732273553991,0.0,58.0,0.0,1.0,0.79,0.0,-0.5,0,1,0,0,55
Tuolumne,Spring,2003,6,0,37.954311499999996,-120.37664916666667,0.2833333333333333,0.0,0.0,0.0,0.0,1.9459101490553132,0.0,77.0,0.0,0.0,0.08,1.0,0.0,0,1,0,0,55
Tuolumne,Spring,2004,27,0,37.96174755555556,-120.35349214814815,0.37777777777777777,0.0,0.0,0.0,0.0,3.332204510175204,0.0,83.0,0.0,0.5,0.47,0.0,1.0,0,1,0,0,55
Tuolumne,Spring,2005,9,0,37.96585011111111,-120.357201,3.633333333333333,0.0,0.0,0.0,0.0,2.302585092994046,0.0,110.0,0.0,-0.5,-0.06,0.5,0.0,0,1,0,0,55
Tuolumne,Spring,2006,29,0,37.92573409172414,-120.29855355551723,0.8103448275862069,0.0,0.0,0.0,0.0,3.4011973816621555,0.0,119.0,0.0,0.5,0.1,-0.5,0.5,0,1,0,0,55
Tuolumne,Spring,2007,50,0,37.993022517600004,-120.337451129,0.6704000000000001,0.0,0.0,0.0,0.0,3.9318256327243257,0.0,148.0,0.0,-2.0,-0.56,0.5,-0.5,0,1,0,0,55
Tuolumne,Spring,2008,9,0,38.07132716222222,-120.06466049444445,2.3177777777777777,0.0,0.0,0.0,0.0,2.302585092994046,0.0,198.0,0.0,-0.5,-0.37,-2.0,0.5,0,1,0,0,55
Tuolumne,Spring,2009,3,0,37.757222223333336,-119.75101851666666,0.10000000000000002,0.0,0.0,0.0,0.0,1.3862943611198906,0.0,207.0,0.0,1.0,0.45,-0.5,-2.0,0,1,0,0,55
Tuolumne,Spring,2010,4,0,38.099658325,-120.60277500000001,0.55,0.0,0.0,0.0,0.0,1.6094379124341003,0.0,210.0,0.0,-2.0,-1.05,1.0,-0.5,0,1,0,0,55
Tuolumne,Spring,2011,9,0,37.96949277777778,-120.31674788888888,0.9355555555555556,0.0,0.0,0.0,0.0,2.302585092994046,0.0,214.0,0.0,-1.0,-0.43,-2.0,1.0,0,1,0,0,55
Tuolumne,Spring,2012,18,0,37.95683187666666,-120.30888516055555,1.4072222222222222,0.0,0.0,0.0,0.0,2.9444389791664403,0.0,223.0,0.0,0.0,0.3,-1.0,-2.0,0,1,0,0,55
Tuolumne,Spring,2013,33,0,38.00799169030303,-120.28937155575758,5.336060606060606,0.0,0.0,0.0,0.0,3.5263605246161616,0.0,241.0,0.0,0.0,-0.35,0.0,-1.0,0,1,0,0,55
Tuolumne,Spring,2014,23,1,37.919362603913044,-120.35850082086957,18.762608695652176,0.043478260869565216,0.0,0.0,0.0,3.1780538303479458,0.0,274.0,0.0,0.5,0.1,0.0,0.0,0,1,0,0,55
Tuolumne,Spring,2015,20,0,37.9533768,-120.27655065050001,1.56,0.0,1.0,0.0,0.3333333333333333,3.044522437723423,1.0,297.0,0.003367003367003367,3.0,1.57,0.5,0.0,0,1,0,0,55
Tuolumne,Summer,1998,42,0,37.906760309523804,-120.36226447619049,0.9952380952380951,0.0,,,,3.7612001156935624,1.0,317.0,0.0031545741324921135,-2.0,-0.78,3.0,0.0,0,0,1,0,55
Tuolumne,Summer,1999,45,1,37.90368051111111,-120.35820626666666,17.435555555555556,0.022222222222222223,0.0,,0.0,3.828641396489095,0.0,42.0,0.0,-2.0,-1.1,-2.0,3.0,0,0,1,0,55
Tuolumne,Summer,2000,57,0,37.927277701754385,-120.36570224561403,2.101754385964912,0.0,1.0,0.0,0.5,4.060443010546419,1.0,87.0,0.011494252873563218,-0.5,-0.55,-2.0,-2.0,0,0,1,0,55
Tuolumne,Summer,2001,23,0,37.91198982608696,-120.33214791304347,1.9434782608695653,0.0,0.0,1.0,0.3333333333333333,3.1780538303479458,1.0,144.0,0.006944444444444444,0.0,-0.08,-0.5,-2.0,0,0,1,0,55
Tuolumne,Summer,2002,30,0,37.93223006666666,-120.34904256666667,0.4,0.0,0.0,0.0,0.3333333333333333,3.4339872044851463,1.0,167.0,0.005988023952095809,1.0,0.79,0.0,-0.5,0,0,1,0,55
Tuolumne,Summer,2003,37,0,37.887236081081085,-120.35232943243244,4.216216216216216,0.0,0.0,0.0,0.0,3.6375861597263857,1.0,197.0,0.005076142131979695,0.0,0.08,1.0,0.0,0,0,1,0,55
Tuolumne,Summer,2004,34,0,37.9325255,-120.37886611764706,1.6382352941176472,0.0,0.0,0.0,0.0,3.5553480614894135,1.0,234.0,0.004273504273504274,0.5,0.47,0.0,1.0,0,0,1,0,55
Tuolumne,Summer,2005,27,0,37.91177618518519,-120.37039762962962,2.4555555555555553,0.0,0.0,0.0,0.0,3.332204510175204,1.0,268.0,0.0037313432835820895,-0.5,-0.06,0.5,0.0,0,0,1,0,55
Tuolumne,Summer,2006,64,1,37.99420472203125,-120.17432572203126,37.08203125,0.015625,0.0,0.0,0.0,4.174387269895637,1.0,295.0,0.003389830508474576,0.5,0.1,-0.5,0.5,0,0,1,0,55
Tuolumne,Summer,2007,83,0,38.06140730253012,-120.16853599831326,4.404096385542169,0.0,1.0,0.0,0.3333333333333333,4.430816798843313,2.0,359.0,0.005571030640668524,-2.0,-0.56,0.5,-0.5,0,0,1,0,55
Tuolumne,Summer,2008,39,1,38.10987891794871,-119.97072649564103,76.26615384615386,0.02564102564102564,0.0,1.0,0.3333333333333333,3.6888794541139363,2.0,442.0,0.004524886877828055,-0.5,-0.37,-2.0,0.5,0,0,1,0,55
Tuolumne,Summer,2009,19,2,38.02568535736842,-120.0736403631579,389.6342105263158,0.10526315789473684,1.0,0.0,0.6666666666666666,2.995732273553991,3.0,481.0,0.006237006237006237,1.0,0.45,-0.5,-2.0,0,0,1,0,55
Tuolumne,Summer,2010,15,1,38.13818518000001,-119.97337046666667,59.35666666666666,0.06666666666666667,2.0,1.0,1.0,2.772588722239781,5.0,500.0,0.01,-2.0,-1.05,1.0,-0.5,0,0,1,0,55
Tuolumne,Summer,2011,48,0,37.94612427083333,-120.3582629375,3.6254166666666667,0.0,1.0,2.0,1.3333333333333333,3.8918202981106265,6.0,515.0,0.011650485436893204,-1.0,-0.43,-2.0,1.0,0,0,1,0,55
Tuolumne,Summer,2012,62,1,38.03413156451613,-120.20091766322581,24.27725806451613,0.016129032258064516,0.0,1.0,1.0,4.143134726391533,6.0,563.0,0.010657193605683837,0.0,0.3,-1.0,-2.0,0,0,1,0,55
Tuolumne,Summer,2013,39,2,38.02545954410257,-120.17848682641026,6589.481025641026,0.05128205128205128,1.0,0.0,0.6666666666666666,3.6888794541139363,7.0,625.0,0.0112,0.0,-0.35,0.0,-1.0,0,0,1,0,55
Tuolumne,Summer,2014,74,0,38.089615019729735,-120.06773825243242,1.8021621621621624,0.0,2.0,1.0,1.0,4.31748811353631,9.0,664.0,0.01355421686746988,0.5,0.1,0.0,0.0,0,0,1,0,55
Tuolumne,Summer,2015,52,0,37.99662712384615,-120.23490566865385,8.7225,0.0,0.0,2.0,1.0,3.970291913552122,9.0,738.0,0.012195121951219513,3.0,1.57,0.5,0.0,0,0,1,0,55
Tuolumne,Winter,1999,2,0,37.9987305,-120.323146,0.1,0.0,,,,1.0986122886681098,9.0,790.0,0.01139240506329114,-2.0,-1.1,-2.0,3.0,1,0,0,0,55
Tuolumne,Winter,2001,1,0,37.879539,-120.423181,0.4,0.0,0.0,,0.0,0.6931471805599453,0.0,2.0,0.0,0.0,-0.08,-0.5,-2.0,1,0,0,0,55
Tuolumne,Winter,2002,1,0,37.969761,-120.404719,0.1,0.0,0.0,0.0,0.0,0.6931471805599453,0.0,3.0,0.0,1.0,0.79,0.0,-0.5,1,0,0,0,55
Tuolumne,Winter,2003,1,0,38.1002,-120.404031,1.0,0.0,0.0,0.0,0.0,0.6931471805599453,0.0,4.0,0.0,0.0,0.08,1.0,0.0,1,0,0,0,55
Tuolumne,Winter,2004,3,0,37.98413333333333,-120.35043033333334,0.5666666666666667,0.0,0.0,0.0,0.0,1.3862943611198906,0.0,5.0,0.0,0.5,0.47,0.0,1.0,1,0,0,0,55
Tuolumne,Winter,2005,2,0,37.948985,-120.403267,0.3,0.0,0.0,0.0,0.0,1.0986122886681098,0.0,8.0,0.0,-0.5,-0.06,0.5,0.0,1,0,0,0,55
Tuolumne,Winter,2006,1,0,37.990106,-120.370053,1.5,0.0,0.0,0.0,0.0,0.6931471805599453,0.0,10.0,0.0,0.5,0.1,-0.5,0.5,1,0,0,0,55
Tuolumne,Winter,2007,23,0,37.95259548304348,-120.3373344347826,0.41304347826086957,0.0,0.0,0.0,0.0,3.1780538303479458,0.0,11.0,0.0,-2.0,-0.56,0.5,-0.5,1,0,0,0,55
Tuolumne,Winter,2010,2,0,38.510416649999996,-120.1909725,0.1,0.0,0.0,0.0,0.0,1.0986122886681098,0.0,34.0,0.0,-2.0,-1.05,1.0,-0.5,1,0,0,0,55
Tuolumne,Winter,2011,6,0,38.01151216666667,-120.25578683333333,0.09000000000000001,0.0,0.0,0.0,0.0,1.9459101490553132,0.0,36.0,0.0,-1.0,-0.43,-2.0,1.0,1,0,0,0,55
Tuolumne,Winter,2012,12,0,37.968319370833335,-120.25793596333334,1.5558333333333334,0.0,0.0,0.0,0.0,2.5649493574615367,0.0,42.0,0.0,0.0,0.3,-1.0,-2.0,1,0,0,0,55
Tuolumne,Winter,2013,7,0,37.94001101571428,-120.29869131714285,1.8214285714285714,0.0,0.0,0.0,0.0,2.0794415416798357,0.0,54.0,0.0,0.0,-0.35,0.0,-1.0,1,0,0,0,55
Tuolumne,Winter,2014,15,0,37.96229401466667,-120.30243307399999,0.7873333333333333,0.0,0.0,0.0,0.0,2.772588722239781,0.0,61.0,0.0,0.5,0.1,0.0,0.0,1,0,0,0,55
Tuolumne,Winter,2015,2,0,38.056105,-120.3097985,1.0,0.0,0.0,0.0,0.0,1.0986122886681098,0.0,76.0,0.0,3.0,1.57,0.5,0.0,1,0,0,0,55
Ventura,Fall,2003,1,1,34.384722,-118.6675,108204.0,1.0,,,,0.6931471805599453,0.0,78.0,0.0,0.0,0.08,1.0,0.0,0,0,0,1,56
Ventura,Fall,2005,1,1,34.307778,-119.279444,3891.0,1.0,1.0,,1.0,0.6931471805599453,1.0,1.0,1.0,-0.5,-0.06,0.5,0.0,0,0,0,1,56
Ventura,Fall,2007,1,0,34.76638889,-119.42111111,12.0,0.0,1.0,1.0,1.0,0.6931471805599453,2.0,2.0,1.0,-2.0,-0.56,0.5,-0.5,0,0,0,1,56
Ventura,Fall,2008,3,0,34.68324074,-119.14555555666668,0.6033333333333334,0.0,0.0,1.0,0.6666666666666666,1.3862943611198906,2.0,3.0,0.6666666666666666,-0.5,-0.37,-2.0,0.5,0,0,0,1,56
Ventura,Fall,2009,2,0,34.66125,-119.14763888499999,7.805,0.0,0.0,0.0,0.3333333333333333,1.0986122886681098,2.0,6.0,0.3333333333333333,1.0,0.45,-0.5,-2.0,0,0,0,1,56
Ventura,Fall,2010,1,0,34.5002778,-119.344167,0.1,0.0,0.0,0.0,0.0,0.6931471805599453,2.0,8.0,0.25,-2.0,-1.05,1.0,-0.5,0,0,0,1,56
Ventura,Fall,2011,1,0,34.37321,-119.059696,0.02,0.0,0.0,0.0,0.0,0.6931471805599453,2.0,9.0,0.2222222222222222,-1.0,-0.43,-2.0,1.0,0,0,0,1,56
Ventura,Fall,2014,1,0,34.58055556,-119.2625,1.0,0.0,0.0,0.0,0.0,0.6931471805599453,2.0,10.0,0.2,0.5,0.1,0.0,0.0,0,0,0,1,56
Ventura,Fall,2015,3,0,34.486975816666664,-119.26781622333333,0.4000000000000001,0.0,0.0,0.0,0.0,1.3862943611198906,2.0,11.0,0.18181818181818182,3.0,1.57,0.5,0.0,0,0,0,1,56
Ventura,Spring,2006,2,0,34.595416665,-119.30555556,0.13,0.0,,,,1.0986122886681098,2.0,14.0,0.14285714285714285,0.5,0.1,-0.5,0.5,0,1,0,0,56
Ventura,Spring,2007,4,0,34.5306249975,-119.31944444749999,1.85,0.0,0.0,,0.0,1.6094379124341003,0.0,2.0,0.0,-2.0,-0.56,0.5,-0.5,0,1,0,0,56
Ventura,Spring,2008,2,0,34.696388889999994,-119.190972225,0.1,0.0,0.0,0.0,0.0,1.0986122886681098,0.0,6.0,0.0,-0.5,-0.37,-2.0,0.5,0,1,0,0,56
Ventura,Spring,2009,3,0,34.64851851666666,-119.08324074000001,14.200000000000001,0.0,0.0,0.0,0.0,1.3862943611198906,0.0,8.0,0.0,1.0,0.45,-0.5,-2.0,0,1,0,0,56
Ventura,Spring,2010,1,0,34.8036111,-119.070556,0.4,0.0,0.0,0.0,0.0,0.6931471805599453,0.0,11.0,0.0,-2.0,-1.05,1.0,-0.5,0,1,0,0,56
Ventura,Spring,2011,1,0,34.437458,-119.145876,0.01,0.0,0.0,0.0,0.0,0.6931471805599453,0.0,12.0,0.0,-1.0,-0.43,-2.0,1.0,0,1,0,0,56
Ventura,Spring,2012,2,0,34.61,-119.33138889,24.005,0.0,0.0,0.0,0.0,1.0986122886681098,0.0,13.0,0.0,0.0,0.3,-1.0,-2.0,0,1,0,0,56
Ventura,Spring,2013,8,1,34.39447069375,-118.945804555,117.01,0.125,0.0,0.0,0.0,2.1972245773362196,0.0,15.0,0.0,0.0,-0.35,0.0,-1.0,0,1,0,0,56
Ventura,Spring,2014,5,0,34.46231882,-119.25159166799999,1.01,0.0,1.0,0.0,0.3333333333333333,1.791759469228055,1.0,23.0,0.043478260869565216,0.5,0.1,0.0,0.0,0,1,0,0,56
Ventura,Spring,2015,1,0,34.411899,-118.934109,0.8,0.0,0.0,1.0,0.3333333333333333,0.6931471805599453,1.0,28.0,0.03571428571428571,3.0,1.57,0.5,0.0,0,1,0,0,56
Ventura,Summer,2005,1,0,34.333333,-119.284167,20.5,0.0,,,,0.6931471805599453,1.0,29.0,0.034482758620689655,-0.5,-0.06,0.5,0.0,0,0,1,0,56
Ventura,Summer,2006,17,1,34.74774509647059,-119.19331699529413,9573.629411764707,0.058823529411764705,0.0,,0.0,2.8903717578961645,0.0,1.0,0.0,0.5,0.1,-0.5,0.5,0,0,1,0,56
Ventura,Summer,2007,1,0,34.4,-119.37055556,0.1,0.0,1.0,0.0,0.5,0.6931471805599453,1.0,18.0,0.05555555555555555,-2.0,-0.56,0.5,-0.5,0,0,1,0,56
Ventura,Summer,2008,4,0,34.4719444425,-119.29784722,0.6125,0.0,0.0,1.0,0.3333333333333333,1.6094379124341003,1.0,19.0,0.05263157894736842,-0.5,-0.37,-2.0,0.5,0,0,1,0,56
Ventura,Summer,2009,5,1,34.590722219999996,-119.21661111,104.54,0.2,0.0,0.0,0.3333333333333333,1.791759469228055,1.0,23.0,0.043478260869565216,1.0,0.45,-0.5,-2.0,0,0,1,0,56
Ventura,Summer,2010,3,0,34.5124073,-119.232685,22.766666666666666,0.0,1.0,0.0,0.3333333333333333,1.3862943611198906,2.0,28.0,0.07142857142857142,-2.0,-1.05,1.0,-0.5,0,0,1,0,56
Ventura,Summer,2011,3,0,34.303548,-118.96332133333334,12.666666666666666,0.0,0.0,1.0,0.3333333333333333,1.3862943611198906,2.0,31.0,0.06451612903225806,-1.0,-0.43,-2.0,1.0,0,0,1,0,56
Ventura,Summer,2012,16,1,34.645173611875,-119.047951388125,50.3175,0.0625,0.0,0.0,0.3333333333333333,2.833213344056216,2.0,34.0,0.058823529411764705,0.0,0.3,-1.0,-2.0,0,0,1,0,56
Ventura,Summer,2013,3,0,34.58424744333333,-119.18477889,9.086666666666668,0.0,1.0,0.0,0.3333333333333333,1.3862943611198906,3.0,50.0,0.06,0.0,-0.35,0.0,-1.0,0,0,1,0,56
Ventura,Summer,2014,4,0,34.705833165,-119.1140276925,0.2025,0.0,0.0,1.0,0.3333333333333333,1.6094379124341003,3.0,53.0,0.05660377358490566,0.5,0.1,0.0,0.0,0,0,1,0,56
Ventura,Summer,2015,17,0,34.64700980294118,-119.12277777764706,18.925294117647056,0.0,0.0,0.0,0.3333333333333333,2.8903717578961645,3.0,57.0,0.05263157894736842,3.0,1.57,0.5,0.0,0,0,1,0,56
Ventura,Winter,2009,1,0,34.88444444,-119.44333333,0.01,0.0,,,,0.6931471805599453,3.0,74.0,0.04054054054054054,1.0,0.45,-0.5,-2.0,1,0,0,0,56
Ventura,Winter,2010,1,0,34.5655556,-119.263333,0.25,0.0,0.0,,0.0,0.6931471805599453,0.0,1.0,0.0,-2.0,-1.05,1.0,-0.5,1,0,0,0,56
Ventura,Winter,2012,3,0,34.61235359333333,-118.99368722000001,0.9500000000000001,0.0,0.0,0.0,0.0,1.3862943611198906,0.0,2.0,0.0,0.0,0.3,-1.0,-2.0,1,0,0,0,56
Ventura,Winter,2013,4,0,34.5872280575,-119.0384875,0.0775,0.0,0.0,0.0,0.0,1.6094379124341003,0.0,5.0,0.0,0.0,-0.35,0.0,-1.0,1,0,0,0,56
Ventura,Winter,2014,4,0,34.5830264175,-119.21582786,0.115,0.0,0.0,0.0,0.0,1.6094379124341003,0.0,9.0,0.0,0.5,0.1,0.0,0.0,1,0,0,0,56
Ventura,Winter,2015,2,1,34.240416350000004,-119.2597219,644.25,0.5,0.0,0.0,0.0,1.0986122886681098,0.0,13.0,0.0,3.0,1.57,0.5,0.0,1,0,0,0,56
Yolo,Fall,1998,1,0,38.916331,-122.27445,0.1,0.0,,,,0.6931471805599453,1.0,15.0,0.06666666666666667,-2.0,-0.78,3.0,0.0,0,0,0,1,57
Yolo,Fall,1999,2,1,38.9020255,-122.28186450000001,1750.15,0.5,0.0,,0.0,1.0986122886681098,0.0,1.0,0.0,-2.0,-1.1,-2.0,3.0,0,0,0,1,57
Yolo,Fall,2001,2,0,38.721675000000005,-122.21699000000001,0.35,0.0,1.0,0.0,0.5,1.0986122886681098,1.0,3.0,0.3333333333333333,0.0,-0.08,-0.5,-2.0,0,0,0,1,57
Yolo,Fall,2002,1,1,38.9049,-122.2544,693.0,1.0,0.0,1.0,0.3333333333333333,0.6931471805599453,1.0,5.0,0.2,1.0,0.79,0.0,-0.5,0,0,0,1,57
Yolo,Fall,2003,1,0,38.901031,-122.2731,0.1,0.0,1.0,0.0,0.6666666666666666,0.6931471805599453,2.0,6.0,0.3333333333333333,0.0,0.08,1.0,0.0,0,0,0,1,57
Yolo,Fall,2005,7,0,38.90135085714286,-122.25975014285714,54.0,0.0,0.0,1.0,0.3333333333333333,2.0794415416798357,2.0,7.0,0.2857142857142857,-0.5,-0.06,0.5,0.0,0,0,0,1,57
Yolo,Fall,2009,1,1,38.846944,-122.01,1235.0,1.0,0.0,0.0,0.3333333333333333,0.6931471805599453,2.0,14.0,0.14285714285714285,1.0,0.45,-0.5,-2.0,0,0,0,1,57
Yolo,Fall,2011,8,0,38.7409165,-121.961342,0.20625,0.0,1.0,0.0,0.3333333333333333,2.1972245773362196,3.0,15.0,0.2,-1.0,-0.43,-2.0,1.0,0,0,0,1,57
Yolo,Fall,2012,1,0,38.826513,-122.190405,0.1,0.0,0.0,1.0,0.3333333333333333,0.6931471805599453,3.0,23.0,0.13043478260869565,0.0,0.3,-1.0,-2.0,0,0,0,1,57
Yolo,Fall,2013,7,0,38.72045328571429,-122.05667371428571,23.8,0.0,0.0,0.0,0.3333333333333333,2.0794415416798357,3.0,24.0,0.125,0.0,-0.35,0.0,-1.0,0,0,0,1,57
Yolo,Fall,2014,1,0,38.753967,-122.153271,0.05,0.0,0.0,0.0,0.0,0.6931471805599453,3.0,31.0,0.0967741935483871,0.5,0.1,0.0,0.0,0,0,0,1,57
Yolo,Fall,2015,3,0,38.634173000000004,-122.100775,2.5033333333333334,0.0,0.0,0.0,0.0,1.3862943611198906,3.0,32.0,0.09375,3.0,1.57,0.5,0.0,0,0,0,1,57
Yolo,Spring,2001,1,0,38.889339,-122.235719,0.1,0.0,,,,0.6931471805599453,3.0,35.0,0.08571428571428572,0.0,-0.08,-0.5,-2.0,0,1,0,0,57
Yolo,Spring,2002,1,0,38.916331,-122.27445,0.1,0.0,0.0,,0.0,0.6931471805599453,0.0,1.0,0.0,1.0,0.79,0.0,-0.5,0,1,0,0,57
Yolo,Spring,2007,1,0,38.883089,-122.235472,0.5,0.0,0.0,0.0,0.0,0.6931471805599453,0.0,2.0,0.0,-2.0,-0.56,0.5,-0.5,0,1,0,0,57
Yolo,Spring,2011,33,0,38.64840221212121,-121.7758016969697,1.396969696969697,0.0,0.0,0.0,0.0,3.5263605246161616,0.0,3.0,0.0,-1.0,-0.43,-2.0,1.0,0,1,0,0,57
Yolo,Spring,2012,16,0,38.69859325,-121.8358581875,16.62875,0.0,0.0,0.0,0.0,2.833213344056216,0.0,36.0,0.0,0.0,0.3,-1.0,-2.0,0,1,0,0,57
Yolo,Spring,2013,12,0,38.697884,-121.89041341666666,0.7116666666666668,0.0,0.0,0.0,0.0,2.5649493574615367,0.0,52.0,0.0,0.0,-0.35,0.0,-1.0,0,1,0,0,57
Yolo,Spring,2014,5,0,38.7935898,-122.0581412,0.654,0.0,0.0,0.0,0.0,1.791759469228055,0.0,64.0,0.0,0.5,0.1,0.0,0.0,0,1,0,0,57
Yolo,Spring,2015,7,0,38.724729714285715,-121.95629457142857,0.95,0.0,0.0,0.0,0.0,2.0794415416798357,0.0,69.0,0.0,3.0,1.57,0.5,0.0,0,1,0,0,57
Yolo,Summer,1998,2,0,38.895185,-122.25440950000001,2.0,0.0,,,,1.0986122886681098,0.0,76.0,0.0,-2.0,-0.78,3.0,0.0,0,0,1,0,57
Yolo,Summer,1999,7,0,38.90042314285714,-122.27033128571429,28.0,0.0,0.0,,0.0,2.0794415416798357,0.0,2.0,0.0,-2.0,-1.1,-2.0,3.0,0,0,1,0,57
Yolo,Summer,2000,2,0,38.6563845,-122.125171,102.0,0.0,0.0,0.0,0.0,1.0986122886681098,0.0,9.0,0.0,-0.5,-0.55,-2.0,-2.0,0,0,1,0,57
Yolo,Summer,2001,1,0,38.4966,-122.032681,0.1,0.0,0.0,0.0,0.0,0.6931471805599453,0.0,11.0,0.0,0.0,-0.08,-0.5,-2.0,0,0,1,0,57
Yolo,Summer,2003,10,0,38.8778683,-122.2779789,29.559999999999995,0.0,0.0,0.0,0.0,2.3978952727983707,0.0,12.0,0.0,0.0,0.08,1.0,0.0,0,0,1,0,57
Yolo,Summer,2004,1,0,38.901711,-122.25455,0.1,0.0,0.0,0.0,0.0,0.6931471805599453,0.0,22.0,0.0,0.5,0.47,0.0,1.0,0,0,1,0,57
Yolo,Summer,2005,4,0,38.705816750000004,-122.1875225,66.05,0.0,0.0,0.0,0.0,1.6094379124341003,0.0,23.0,0.0,-0.5,-0.06,0.5,0.0,0,0,1,0,57
Yolo,Summer,2006,4,0,38.895740249999996,-122.24845375,24.65,0.0,0.0,0.0,0.0,1.6094379124341003,0.0,27.0,0.0,0.5,0.1,-0.5,0.5,0,0,1,0,57
Yolo,Summer,2007,4,2,38.6974605,-122.1549535,192.775,0.5,0.0,0.0,0.0,1.6094379124341003,0.0,31.0,0.0,-2.0,-0.56,0.5,-0.5,0,0,1,0,57
Yolo,Summer,2009,1,1,38.9167,-122.3161,716.0,1.0,2.0,0.0,0.6666666666666666,0.6931471805599453,2.0,35.0,0.05714285714285714,1.0,0.45,-0.5,-2.0,0,0,1,0,57
Yolo,Summer,2011,40,0,38.6699771,-121.79268507500001,4.579,0.0,1.0,2.0,1.0,3.713572066704308,3.0,36.0,0.08333333333333333,-1.0,-0.43,-2.0,1.0,0,0,1,0,57
Yolo,Summer,2012,6,1,38.81029083333333,-122.16659816666667,129.21666666666667,0.16666666666666666,0.0,1.0,1.0,1.9459101490553132,3.0,76.0,0.039473684210526314,0.0,0.3,-1.0,-2.0,0,0,1,0,57
Yolo,Summer,2013,9,0,38.72469922222222,-122.10917911111112,1.5677777777777777,0.0,1.0,0.0,0.6666666666666666,2.302585092994046,4.0,82.0,0.04878048780487805,0.0,-0.35,0.0,-1.0,0,0,1,0,57
Yolo,Summer,2014,9,1,38.72998611111111,-122.06408522222222,41.62555555555556,0.1111111111111111,0.0,1.0,0.3333333333333333,2.302585092994046,4.0,91.0,0.04395604395604396,0.5,0.1,0.0,0.0,0,0,1,0,57
Yolo,Summer,2015,9,0,38.692218999999994,-122.07671888888889,11.30111111111111,0.0,1.0,0.0,0.6666666666666666,2.302585092994046,5.0,100.0,0.05,3.0,1.57,0.5,0.0,0,0,1,0,57
Yolo,Winter,2004,1,0,38.4966,-122.032681,0.1,0.0,,,,0.6931471805599453,5.0,109.0,0.045871559633027525,0.5,0.47,0.0,1.0,1,0,0,0,57
Yolo,Winter,2011,3,0,38.65062233333334,-121.84827200000001,1.0333333333333334,0.0,0.0,,0.0,1.3862943611198906,0.0,1.0,0.0,-1.0,-0.43,-2.0,1.0,1,0,0,0,57
Yolo,Winter,2012,7,0,38.690011285714284,-121.8150107142857,0.7485714285714286,0.0,0.0,0.0,0.0,2.0794415416798357,0.0,4.0,0.0,0.0,0.3,-1.0,-2.0,1,0,0,0,57
Yolo,Winter,2013,3,0,38.555035333333336,-121.75461733333334,0.07,0.0,0.0,0.0,0.0,1.3862943611198906,0.0,11.0,0.0,0.0,-0.35,0.0,-1.0,1,0,0,0,57
Yolo,Winter,2014,3,0,38.651574333333336,-121.84812266666665,0.7033333333333333,0.0,0.0,0.0,0.0,1.3862943611198906,0.0,14.0,0.0,0.5,0.1,0.0,0.0,1,0,0,0,57
Yuba,Fall,1998,3,0,39.234177,-121.380046,14.5,0.0,,,,1.3862943611198906,0.0,17.0,0.0,-2.0,-0.78,3.0,0.0,0,0,0,1,58
Yuba,Fall,1999,4,0,39.3731241675,-121.3040380825,37.8,0.0,0.0,,0.0,1.6094379124341003,0.0,3.0,0.0,-2.0,-1.1,-2.0,3.0,0,0,0,1,58
Yuba,Fall,2000,1,0,39.229619,-121.36155,1.0,0.0,0.0,0.0,0.0,0.6931471805599453,0.0,7.0,0.0,-0.5,-0.55,-2.0,-2.0,0,0,0,1,58
Yuba,Fall,2002,5,0,39.255769199999996,-121.32461,19.2,0.0,0.0,0.0,0.0,1.791759469228055,0.0,8.0,0.0,1.0,0.79,0.0,-0.5,0,0,0,1,58
Yuba,Fall,2003,1,0,39.417969,-121.212519,1.0,0.0,0.0,0.0,0.0,0.6931471805599453,0.0,13.0,0.0,0.0,0.08,1.0,0.0,0,0,0,1,58
Yuba,Fall,2004,1,0,39.2292,-121.380111,1.4,0.0,0.0,0.0,0.0,0.6931471805599453,0.0,14.0,0.0,0.5,0.47,0.0,1.0,0,0,0,1,58
Yuba,Fall,2005,4,0,39.4839902775,-121.193766,0.6125,0.0,0.0,0.0,0.0,1.6094379124341003,0.0,15.0,0.0,-0.5,-0.06,0.5,0.0,0,0,0,1,58
Yuba,Fall,2006,3,0,39.502974073333334,-121.15592963,1.5033333333333332,0.0,0.0,0.0,0.0,1.3862943611198906,0.0,19.0,0.0,0.5,0.1,-0.5,0.5,0,0,0,1,58
Yuba,Fall,2007,5,0,39.39658011,-121.229952866,0.49000000000000005,0.0,0.0,0.0,0.0,1.791759469228055,0.0,22.0,0.0,-2.0,-0.56,0.5,-0.5,0,0,0,1,58
Yuba,Fall,2008,3,0,39.46314814666667,-121.10018518333334,0.8666666666666667,0.0,0.0,0.0,0.0,1.3862943611198906,0.0,27.0,0.0,-0.5,-0.37,-2.0,0.5,0,0,0,1,58
Yuba,Fall,2009,1,0,39.43916667,-121.07333333,0.1,0.0,0.0,0.0,0.0,0.6931471805599453,0.0,30.0,0.0,1.0,0.45,-0.5,-2.0,0,0,0,1,58
Yuba,Fall,2010,1,0,39.5113889,-121.204167,0.1,0.0,0.0,0.0,0.0,0.6931471805599453,0.0,31.0,0.0,-2.0,-1.05,1.0,-0.5,0,0,0,1,58
Yuba,Fall,2011,8,0,39.276368375,-121.42110025,4.06375,0.0,0.0,0.0,0.0,2.1972245773362196,0.0,32.0,0.0,-1.0,-0.43,-2.0,1.0,0,0,0,1,58
Yuba,Fall,2012,8,0,39.26093938875,-121.41751773625,0.775,0.0,0.0,0.0,0.0,2.1972245773362196,0.0,40.0,0.0,0.0,0.3,-1.0,-2.0,0,0,0,1,58
Yuba,Fall,2013,16,0,39.32710516625,-121.263304819375,0.481875,0.0,0.0,0.0,0.0,2.833213344056216,0.0,48.0,0.0,0.0,-0.35,0.0,-1.0,0,0,0,1,58
Yuba,Fall,2014,5,0,39.317312112,-121.37641108799998,1.22,0.0,0.0,0.0,0.0,1.791759469228055,0.0,64.0,0.0,0.5,0.1,0.0,0.0,0,0,0,1,58
Yuba,Fall,2015,13,0,39.347024495384616,-121.30845859769231,0.9338461538461539,0.0,0.0,0.0,0.0,2.6390573296152584,0.0,69.0,0.0,3.0,1.57,0.5,0.0,0,0,0,1,58
Yuba,Spring,1999,2,0,39.3306945,-121.33349050000001,0.1,0.0,,,,1.0986122886681098,0.0,82.0,0.0,-2.0,-1.1,-2.0,3.0,0,1,0,0,58
Yuba,Spring,2000,2,0,39.214519499999994,-121.417611,2.25,0.0,0.0,,0.0,1.0986122886681098,0.0,2.0,0.0,-0.5,-0.55,-2.0,-2.0,0,1,0,0,58
Yuba,Spring,2001,4,0,39.37816425,-121.2964275,0.55,0.0,0.0,0.0,0.0,1.6094379124341003,0.0,4.0,0.0,0.0,-0.08,-0.5,-2.0,0,1,0,0,58
Yuba,Spring,2002,3,0,39.374986,-121.250647,67.03333333333333,0.0,0.0,0.0,0.0,1.3862943611198906,0.0,8.0,0.0,1.0,0.79,0.0,-0.5,0,1,0,0,58
Yuba,Spring,2003,3,0,39.21384366666667,-121.40092700000001,1.6666666666666667,0.0,0.0,0.0,0.0,1.3862943611198906,0.0,11.0,0.0,0.0,0.08,1.0,0.0,0,1,0,0,58
Yuba,Spring,2004,3,0,39.29727066666667,-121.32420266666666,1.8333333333333333,0.0,0.0,0.0,0.0,1.3862943611198906,0.0,14.0,0.0,0.5,0.47,0.0,1.0,0,1,0,0,58
Yuba,Spring,2006,2,0,39.44250711,-121.128863945,0.55,0.0,0.0,0.0,0.0,1.0986122886681098,0.0,17.0,0.0,0.5,0.1,-0.5,0.5,0,1,0,0,58
Yuba,Spring,2007,5,0,39.489177846000004,-121.18446326600001,0.34199999999999997,0.0,0.0,0.0,0.0,1.791759469228055,0.0,19.0,0.0,-2.0,-0.56,0.5,-0.5,0,1,0,0,58
Yuba,Spring,2009,6,0,39.501666664999995,-121.09527777833334,4.506666666666667,0.0,0.0,0.0,0.0,1.9459101490553132,0.0,24.0,0.0,1.0,0.45,-0.5,-2.0,0,1,0,0,58
Yuba,Spring,2010,1,0,39.3897222,-121.105,0.1,0.0,0.0,0.0,0.0,0.6931471805599453,0.0,30.0,0.0,-2.0,-1.05,1.0,-0.5,0,1,0,0,58
Yuba,Spring,2011,15,0,39.2404266,-121.42403286666666,1.6700000000000002,0.0,0.0,0.0,0.0,2.772588722239781,0.0,31.0,0.0,-1.0,-0.43,-2.0,1.0,0,1,0,0,58
Yuba,Spring,2012,29,0,39.245753517241376,-121.46969841379311,5.710344827586207,0.0,0.0,0.0,0.0,3.4011973816621555,0.0,46.0,0.0,0.0,0.3,-1.0,-2.0,0,1,0,0,58
Yuba,Spring,2013,30,1,39.25707192966667,-121.42855168166668,14.510666666666667,0.03333333333333333,0.0,0.0,0.0,3.4339872044851463,0.0,75.0,0.0,0.0,-0.35,0.0,-1.0,0,1,0,0,58
Yuba,Spring,2014,17,0,39.30751381058823,-121.39019698058824,1.1517647058823528,0.0,1.0,0.0,0.3333333333333333,2.8903717578961645,1.0,105.0,0.009523809523809525,0.5,0.1,0.0,0.0,0,1,0,0,58
Yuba,Spring,2015,25,0,39.2616046936,-121.3960833292,0.4416,0.0,0.0,1.0,0.3333333333333333,3.258096538021482,1.0,122.0,0.00819672131147541,3.0,1.57,0.5,0.0,0,1,0,0,58
Yuba,Summer,1998,4,0,39.338647,-121.26401725,0.25,0.0,,,,1.6094379124341003,1.0,147.0,0.006802721088435374,-2.0,-0.78,3.0,0.0,0,0,1,0,58
Yuba,Summer,1999,4,0,39.2442125,-121.32016525,0.325,0.0,0.0,,0.0,1.6094379124341003,0.0,4.0,0.0,-2.0,-1.1,-2.0,3.0,0,0,1,0,58
Yuba,Summer,2000,3,0,39.219673,-121.39277666666668,1.3666666666666665,0.0,0.0,0.0,0.0,1.3862943611198906,0.0,8.0,0.0,-0.5,-0.55,-2.0,-2.0,0,0,1,0,58
Yuba,Summer,2001,8,0,39.3274,-121.31500375,1.375,0.0,0.0,0.0,0.0,2.1972245773362196,0.0,11.0,0.0,0.0,-0.08,-0.5,-2.0,0,0,1,0,58
Yuba,Summer,2002,6,0,39.333526666666664,-121.31524533333334,17.25,0.0,0.0,0.0,0.0,1.9459101490553132,0.0,19.0,0.0,1.0,0.79,0.0,-0.5,0,0,1,0,58
Yuba,Summer,2003,10,0,39.2899345,-121.31753760000001,1.7399999999999998,0.0,0.0,0.0,0.0,2.3978952727983707,0.0,25.0,0.0,0.0,0.08,1.0,0.0,0,0,1,0,58
Yuba,Summer,2004,5,0,39.371537599999996,-121.2222054,0.27999999999999997,0.0,0.0,0.0,0.0,1.791759469228055,0.0,35.0,0.0,0.5,0.47,0.0,1.0,0,0,1,0,58
Yuba,Summer,2005,7,0,39.434157587142856,-121.17465084142857,0.5428571428571428,0.0,0.0,0.0,0.0,2.0794415416798357,0.0,40.0,0.0,-0.5,-0.06,0.5,0.0,0,0,1,0,58
Yuba,Summer,2006,15,0,39.283859288,-121.31065506666667,1.4633333333333334,0.0,0.0,0.0,0.0,2.772588722239781,0.0,47.0,0.0,0.5,0.1,-0.5,0.5,0,0,1,0,58
Yuba,Summer,2007,9,0,39.40079364111111,-121.26680583888889,1.9166666666666667,0.0,0.0,0.0,0.0,2.302585092994046,0.0,62.0,0.0,-2.0,-0.56,0.5,-0.5,0,0,1,0,58
Yuba,Summer,2008,7,1,39.38884920714286,-121.19769844428572,68.75,0.14285714285714285,0.0,0.0,0.0,2.0794415416798357,0.0,71.0,0.0,-0.5,-0.37,-2.0,0.5,0,0,1,0,58
Yuba,Summer,2010,3,1,39.394537,-121.103333,435.73333333333335,0.3333333333333333,1.0,0.0,0.3333333333333333,1.3862943611198906,1.0,78.0,0.01282051282051282,-2.0,-1.05,1.0,-0.5,0,0,1,0,58
Yuba,Summer,2011,45,1,39.25272495555556,-121.39531288888888,17.916666666666668,0.022222222222222223,1.0,1.0,0.6666666666666666,3.828641396489095,2.0,81.0,0.024691358024691357,-1.0,-0.43,-2.0,1.0,0,0,1,0,58
Yuba,Summer,2012,46,0,39.23525074391305,-121.45372497086956,7.452826086956521,0.0,1.0,1.0,1.0,3.8501476017100584,3.0,126.0,0.023809523809523808,0.0,0.3,-1.0,-2.0,0,0,1,0,58
Yuba,Summer,2013,44,0,39.209592952045455,-121.47852960590909,9.822727272727272,0.0,0.0,1.0,0.6666666666666666,3.8066624897703196,3.0,172.0,0.01744186046511628,0.0,-0.35,0.0,-1.0,0,0,1,0,58
Yuba,Summer,2014,33,0,39.29900211454546,-121.36573225909092,1.866969696969697,0.0,0.0,0.0,0.3333333333333333,3.5263605246161616,3.0,216.0,0.013888888888888888,0.5,0.1,0.0,0.0,0,0,1,0,58
Yuba,Summer,2015,19,0,39.29355342684211,-121.37846689473683,0.5331578947368422,0.0,0.0,0.0,0.0,2.995732273553991,3.0,249.0,0.012048192771084338,3.0,1.57,0.5,0.0,0,0,1,0,58
Yuba,Winter,1999,1,0,39.446789,-121.2869,0.5,0.0,,,,0.6931471805599453,3.0,268.0,0.011194029850746268,-2.0,-1.1,-2.0,3.0,1,0,0,0,58
Yuba,Winter,2001,1,0,39.2291,-121.417419,0.1,0.0,0.0,,0.0,0.6931471805599453,0.0,1.0,0.0,0.0,-0.08,-0.5,-2.0,1,0,0,0,58
Yuba,Winter,2002,1,0,39.447011,-121.324019,0.1,0.0,0.0,0.0,0.0,0.6931471805599453,0.0,2.0,0.0,1.0,0.79,0.0,-0.5,1,0,0,0,58
Yuba,Winter,2004,1,0,39.403611,-121.212761,5.0,0.0,0.0,0.0,0.0,0.6931471805599453,0.0,3.0,0.0,0.5,0.47,0.0,1.0,1,0,0,0,58
Yuba,Winter,2006,2,0,39.358850110000006,-121.21122094500001,0.3,0.0,0.0,0.0,0.0,1.0986122886681098,0.0,4.0,0.0,0.5,0.1,-0.5,0.5,1,0,0,0,58
Yuba,Winter,2009,1,0,39.36916667,-121.08416667,0.1,0.0,0.0,0.0,0.0,0.6931471805599453,0.0,6.0,0.0,1.0,0.45,-0.5,-2.0,1,0,0,0,58
Yuba,Winter,2011,3,0,39.391008,-121.34635800000001,1.0333333333333334,0.0,0.0,0.0,0.0,1.3862943611198906,0.0,7.0,0.0,-1.0,-0.43,-2.0,1.0,1,0,0,0,58
Yuba,Winter,2012,13,0,39.302149316153844,-121.38972153846154,0.8315384615384616,0.0,0.0,0.0,0.0,2.6390573296152584,0.0,10.0,0.0,0.0,0.3,-1.0,-2.0,1,0,0,0,58
Yuba,Winter,2013,10,0,39.319557778000004,-121.34652000000001,0.7,0.0,0.0,0.0,0.0,2.3978952727983707,0.0,23.0,0.0,0.0,-0.35,0.0,-1.0,1,0,0,0,58
Yuba,Winter,2014,9,0,39.26353888888889,-121.40719255555557,3.611111111111111,0.0,0.0,0.0,0.0,2.302585092994046,0.0,33.0,0.0,0.5,0.1,0.0,0.0,1,0,0,0,58
Yuba,Winter,2015,2,0,39.418833164999995,-121.10806389000001,0.55,0.0,0.0,0.0,0.0,1.0986122886681098,0.0,42.0,0.0,3.0,1.57,0.5,0.0,1,0,0,0,58
